REGION,SETTLEMENTDATE,TOTALDEMAND,RRP,PERIODTYPE
NSW1,2026-08-01 00:05:00,8898.91,89.88,TRADE
NSW1,2026-08-01 00:10:00,9032.33,95.05,TRADE
NSW1,2026-08-01 00:15:00,8989.12,88.88,TRADE
NSW1,2026-08-01 00:20:00,9036.72,88.88,TRADE
NSW1,2026-08-01 00:25:00,8946.67,84.79,TRADE
NSW1,2026-08-01 00:30:00,8995.51,88.48,TRADE
NSW1,2026-08-01 00:35:00,8955.41,88.56,TRADE
NSW1,2026-08-01 00:40:00,8894.21,88.88,TRADE
NSW1,2026-08-01 00:45:00,8825.49,81.17,TRADE
NSW1,2026-08-01 00:50:00,8821.45,81.74,TRADE
NSW1,2026-08-01 00:55:00,8700.11,79.98,TRADE
NSW1,2026-08-01 01:00:00,8677.44,79.33,TRADE
NSW1,2026-08-01 01:05:00,8539.87,73.08,TRADE
NSW1,2026-08-01 01:10:00,8506.36,73.93,TRADE
NSW1,2026-08-01 01:15:00,8499.3,78.78,TRADE
NSW1,2026-08-01 01:20:00,8457.29,80.7,TRADE
NSW1,2026-08-01 01:25:00,8404.18,78.07,TRADE
NSW1,2026-08-01 01:30:00,8355.44,73.32,TRADE
NSW1,2026-08-01 01:35:00,8310.52,78.2,TRADE
NSW1,2026-08-01 01:40:00,8274.69,79.53,TRADE
NSW1,2026-08-01 01:45:00,8214.6,80.65,TRADE
NSW1,2026-08-01 01:50:00,8235.27,81.38,TRADE
NSW1,2026-08-01 01:55:00,8149.09,80.66,TRADE
NSW1,2026-08-01 02:00:00,8051.45,69.99,TRADE
NSW1,2026-08-01 02:05:00,8020.47,78.88,TRADE
NSW1,2026-08-01 02:10:00,8078.24,88.88,TRADE
NSW1,2026-08-01 02:15:00,8023.28,80.99,TRADE
NSW1,2026-08-01 02:20:00,8027.22,81.73,TRADE
NSW1,2026-08-01 02:25:00,8004.17,83.34,TRADE
NSW1,2026-08-01 02:30:00,7998.59,84.79,TRADE
NSW1,2026-08-01 02:35:00,7938.94,83.34,TRADE
NSW1,2026-08-01 02:40:00,7945.07,80.43,TRADE
NSW1,2026-08-01 02:45:00,7920.74,74.17,TRADE
NSW1,2026-08-01 02:50:00,7808.95,83.34,TRADE
NSW1,2026-08-01 02:55:00,7855.29,78.54,TRADE
NSW1,2026-08-01 03:00:00,7766.16,64.95,TRADE
NSW1,2026-08-01 03:05:00,7784.2,74.78,TRADE
NSW1,2026-08-01 03:10:00,7732.75,69.99,TRADE
NSW1,2026-08-01 03:15:00,7763.24,79.2,TRADE
NSW1,2026-08-01 03:20:00,7737.55,78.56,TRADE
NSW1,2026-08-01 03:25:00,7773.58,83.34,TRADE
NSW1,2026-08-01 03:30:00,7747.69,77.88,TRADE
NSW1,2026-08-01 03:35:00,7663.04,65.04,TRADE
NSW1,2026-08-01 03:40:00,7633.8,76.13,TRADE
NSW1,2026-08-01 03:45:00,7714.42,74.18,TRADE
NSW1,2026-08-01 03:50:00,7693.99,74.22,TRADE
NSW1,2026-08-01 03:55:00,7712.71,77.94,TRADE
NSW1,2026-08-01 04:00:00,7642.53,64.52,TRADE
NSW1,2026-08-01 04:05:00,7687.95,77.32,TRADE
NSW1,2026-08-01 04:10:00,7736.44,78.62,TRADE
NSW1,2026-08-01 04:15:00,7740.18,79.34,TRADE
NSW1,2026-08-01 04:20:00,7761.51,79.33,TRADE
NSW1,2026-08-01 04:25:00,7667.8,77.19,TRADE
NSW1,2026-08-01 04:30:00,7744.61,79.31,TRADE
NSW1,2026-08-01 04:35:00,7716.82,74.29,TRADE
NSW1,2026-08-01 04:40:00,7711.06,79.45,TRADE
NSW1,2026-08-01 04:45:00,7653.34,79.31,TRADE
NSW1,2026-08-01 04:50:00,7706.78,84.79,TRADE
NSW1,2026-08-01 04:55:00,7721.62,83.99,TRADE
NSW1,2026-08-01 05:00:00,7742.16,84.79,TRADE
NSW1,2026-08-01 05:05:00,7769.09,80.06,TRADE
NSW1,2026-08-01 05:10:00,7773.89,84.79,TRADE
NSW1,2026-08-01 05:15:00,7851.7,93.3,TRADE
NSW1,2026-08-01 05:20:00,7880.25,88.88,TRADE
NSW1,2026-08-01 05:25:00,7874.49,84.79,TRADE
NSW1,2026-08-01 05:30:00,7782.42,81.55,TRADE
NSW1,2026-08-01 05:35:00,7917.96,81.98,TRADE
NSW1,2026-08-01 05:40:00,7985.51,84.79,TRADE
NSW1,2026-08-01 05:45:00,8004.22,83.37,TRADE
NSW1,2026-08-01 05:50:00,7991.13,87.21,TRADE
NSW1,2026-08-01 05:55:00,7907.97,84.79,TRADE
NSW1,2026-08-01 06:00:00,8051.05,97.64,TRADE
NSW1,2026-08-01 06:05:00,8095.71,83.99,TRADE
NSW1,2026-08-01 06:10:00,8180.41,84.79,TRADE
NSW1,2026-08-01 06:15:00,8276.37,89.96,TRADE
NSW1,2026-08-01 06:20:00,8312.95,89.21,TRADE
NSW1,2026-08-01 06:25:00,8402.22,97.64,TRADE
NSW1,2026-08-01 06:30:00,8559.25,97.64,TRADE
NSW1,2026-08-01 06:35:00,8601.59,86.0,TRADE
NSW1,2026-08-01 06:40:00,8658.13,84.95,TRADE
NSW1,2026-08-01 06:45:00,8733.39,81.28,TRADE
NSW1,2026-08-01 06:50:00,8793.38,90.49,TRADE
NSW1,2026-08-01 06:55:00,8836.37,90.49,TRADE
NSW1,2026-08-01 07:00:00,8871.66,90.49,TRADE
NSW1,2026-08-01 07:05:00,8985.17,87.79,TRADE
NSW1,2026-08-01 07:10:00,9036.96,88.87,TRADE
NSW1,2026-08-01 07:15:00,9092.25,90.17,TRADE
NSW1,2026-08-01 07:20:00,9244.01,90.48,TRADE
NSW1,2026-08-01 07:25:00,9253.06,90.49,TRADE
NSW1,2026-08-01 07:30:00,9317.38,28.01,TRADE
NSW1,2026-08-01 07:35:00,9422.53,67.99,TRADE
NSW1,2026-08-01 07:40:00,9356.11,42.54,TRADE
NSW1,2026-08-01 07:45:00,9422.14,57.39,TRADE
NSW1,2026-08-01 07:50:00,9383.13,52.25,TRADE
NSW1,2026-08-01 07:55:00,9300.13,47.38,TRADE
NSW1,2026-08-01 08:00:00,9285.34,44.44,TRADE
NSW1,2026-08-01 08:05:00,9366.55,69.99,TRADE
NSW1,2026-08-01 08:10:00,9352.66,64.95,TRADE
NSW1,2026-08-01 08:15:00,9329.8,42.08,TRADE
NSW1,2026-08-01 08:20:00,9391.9,44.44,TRADE
NSW1,2026-08-01 08:25:00,9372.92,44.44,TRADE
NSW1,2026-08-01 08:30:00,9322.57,42.54,TRADE
NSW1,2026-08-01 08:35:00,9275.7,53.82,TRADE
NSW1,2026-08-01 08:40:00,9127.79,74.46,TRADE
NSW1,2026-08-01 08:45:00,8984.34,88.88,TRADE
NSW1,2026-08-01 08:50:00,8971.96,98.19,TRADE
NSW1,2026-08-01 08:55:00,8897.1,83.99,TRADE
NSW1,2026-08-01 09:00:00,8899.73,84.79,TRADE
NSW1,2026-08-01 09:05:00,8887.4,106.52,TRADE
NSW1,2026-08-01 09:10:00,8902.87,99.75,TRADE
NSW1,2026-08-01 09:15:00,8812.17,83.99,TRADE
NSW1,2026-08-01 09:20:00,8779.11,83.99,TRADE
NSW1,2026-08-01 09:25:00,8720.81,84.79,TRADE
NSW1,2026-08-01 09:30:00,8631.39,83.99,TRADE
NSW1,2026-08-01 09:35:00,8524.28,88.88,TRADE
NSW1,2026-08-01 09:40:00,8514.26,84.79,TRADE
NSW1,2026-08-01 09:45:00,8548.26,73.2,TRADE
NSW1,2026-08-01 09:50:00,8503.73,28.23,TRADE
NSW1,2026-08-01 09:55:00,8508.34,65.0,TRADE
NSW1,2026-08-01 10:00:00,8312.4,65.0,TRADE
NSW1,2026-08-01 10:05:00,8226.54,65.0,TRADE
NSW1,2026-08-01 10:10:00,8388.23,65.0,TRADE
NSW1,2026-08-01 10:15:00,8354.62,68.02,TRADE
NSW1,2026-08-01 10:20:00,8222.55,65.0,TRADE
NSW1,2026-08-01 10:25:00,8144.51,65.0,TRADE
NSW1,2026-08-01 10:30:00,8129.26,50.88,TRADE
NSW1,2026-08-01 10:35:00,8242.65,69.99,TRADE
NSW1,2026-08-01 10:40:00,8070.73,65.0,TRADE
NSW1,2026-08-01 10:45:00,7965.26,61.02,TRADE
NSW1,2026-08-01 10:50:00,7876.02,42.54,TRADE
NSW1,2026-08-01 10:55:00,7971.5,65.0,TRADE
NSW1,2026-08-01 11:00:00,7745.85,111.02,TRADE
NSW1,2026-08-01 11:05:00,7645.16,111.02,TRADE
NSW1,2026-08-01 11:10:00,7826.47,114.05,TRADE
NSW1,2026-08-01 11:15:00,7899.43,101.1,TRADE
NSW1,2026-08-01 11:20:00,7836.37,110.64,TRADE
NSW1,2026-08-01 11:25:00,7817.86,73.2,TRADE
NSW1,2026-08-01 11:30:00,7803.28,80.0,TRADE
NSW1,2026-08-01 11:35:00,7822.2,93.03,TRADE
NSW1,2026-08-01 11:40:00,7723.42,88.88,TRADE
NSW1,2026-08-01 11:45:00,7705.1,88.88,TRADE
NSW1,2026-08-01 11:50:00,7692.69,84.79,TRADE
NSW1,2026-08-01 11:55:00,7695.78,80.0,TRADE
NSW1,2026-08-01 12:00:00,7698.07,80.0,TRADE
NSW1,2026-08-01 12:05:00,7598.89,73.2,TRADE
NSW1,2026-08-01 12:10:00,7720.87,27.88,TRADE
NSW1,2026-08-01 12:15:00,7817.67,7.38,TRADE
NSW1,2026-08-01 12:20:00,7746.98,27.88,TRADE
NSW1,2026-08-01 12:25:00,7676.9,13.2,TRADE
NSW1,2026-08-01 12:30:00,7806.51,68.02,TRADE
NSW1,2026-08-01 12:35:00,7579.28,27.87,TRADE
NSW1,2026-08-01 12:40:00,7613.15,47.16,TRADE
NSW1,2026-08-01 12:45:00,7608.53,64.89,TRADE
NSW1,2026-08-01 12:50:00,7504.94,68.02,TRADE
NSW1,2026-08-01 12:55:00,7531.91,52.21,TRADE
NSW1,2026-08-01 13:00:00,7617.85,73.08,TRADE
NSW1,2026-08-01 13:05:00,7587.79,73.07,TRADE
NSW1,2026-08-01 13:10:00,7564.29,26.02,TRADE
NSW1,2026-08-01 13:15:00,7688.68,64.89,TRADE
NSW1,2026-08-01 13:20:00,7536.43,111.02,TRADE
NSW1,2026-08-01 13:25:00,7368.09,92.89,TRADE
NSW1,2026-08-01 13:30:00,7430.31,100.09,TRADE
NSW1,2026-08-01 13:35:00,7375.41,83.99,TRADE
NSW1,2026-08-01 13:40:00,7426.55,84.79,TRADE
NSW1,2026-08-01 13:45:00,7486.37,83.99,TRADE
NSW1,2026-08-01 13:50:00,7513.42,84.79,TRADE
NSW1,2026-08-01 13:55:00,7472.16,80.0,TRADE
NSW1,2026-08-01 14:00:00,7512.51,84.79,TRADE
NSW1,2026-08-01 14:05:00,7390.55,77.02,TRADE
NSW1,2026-08-01 14:10:00,7376.25,80.0,TRADE
NSW1,2026-08-01 14:15:00,7364.06,73.2,TRADE
NSW1,2026-08-01 14:20:00,7383.59,73.2,TRADE
NSW1,2026-08-01 14:25:00,7344.83,73.2,TRADE
NSW1,2026-08-01 14:30:00,7393.64,50.87,TRADE
NSW1,2026-08-01 14:35:00,7482.38,43.73,TRADE
NSW1,2026-08-01 14:40:00,7560.79,47.59,TRADE
NSW1,2026-08-01 14:45:00,7583.76,52.34,TRADE
NSW1,2026-08-01 14:50:00,7570.38,61.02,TRADE
NSW1,2026-08-01 14:55:00,7522.06,61.02,TRADE
NSW1,2026-08-01 15:00:00,7574.6,58.71,TRADE
NSW1,2026-08-01 15:05:00,7590.16,54.19,TRADE
NSW1,2026-08-01 15:10:00,7735.88,50.88,TRADE
NSW1,2026-08-01 15:15:00,7774.46,72.32,TRADE
NSW1,2026-08-01 15:20:00,7721.74,70.89,TRADE
NSW1,2026-08-01 15:25:00,7856.44,57.39,TRADE
NSW1,2026-08-01 15:30:00,8023.49,46.74,TRADE
NSW1,2026-08-01 15:35:00,8020.74,45.39,TRADE
NSW1,2026-08-01 15:40:00,8196.61,80.93,TRADE
NSW1,2026-08-01 15:45:00,8194.36,81.85,TRADE
NSW1,2026-08-01 15:50:00,8186.78,77.67,TRADE
NSW1,2026-08-01 15:55:00,8293.67,73.2,TRADE
NSW1,2026-08-01 16:00:00,8412.07,84.79,TRADE
NSW1,2026-08-01 16:05:00,8453.52,80.0,TRADE
NSW1,2026-08-01 16:10:00,8483.01,73.2,TRADE
NSW1,2026-08-01 16:15:00,8611.82,73.2,TRADE
NSW1,2026-08-01 16:20:00,8710.13,83.76,TRADE
NSW1,2026-08-01 16:25:00,8845.43,92.2,TRADE
NSW1,2026-08-01 16:30:00,8901.22,94.9,TRADE
NSW1,2026-08-01 16:35:00,9013.97,84.28,TRADE
NSW1,2026-08-01 16:40:00,9219.39,90.49,TRADE
NSW1,2026-08-01 16:45:00,9272.58,83.99,TRADE
NSW1,2026-08-01 16:50:00,9395.9,88.58,TRADE
NSW1,2026-08-01 16:55:00,9512.42,83.34,TRADE
NSW1,2026-08-01 17:00:00,9620.29,90.49,TRADE
NSW1,2026-08-01 17:05:00,9614.23,89.0,TRADE
NSW1,2026-08-01 17:10:00,9706.82,79.4,TRADE
NSW1,2026-08-01 17:15:00,9792.01,83.99,TRADE
NSW1,2026-08-01 17:20:00,9841.59,90.08,TRADE
NSW1,2026-08-01 17:25:00,9907.47,89.17,TRADE
NSW1,2026-08-01 17:30:00,9978.8,83.67,TRADE
NSW1,2026-08-01 17:35:00,10109.18,82.15,TRADE
NSW1,2026-08-01 17:40:00,10231.1,84.15,TRADE
NSW1,2026-08-01 17:45:00,10323.14,83.99,TRADE
NSW1,2026-08-01 17:50:00,10349.55,86.76,TRADE
NSW1,2026-08-01 17:55:00,10299.35,88.12,TRADE
NSW1,2026-08-01 18:00:00,10339.35,84.85,TRADE
NSW1,2026-08-01 18:05:00,10396.84,83.99,TRADE
NSW1,2026-08-01 18:10:00,10443.97,85.1,TRADE
NSW1,2026-08-01 18:15:00,10375.78,80.0,TRADE
NSW1,2026-08-01 18:20:00,10351.37,76.49,TRADE
NSW1,2026-08-01 18:25:00,10459.22,81.0,TRADE
NSW1,2026-08-01 18:30:00,10276.61,85.79,TRADE
NSW1,2026-08-01 18:35:00,10346.75,81.0,TRADE
NSW1,2026-08-01 18:40:00,10386.36,81.0,TRADE
NSW1,2026-08-01 18:45:00,10372.67,77.98,TRADE
NSW1,2026-08-01 18:50:00,10403.22,77.4,TRADE
NSW1,2026-08-01 18:55:00,10446.98,81.0,TRADE
NSW1,2026-08-01 19:00:00,10314.67,76.94,TRADE
NSW1,2026-08-01 19:05:00,10312.33,71.41,TRADE
NSW1,2026-08-01 19:10:00,10299.4,76.88,TRADE
NSW1,2026-08-01 19:15:00,10234.21,74.56,TRADE
NSW1,2026-08-01 19:20:00,10286.33,73.67,TRADE
NSW1,2026-08-01 19:25:00,10279.72,73.74,TRADE
NSW1,2026-08-01 19:30:00,10234.41,71.03,TRADE
NSW1,2026-08-01 19:35:00,10229.59,70.16,TRADE
NSW1,2026-08-01 19:40:00,10288.92,73.22,TRADE
NSW1,2026-08-01 19:45:00,10179.22,66.72,TRADE
NSW1,2026-08-01 19:50:00,10142.81,64.83,TRADE
NSW1,2026-08-01 19:55:00,10188.43,65.8,TRADE
NSW1,2026-08-01 20:00:00,10115.19,64.83,TRADE
NSW1,2026-08-01 20:05:00,10081.1,71.4,TRADE
NSW1,2026-08-01 20:10:00,10086.01,64.95,TRADE
NSW1,2026-08-01 20:15:00,10072.41,64.83,TRADE
NSW1,2026-08-01 20:20:00,10010.67,73.0,TRADE
NSW1,2026-08-01 20:25:00,9985.3,71.4,TRADE
NSW1,2026-08-01 20:30:00,10002.14,71.4,TRADE
NSW1,2026-08-01 20:35:00,9934.0,78.72,TRADE
NSW1,2026-08-01 20:40:00,9993.01,81.0,TRADE
NSW1,2026-08-01 20:45:00,9960.92,81.0,TRADE
NSW1,2026-08-01 20:50:00,9983.14,81.0,TRADE
NSW1,2026-08-01 20:55:00,9924.64,71.4,TRADE
NSW1,2026-08-01 21:00:00,9933.07,73.93,TRADE
NSW1,2026-08-01 21:05:00,9859.99,75.4,TRADE
NSW1,2026-08-01 21:10:00,9865.27,78.01,TRADE
NSW1,2026-08-01 21:15:00,9852.05,81.0,TRADE
NSW1,2026-08-01 21:20:00,9705.55,72.15,TRADE
NSW1,2026-08-01 21:25:00,9692.55,72.47,TRADE
NSW1,2026-08-01 21:30:00,9661.07,79.27,TRADE
NSW1,2026-08-01 21:35:00,9625.83,74.51,TRADE
NSW1,2026-08-01 21:40:00,9591.38,71.4,TRADE
NSW1,2026-08-01 21:45:00,9593.59,71.8,TRADE
NSW1,2026-08-01 21:50:00,9543.59,74.1,TRADE
NSW1,2026-08-01 21:55:00,9513.87,73.14,TRADE
NSW1,2026-08-01 22:00:00,9451.19,65.02,TRADE
NSW1,2026-08-01 22:05:00,9438.95,72.34,TRADE
NSW1,2026-08-01 22:10:00,9384.5,72.34,TRADE
NSW1,2026-08-01 22:15:00,9402.66,67.91,TRADE
NSW1,2026-08-01 22:20:00,9350.06,72.36,TRADE
NSW1,2026-08-01 22:25:00,9354.77,66.0,TRADE
NSW1,2026-08-01 22:30:00,9367.34,64.95,TRADE
NSW1,2026-08-01 22:35:00,9267.26,72.95,TRADE
NSW1,2026-08-01 22:40:00,9333.78,67.03,TRADE
NSW1,2026-08-01 22:45:00,9277.35,64.8,TRADE
NSW1,2026-08-01 22:50:00,9187.66,60.8,TRADE
NSW1,2026-08-01 22:55:00,9134.89,48.91,TRADE
NSW1,2026-08-01 23:00:00,9054.46,45.87,TRADE
NSW1,2026-08-01 23:05:00,9025.58,55.94,TRADE
NSW1,2026-08-01 23:10:00,9025.82,64.2,TRADE
NSW1,2026-08-01 23:15:00,8943.67,60.93,TRADE
NSW1,2026-08-01 23:20:00,8869.91,57.39,TRADE
NSW1,2026-08-01 23:25:00,8758.5,55.07,TRADE
NSW1,2026-08-01 23:30:00,8812.97,57.39,TRADE
NSW1,2026-08-01 23:35:00,8722.74,57.39,TRADE
NSW1,2026-08-01 23:40:00,8667.36,61.43,TRADE
NSW1,2026-08-01 23:45:00,8602.67,61.01,TRADE
NSW1,2026-08-01 23:50:00,8494.06,54.12,TRADE
NSW1,2026-08-01 23:55:00,8521.33,54.87,TRADE
NSW1,2026-08-02 00:00:00,8512.56,55.68,TRADE
NSW1,2026-08-02 00:05:00,8474.42,56.93,TRADE
NSW1,2026-08-02 00:10:00,8651.06,76.66,TRADE
NSW1,2026-08-02 00:15:00,8665.7,77.69,TRADE
NSW1,2026-08-02 00:20:00,8630.12,66.43,TRADE
NSW1,2026-08-02 00:25:00,8577.09,64.95,TRADE
NSW1,2026-08-02 00:30:00,8513.71,64.95,TRADE
NSW1,2026-08-02 00:35:00,8430.19,57.39,TRADE
NSW1,2026-08-02 00:40:00,8386.11,63.59,TRADE
NSW1,2026-08-02 00:45:00,8373.89,61.99,TRADE
NSW1,2026-08-02 00:50:00,8318.13,64.89,TRADE
NSW1,2026-08-02 00:55:00,8323.22,64.92,TRADE
NSW1,2026-08-02 01:00:00,8325.01,64.91,TRADE
NSW1,2026-08-02 01:05:00,8238.53,64.95,TRADE
NSW1,2026-08-02 01:10:00,8223.15,64.95,TRADE
NSW1,2026-08-02 01:15:00,8161.36,64.95,TRADE
NSW1,2026-08-02 01:20:00,8036.95,47.76,TRADE
NSW1,2026-08-02 01:25:00,8003.83,47.73,TRADE
NSW1,2026-08-02 01:30:00,7918.78,47.46,TRADE
NSW1,2026-08-02 01:35:00,7802.45,47.78,TRADE
NSW1,2026-08-02 01:40:00,7748.74,47.82,TRADE
NSW1,2026-08-02 01:45:00,7726.52,57.39,TRADE
NSW1,2026-08-02 01:50:00,7721.44,57.39,TRADE
NSW1,2026-08-02 01:55:00,7680.11,47.46,TRADE
NSW1,2026-08-02 02:00:00,7681.19,47.78,TRADE
NSW1,2026-08-02 02:05:00,7659.88,69.7,TRADE
NSW1,2026-08-02 02:10:00,7576.17,57.39,TRADE
NSW1,2026-08-02 02:15:00,7609.49,56.16,TRADE
NSW1,2026-08-02 02:20:00,7553.87,57.39,TRADE
NSW1,2026-08-02 02:25:00,7495.49,49.02,TRADE
NSW1,2026-08-02 02:30:00,7520.31,57.39,TRADE
NSW1,2026-08-02 02:35:00,7528.27,57.39,TRADE
NSW1,2026-08-02 02:40:00,7440.68,57.39,TRADE
NSW1,2026-08-02 02:45:00,7316.32,47.78,TRADE
NSW1,2026-08-02 02:50:00,7405.45,57.39,TRADE
NSW1,2026-08-02 02:55:00,7395.38,57.39,TRADE
NSW1,2026-08-02 03:00:00,7399.6,57.39,TRADE
NSW1,2026-08-02 03:05:00,7361.98,57.39,TRADE
NSW1,2026-08-02 03:10:00,7284.22,57.39,TRADE
NSW1,2026-08-02 03:15:00,7267.12,56.44,TRADE
NSW1,2026-08-02 03:20:00,7344.45,57.39,TRADE
NSW1,2026-08-02 03:25:00,7307.64,57.39,TRADE
NSW1,2026-08-02 03:30:00,7199.19,29.49,TRADE
NSW1,2026-08-02 03:35:00,7266.89,35.67,TRADE
NSW1,2026-08-02 03:40:00,7281.49,47.51,TRADE
NSW1,2026-08-02 03:45:00,7248.01,42.54,TRADE
NSW1,2026-08-02 03:50:00,7210.3,42.54,TRADE
NSW1,2026-08-02 03:55:00,7219.83,42.54,TRADE
NSW1,2026-08-02 04:00:00,7122.95,42.54,TRADE
NSW1,2026-08-02 04:05:00,7165.83,61.02,TRADE
NSW1,2026-08-02 04:10:00,7258.66,61.02,TRADE
NSW1,2026-08-02 04:15:00,7266.78,42.54,TRADE
NSW1,2026-08-02 04:20:00,7222.71,42.8,TRADE
NSW1,2026-08-02 04:25:00,7304.01,47.17,TRADE
NSW1,2026-08-02 04:30:00,7246.49,42.8,TRADE
NSW1,2026-08-02 04:35:00,7202.76,42.8,TRADE
NSW1,2026-08-02 04:40:00,7238.72,67.99,TRADE
NSW1,2026-08-02 04:45:00,7220.87,57.39,TRADE
NSW1,2026-08-02 04:50:00,7252.93,47.81,TRADE
NSW1,2026-08-02 04:55:00,7237.04,47.48,TRADE
NSW1,2026-08-02 05:00:00,7273.0,57.39,TRADE
NSW1,2026-08-02 05:05:00,7253.46,47.14,TRADE
NSW1,2026-08-02 05:10:00,7356.18,57.39,TRADE
NSW1,2026-08-02 05:15:00,7428.75,69.99,TRADE
NSW1,2026-08-02 05:20:00,7415.94,57.39,TRADE
NSW1,2026-08-02 05:25:00,7318.86,57.39,TRADE
NSW1,2026-08-02 05:30:00,7413.19,57.39,TRADE
NSW1,2026-08-02 05:35:00,7534.1,61.66,TRADE
NSW1,2026-08-02 05:40:00,7549.91,57.39,TRADE
NSW1,2026-08-02 05:45:00,7569.7,57.39,TRADE
NSW1,2026-08-02 05:50:00,7517.81,47.46,TRADE
NSW1,2026-08-02 05:55:00,7558.41,57.39,TRADE
NSW1,2026-08-02 06:00:00,7585.18,63.62,TRADE
NSW1,2026-08-02 06:05:00,7664.13,57.86,TRADE
NSW1,2026-08-02 06:10:00,7675.31,57.39,TRADE
NSW1,2026-08-02 06:15:00,7754.98,64.83,TRADE
NSW1,2026-08-02 06:20:00,7840.37,64.83,TRADE
NSW1,2026-08-02 06:25:00,7873.58,64.83,TRADE
NSW1,2026-08-02 06:30:00,7988.81,66.03,TRADE
NSW1,2026-08-02 06:35:00,7946.09,64.83,TRADE
NSW1,2026-08-02 06:40:00,8073.87,64.89,TRADE
NSW1,2026-08-02 06:45:00,8136.12,66.03,TRADE
NSW1,2026-08-02 06:50:00,8153.31,64.89,TRADE
NSW1,2026-08-02 06:55:00,8206.68,66.03,TRADE
NSW1,2026-08-02 07:00:00,8271.92,66.03,TRADE
NSW1,2026-08-02 07:05:00,8329.93,64.83,TRADE
NSW1,2026-08-02 07:10:00,8378.98,64.89,TRADE
NSW1,2026-08-02 07:15:00,8448.5,66.03,TRADE
NSW1,2026-08-02 07:20:00,8442.17,64.83,TRADE
NSW1,2026-08-02 07:25:00,8508.07,64.89,TRADE
NSW1,2026-08-02 07:30:00,8508.39,13.26,TRADE
NSW1,2026-08-02 07:35:00,8525.09,38.51,TRADE
NSW1,2026-08-02 07:40:00,8483.17,57.39,TRADE
NSW1,2026-08-02 07:45:00,8513.15,44.44,TRADE
NSW1,2026-08-02 07:50:00,8439.41,38.51,TRADE
NSW1,2026-08-02 07:55:00,8477.22,52.21,TRADE
NSW1,2026-08-02 08:00:00,8344.01,25.12,TRADE
NSW1,2026-08-02 08:05:00,8434.69,26.02,TRADE
NSW1,2026-08-02 08:10:00,8433.46,52.21,TRADE
NSW1,2026-08-02 08:15:00,8369.86,42.8,TRADE
NSW1,2026-08-02 08:20:00,8334.99,25.12,TRADE
NSW1,2026-08-02 08:25:00,8334.35,25.12,TRADE
NSW1,2026-08-02 08:30:00,8302.59,42.08,TRADE
NSW1,2026-08-02 08:35:00,8258.8,44.44,TRADE
NSW1,2026-08-02 08:40:00,8150.54,81.0,TRADE
NSW1,2026-08-02 08:45:00,8062.64,88.88,TRADE
NSW1,2026-08-02 08:50:00,7900.23,64.83,TRADE
NSW1,2026-08-02 08:55:00,7890.62,64.83,TRADE
NSW1,2026-08-02 09:00:00,7765.72,64.83,TRADE
NSW1,2026-08-02 09:05:00,7815.91,81.0,TRADE
NSW1,2026-08-02 09:10:00,7705.31,81.0,TRADE
NSW1,2026-08-02 09:15:00,7561.64,64.83,TRADE
NSW1,2026-08-02 09:20:00,7480.86,64.83,TRADE
NSW1,2026-08-02 09:25:00,7411.9,52.25,TRADE
NSW1,2026-08-02 09:30:00,7305.29,42.54,TRADE
NSW1,2026-08-02 09:35:00,7166.98,42.8,TRADE
NSW1,2026-08-02 09:40:00,7157.25,44.44,TRADE
NSW1,2026-08-02 09:45:00,7136.85,44.44,TRADE
NSW1,2026-08-02 09:50:00,7034.87,-2.77,TRADE
NSW1,2026-08-02 09:55:00,7249.85,-5.28,TRADE
NSW1,2026-08-02 10:00:00,7142.7,25.12,TRADE
NSW1,2026-08-02 10:05:00,6884.18,25.12,TRADE
NSW1,2026-08-02 10:10:00,7074.19,42.8,TRADE
NSW1,2026-08-02 10:15:00,6838.49,-5.5,TRADE
NSW1,2026-08-02 10:20:00,6994.35,-5.4,TRADE
NSW1,2026-08-02 10:25:00,6989.88,25.1,TRADE
NSW1,2026-08-02 10:30:00,6810.59,25.12,TRADE
NSW1,2026-08-02 10:35:00,6659.54,23.99,TRADE
NSW1,2026-08-02 10:40:00,6566.35,-6.29,TRADE
NSW1,2026-08-02 10:45:00,6721.04,-5.58,TRADE
NSW1,2026-08-02 10:50:00,6645.26,-5.44,TRADE
NSW1,2026-08-02 10:55:00,6527.16,-5.72,TRADE
NSW1,2026-08-02 11:00:00,6381.62,25.12,TRADE
NSW1,2026-08-02 11:05:00,6102.51,23.95,TRADE
NSW1,2026-08-02 11:10:00,6085.12,13.26,TRADE
NSW1,2026-08-02 11:15:00,6056.9,13.26,TRADE
NSW1,2026-08-02 11:20:00,6167.14,13.26,TRADE
NSW1,2026-08-02 11:25:00,6025.78,13.26,TRADE
NSW1,2026-08-02 11:30:00,6055.6,13.26,TRADE
NSW1,2026-08-02 11:35:00,5918.23,13.26,TRADE
NSW1,2026-08-02 11:40:00,5972.08,13.26,TRADE
NSW1,2026-08-02 11:45:00,5956.14,13.26,TRADE
NSW1,2026-08-02 11:50:00,5926.24,13.26,TRADE
NSW1,2026-08-02 11:55:00,5856.75,13.2,TRADE
NSW1,2026-08-02 12:00:00,5834.44,13.2,TRADE
NSW1,2026-08-02 12:05:00,5739.61,0.0,TRADE
NSW1,2026-08-02 12:10:00,5901.86,-6.46,TRADE
NSW1,2026-08-02 12:15:00,5990.23,-5.27,TRADE
NSW1,2026-08-02 12:20:00,5931.62,-2.01,TRADE
NSW1,2026-08-02 12:25:00,5902.59,-5.37,TRADE
NSW1,2026-08-02 12:30:00,5991.33,-2.35,TRADE
NSW1,2026-08-02 12:35:00,5917.43,-2.01,TRADE
NSW1,2026-08-02 12:40:00,5894.4,0.0,TRADE
NSW1,2026-08-02 12:45:00,5854.01,0.0,TRADE
NSW1,2026-08-02 12:50:00,5908.23,-2.14,TRADE
NSW1,2026-08-02 12:55:00,5911.06,-2.41,TRADE
NSW1,2026-08-02 13:00:00,5853.92,-3.91,TRADE
NSW1,2026-08-02 13:05:00,5755.01,-3.83,TRADE
NSW1,2026-08-02 13:10:00,5638.98,-5.82,TRADE
NSW1,2026-08-02 13:15:00,5645.53,-3.97,TRADE
NSW1,2026-08-02 13:20:00,5705.41,0.0,TRADE
NSW1,2026-08-02 13:25:00,5621.37,23.95,TRADE
NSW1,2026-08-02 13:30:00,5596.25,0.0,TRADE
NSW1,2026-08-02 13:35:00,5561.66,23.95,TRADE
NSW1,2026-08-02 13:40:00,5537.61,0.0,TRADE
NSW1,2026-08-02 13:45:00,5549.32,0.0,TRADE
NSW1,2026-08-02 13:50:00,5613.85,0.0,TRADE
NSW1,2026-08-02 13:55:00,5493.37,0.0,TRADE
NSW1,2026-08-02 14:00:00,5607.62,-2.94,TRADE
NSW1,2026-08-02 14:05:00,5655.85,25.1,TRADE
NSW1,2026-08-02 14:10:00,5452.87,-3.25,TRADE
NSW1,2026-08-02 14:15:00,5597.76,0.0,TRADE
NSW1,2026-08-02 14:20:00,5625.54,0.0,TRADE
NSW1,2026-08-02 14:25:00,5674.52,-5.31,TRADE
NSW1,2026-08-02 14:30:00,5728.25,-7.05,TRADE
NSW1,2026-08-02 14:35:00,5843.76,-7.0,TRADE
NSW1,2026-08-02 14:40:00,5897.04,-6.62,TRADE
NSW1,2026-08-02 14:45:00,6068.63,-6.49,TRADE
NSW1,2026-08-02 14:50:00,6036.57,-6.6,TRADE
NSW1,2026-08-02 14:55:00,6105.55,-6.56,TRADE
NSW1,2026-08-02 15:00:00,6217.72,-6.53,TRADE
NSW1,2026-08-02 15:05:00,6288.6,-7.0,TRADE
NSW1,2026-08-02 15:10:00,6388.65,-5.33,TRADE
NSW1,2026-08-02 15:15:00,6553.27,-4.0,TRADE
NSW1,2026-08-02 15:20:00,6662.07,-2.21,TRADE
NSW1,2026-08-02 15:25:00,6758.1,11.4,TRADE
NSW1,2026-08-02 15:30:00,6825.22,23.67,TRADE
NSW1,2026-08-02 15:35:00,6844.39,25.1,TRADE
NSW1,2026-08-02 15:40:00,6934.52,90.49,TRADE
NSW1,2026-08-02 15:45:00,6912.33,92.51,TRADE
NSW1,2026-08-02 15:50:00,6998.86,81.0,TRADE
NSW1,2026-08-02 15:55:00,7193.96,81.0,TRADE
NSW1,2026-08-02 16:00:00,7304.27,81.0,TRADE
NSW1,2026-08-02 16:05:00,7461.55,71.4,TRADE
NSW1,2026-08-02 16:10:00,7656.98,80.0,TRADE
NSW1,2026-08-02 16:15:00,7744.41,71.4,TRADE
NSW1,2026-08-02 16:20:00,7957.92,71.4,TRADE
NSW1,2026-08-02 16:25:00,8130.28,80.0,TRADE
NSW1,2026-08-02 16:30:00,8048.78,81.0,TRADE
NSW1,2026-08-02 16:35:00,8162.57,66.03,TRADE
NSW1,2026-08-02 16:40:00,8433.71,80.0,TRADE
NSW1,2026-08-02 16:45:00,8515.73,66.03,TRADE
NSW1,2026-08-02 16:50:00,8720.03,45.17,TRADE
NSW1,2026-08-02 16:55:00,8914.6,66.03,TRADE
NSW1,2026-08-02 17:00:00,9014.52,66.03,TRADE
NSW1,2026-08-02 17:05:00,9109.39,65.72,TRADE
NSW1,2026-08-02 17:10:00,9131.41,65.7,TRADE
NSW1,2026-08-02 17:15:00,9252.67,66.03,TRADE
NSW1,2026-08-02 17:20:00,9356.89,68.54,TRADE
NSW1,2026-08-02 17:25:00,9383.56,78.21,TRADE
NSW1,2026-08-02 17:30:00,9479.6,79.8,TRADE
NSW1,2026-08-02 17:35:00,9601.51,67.91,TRADE
NSW1,2026-08-02 17:40:00,9777.45,67.85,TRADE
NSW1,2026-08-02 17:45:00,9882.82,73.57,TRADE
NSW1,2026-08-02 17:50:00,9970.6,80.0,TRADE
NSW1,2026-08-02 17:55:00,9975.84,80.0,TRADE
NSW1,2026-08-02 18:00:00,10023.15,76.98,TRADE
NSW1,2026-08-02 18:05:00,10080.65,81.0,TRADE
NSW1,2026-08-02 18:10:00,9977.52,81.0,TRADE
NSW1,2026-08-02 18:15:00,10012.67,71.11,TRADE
NSW1,2026-08-02 18:20:00,10124.64,75.47,TRADE
NSW1,2026-08-02 18:25:00,10164.34,83.04,TRADE
NSW1,2026-08-02 18:30:00,10050.71,84.65,TRADE
NSW1,2026-08-02 18:35:00,9997.33,77.44,TRADE
NSW1,2026-08-02 18:40:00,10124.62,80.0,TRADE
NSW1,2026-08-02 18:45:00,10124.33,72.54,TRADE
NSW1,2026-08-02 18:50:00,10120.64,73.01,TRADE
NSW1,2026-08-02 18:55:00,10110.55,79.6,TRADE
NSW1,2026-08-02 19:00:00,10011.67,68.51,TRADE
NSW1,2026-08-02 19:05:00,10005.9,66.8,TRADE
NSW1,2026-08-02 19:10:00,10055.64,73.56,TRADE
NSW1,2026-08-02 19:15:00,10051.52,74.54,TRADE
NSW1,2026-08-02 19:20:00,9985.55,66.03,TRADE
NSW1,2026-08-02 19:25:00,10038.55,66.03,TRADE
NSW1,2026-08-02 19:30:00,10023.23,71.4,TRADE
NSW1,2026-08-02 19:35:00,9974.06,71.23,TRADE
NSW1,2026-08-02 19:40:00,9946.87,68.21,TRADE
NSW1,2026-08-02 19:45:00,9965.51,67.85,TRADE
NSW1,2026-08-02 19:50:00,9935.76,66.03,TRADE
NSW1,2026-08-02 19:55:00,9845.63,66.03,TRADE
NSW1,2026-08-02 20:00:00,9829.38,66.03,TRADE
NSW1,2026-08-02 20:05:00,9833.32,69.33,TRADE
NSW1,2026-08-02 20:10:00,9885.22,66.03,TRADE
NSW1,2026-08-02 20:15:00,9876.59,66.03,TRADE
NSW1,2026-08-02 20:20:00,9762.82,71.51,TRADE
NSW1,2026-08-02 20:25:00,9745.98,69.33,TRADE
NSW1,2026-08-02 20:30:00,9715.41,68.33,TRADE
NSW1,2026-08-02 20:35:00,9701.2,69.7,TRADE
NSW1,2026-08-02 20:40:00,9659.69,70.09,TRADE
NSW1,2026-08-02 20:45:00,9574.66,66.03,TRADE
NSW1,2026-08-02 20:50:00,9521.17,66.03,TRADE
NSW1,2026-08-02 20:55:00,9563.81,66.03,TRADE
NSW1,2026-08-02 21:00:00,9523.58,66.03,TRADE
NSW1,2026-08-02 21:05:00,9494.77,69.73,TRADE
NSW1,2026-08-02 21:10:00,9428.42,66.03,TRADE
NSW1,2026-08-02 21:15:00,9396.9,66.03,TRADE
NSW1,2026-08-02 21:20:00,9333.07,64.83,TRADE
NSW1,2026-08-02 21:25:00,9316.02,68.44,TRADE
NSW1,2026-08-02 21:30:00,9275.55,68.52,TRADE
NSW1,2026-08-02 21:35:00,9151.02,69.86,TRADE
NSW1,2026-08-02 21:40:00,9082.8,64.83,TRADE
NSW1,2026-08-02 21:45:00,9027.98,60.91,TRADE
NSW1,2026-08-02 21:50:00,8949.36,58.64,TRADE
NSW1,2026-08-02 21:55:00,8811.22,57.47,TRADE
NSW1,2026-08-02 22:00:00,8833.48,58.44,TRADE
NSW1,2026-08-02 22:05:00,8794.53,60.31,TRADE
NSW1,2026-08-02 22:10:00,8849.21,64.95,TRADE
NSW1,2026-08-02 22:15:00,8825.8,64.83,TRADE
NSW1,2026-08-02 22:20:00,8752.66,60.32,TRADE
NSW1,2026-08-02 22:25:00,8733.27,58.45,TRADE
NSW1,2026-08-02 22:30:00,8642.92,43.01,TRADE
NSW1,2026-08-02 22:35:00,8645.14,64.95,TRADE
NSW1,2026-08-02 22:40:00,8590.68,58.04,TRADE
NSW1,2026-08-02 22:45:00,8453.99,42.54,TRADE
NSW1,2026-08-02 22:50:00,8425.78,57.09,TRADE
NSW1,2026-08-02 22:55:00,8375.7,57.39,TRADE
NSW1,2026-08-02 23:00:00,8324.02,42.54,TRADE
NSW1,2026-08-02 23:05:00,8286.36,57.16,TRADE
NSW1,2026-08-02 23:10:00,8309.09,57.39,TRADE
NSW1,2026-08-02 23:15:00,8275.5,51.39,TRADE
NSW1,2026-08-02 23:20:00,8168.07,57.39,TRADE
NSW1,2026-08-02 23:25:00,8147.8,42.8,TRADE
NSW1,2026-08-02 23:30:00,8147.24,42.66,TRADE
NSW1,2026-08-02 23:35:00,8122.12,58.37,TRADE
NSW1,2026-08-02 23:40:00,8053.85,57.59,TRADE
NSW1,2026-08-02 23:45:00,7931.23,42.62,TRADE
NSW1,2026-08-02 23:50:00,7943.29,57.39,TRADE
NSW1,2026-08-02 23:55:00,7904.36,42.93,TRADE
NSW1,2026-08-03 00:00:00,7917.48,43.24,TRADE
NSW1,2026-08-03 00:05:00,7818.8,42.95,TRADE
NSW1,2026-08-03 00:10:00,7964.34,57.39,TRADE
NSW1,2026-08-03 00:15:00,7970.29,43.86,TRADE
NSW1,2026-08-03 00:20:00,7973.46,57.39,TRADE
NSW1,2026-08-03 00:25:00,7977.22,59.26,TRADE
NSW1,2026-08-03 00:30:00,7865.05,43.57,TRADE
NSW1,2026-08-03 00:35:00,7794.18,38.51,TRADE
NSW1,2026-08-03 00:40:00,7788.94,57.39,TRADE
NSW1,2026-08-03 00:45:00,7798.13,61.98,TRADE
NSW1,2026-08-03 00:50:00,7792.77,57.39,TRADE
NSW1,2026-08-03 00:55:00,7669.69,44.42,TRADE
NSW1,2026-08-03 01:00:00,7683.11,45.44,TRADE
NSW1,2026-08-03 01:05:00,7666.74,60.54,TRADE
NSW1,2026-08-03 01:10:00,7632.96,57.39,TRADE
NSW1,2026-08-03 01:15:00,7614.19,57.39,TRADE
NSW1,2026-08-03 01:20:00,7545.44,57.39,TRADE
NSW1,2026-08-03 01:25:00,7420.91,43.95,TRADE
NSW1,2026-08-03 01:30:00,7404.23,44.01,TRADE
NSW1,2026-08-03 01:35:00,7394.87,57.39,TRADE
NSW1,2026-08-03 01:40:00,7392.35,57.39,TRADE
NSW1,2026-08-03 01:45:00,7318.75,47.29,TRADE
NSW1,2026-08-03 01:50:00,7365.8,57.39,TRADE
NSW1,2026-08-03 01:55:00,7327.84,57.39,TRADE
NSW1,2026-08-03 02:00:00,7318.1,44.06,TRADE
NSW1,2026-08-03 02:05:00,7286.12,44.05,TRADE
NSW1,2026-08-03 02:10:00,7284.25,57.39,TRADE
NSW1,2026-08-03 02:15:00,7330.86,59.97,TRADE
NSW1,2026-08-03 02:20:00,7287.87,59.11,TRADE
NSW1,2026-08-03 02:25:00,7238.82,42.54,TRADE
NSW1,2026-08-03 02:30:00,7169.58,42.06,TRADE
NSW1,2026-08-03 02:35:00,7236.85,44.08,TRADE
NSW1,2026-08-03 02:40:00,7275.9,53.41,TRADE
NSW1,2026-08-03 02:45:00,7267.18,47.97,TRADE
NSW1,2026-08-03 02:50:00,7270.61,57.39,TRADE
NSW1,2026-08-03 02:55:00,7312.84,59.56,TRADE
NSW1,2026-08-03 03:00:00,7304.97,57.39,TRADE
NSW1,2026-08-03 03:05:00,7164.09,43.78,TRADE
NSW1,2026-08-03 03:10:00,7154.52,43.45,TRADE
NSW1,2026-08-03 03:15:00,7135.07,43.45,TRADE
NSW1,2026-08-03 03:20:00,7135.44,43.22,TRADE
NSW1,2026-08-03 03:25:00,7144.48,57.2,TRADE
NSW1,2026-08-03 03:30:00,7129.11,43.51,TRADE
NSW1,2026-08-03 03:35:00,7124.84,43.45,TRADE
NSW1,2026-08-03 03:40:00,7120.52,43.17,TRADE
NSW1,2026-08-03 03:45:00,7135.11,43.45,TRADE
NSW1,2026-08-03 03:50:00,7116.93,43.18,TRADE
NSW1,2026-08-03 03:55:00,7057.4,42.61,TRADE
NSW1,2026-08-03 04:00:00,7096.05,42.61,TRADE
NSW1,2026-08-03 04:05:00,7117.14,42.8,TRADE
NSW1,2026-08-03 04:10:00,7126.0,42.8,TRADE
NSW1,2026-08-03 04:15:00,7144.75,42.83,TRADE
NSW1,2026-08-03 04:20:00,7194.26,43.14,TRADE
NSW1,2026-08-03 04:25:00,7179.98,42.83,TRADE
NSW1,2026-08-03 04:30:00,7108.01,42.8,TRADE
NSW1,2026-08-03 04:35:00,7190.67,42.8,TRADE
NSW1,2026-08-03 04:40:00,7237.05,57.09,TRADE
NSW1,2026-08-03 04:45:00,7230.48,57.39,TRADE
NSW1,2026-08-03 04:50:00,7319.8,57.39,TRADE
NSW1,2026-08-03 04:55:00,7263.23,56.28,TRADE
NSW1,2026-08-03 05:00:00,7275.91,56.28,TRADE
NSW1,2026-08-03 05:05:00,7371.04,55.14,TRADE
NSW1,2026-08-03 05:10:00,7497.54,64.95,TRADE
NSW1,2026-08-03 05:15:00,7628.14,64.95,TRADE
NSW1,2026-08-03 05:20:00,7619.16,64.95,TRADE
NSW1,2026-08-03 05:25:00,7687.63,69.01,TRADE
NSW1,2026-08-03 05:30:00,7771.18,69.99,TRADE
NSW1,2026-08-03 05:35:00,7823.67,47.89,TRADE
NSW1,2026-08-03 05:40:00,7999.23,64.95,TRADE
NSW1,2026-08-03 05:45:00,7914.05,69.27,TRADE
NSW1,2026-08-03 05:50:00,7972.85,68.41,TRADE
NSW1,2026-08-03 05:55:00,8073.26,57.4,TRADE
NSW1,2026-08-03 06:00:00,8208.33,64.95,TRADE
NSW1,2026-08-03 06:05:00,8332.17,69.99,TRADE
NSW1,2026-08-03 06:10:00,8489.71,66.08,TRADE
NSW1,2026-08-03 06:15:00,8599.14,69.99,TRADE
NSW1,2026-08-03 06:20:00,8678.22,68.03,TRADE
NSW1,2026-08-03 06:25:00,8851.32,64.83,TRADE
NSW1,2026-08-03 06:30:00,9062.91,66.03,TRADE
NSW1,2026-08-03 06:35:00,9206.22,64.83,TRADE
NSW1,2026-08-03 06:40:00,9362.09,66.03,TRADE
NSW1,2026-08-03 06:45:00,9481.79,65.02,TRADE
NSW1,2026-08-03 06:50:00,9560.1,64.85,TRADE
NSW1,2026-08-03 06:55:00,9618.01,66.82,TRADE
NSW1,2026-08-03 07:00:00,9803.36,68.57,TRADE
NSW1,2026-08-03 07:05:00,9935.94,71.4,TRADE
NSW1,2026-08-03 07:10:00,9984.77,65.18,TRADE
NSW1,2026-08-03 07:15:00,10052.56,67.34,TRADE
NSW1,2026-08-03 07:20:00,10158.0,64.83,TRADE
NSW1,2026-08-03 07:25:00,10301.43,71.4,TRADE
NSW1,2026-08-03 07:30:00,10333.42,65.03,TRADE
NSW1,2026-08-03 07:35:00,10375.99,69.99,TRADE
NSW1,2026-08-03 07:40:00,10337.03,69.99,TRADE
NSW1,2026-08-03 07:45:00,10305.41,69.99,TRADE
NSW1,2026-08-03 07:50:00,10304.86,69.69,TRADE
NSW1,2026-08-03 07:55:00,10412.14,64.95,TRADE
NSW1,2026-08-03 08:00:00,10466.75,69.99,TRADE
NSW1,2026-08-03 08:05:00,10500.97,71.4,TRADE
NSW1,2026-08-03 08:10:00,10420.47,64.83,TRADE
NSW1,2026-08-03 08:15:00,10516.15,69.69,TRADE
NSW1,2026-08-03 08:20:00,10433.9,64.83,TRADE
NSW1,2026-08-03 08:25:00,10472.57,64.58,TRADE
NSW1,2026-08-03 08:30:00,10417.12,54.23,TRADE
NSW1,2026-08-03 08:35:00,10369.82,88.95,TRADE
NSW1,2026-08-03 08:40:00,10207.25,71.4,TRADE
NSW1,2026-08-03 08:45:00,10158.06,69.99,TRADE
NSW1,2026-08-03 08:50:00,10100.68,80.0,TRADE
NSW1,2026-08-03 08:55:00,10092.73,101.1,TRADE
NSW1,2026-08-03 09:00:00,10029.6,69.99,TRADE
NSW1,2026-08-03 09:05:00,10089.51,101.1,TRADE
NSW1,2026-08-03 09:10:00,10025.4,52.25,TRADE
NSW1,2026-08-03 09:15:00,10013.98,69.99,TRADE
NSW1,2026-08-03 09:20:00,9970.91,69.99,TRADE
NSW1,2026-08-03 09:25:00,9955.2,84.09,TRADE
NSW1,2026-08-03 09:30:00,9813.69,60.45,TRADE
NSW1,2026-08-03 09:35:00,9733.26,69.99,TRADE
NSW1,2026-08-03 09:40:00,9753.63,69.99,TRADE
NSW1,2026-08-03 09:45:00,9696.54,69.99,TRADE
NSW1,2026-08-03 09:50:00,9616.49,78.12,TRADE
NSW1,2026-08-03 09:55:00,9689.41,106.52,TRADE
NSW1,2026-08-03 10:00:00,9543.36,69.99,TRADE
NSW1,2026-08-03 10:05:00,9376.86,92.48,TRADE
NSW1,2026-08-03 10:10:00,9399.97,64.95,TRADE
NSW1,2026-08-03 10:15:00,9339.64,61.02,TRADE
NSW1,2026-08-03 10:20:00,9210.63,48.1,TRADE
NSW1,2026-08-03 10:25:00,9190.91,52.25,TRADE
NSW1,2026-08-03 10:30:00,8998.73,42.8,TRADE
NSW1,2026-08-03 10:35:00,8879.96,53.19,TRADE
NSW1,2026-08-03 10:40:00,8811.35,52.53,TRADE
NSW1,2026-08-03 10:45:00,8616.37,31.89,TRADE
NSW1,2026-08-03 10:50:00,8650.24,47.29,TRADE
NSW1,2026-08-03 10:55:00,8490.03,52.21,TRADE
NSW1,2026-08-03 11:00:00,8399.39,45.81,TRADE
NSW1,2026-08-03 11:05:00,8413.74,42.08,TRADE
NSW1,2026-08-03 11:10:00,8621.94,45.92,TRADE
NSW1,2026-08-03 11:15:00,8585.09,57.04,TRADE
NSW1,2026-08-03 11:20:00,8532.1,58.15,TRADE
NSW1,2026-08-03 11:25:00,8454.23,58.01,TRADE
NSW1,2026-08-03 11:30:00,8362.26,57.39,TRADE
NSW1,2026-08-03 11:35:00,8338.12,65.0,TRADE
NSW1,2026-08-03 11:40:00,8338.44,68.02,TRADE
NSW1,2026-08-03 11:45:00,8161.31,63.72,TRADE
NSW1,2026-08-03 11:50:00,8141.84,58.15,TRADE
NSW1,2026-08-03 11:55:00,8026.38,47.27,TRADE
NSW1,2026-08-03 12:00:00,7946.86,54.53,TRADE
NSW1,2026-08-03 12:05:00,7777.63,56.3,TRADE
NSW1,2026-08-03 12:10:00,7675.68,64.25,TRADE
NSW1,2026-08-03 12:15:00,7510.56,54.49,TRADE
NSW1,2026-08-03 12:20:00,7415.31,57.39,TRADE
NSW1,2026-08-03 12:25:00,7383.68,59.8,TRADE
NSW1,2026-08-03 12:30:00,7300.7,57.39,TRADE
NSW1,2026-08-03 12:35:00,7226.24,52.79,TRADE
NSW1,2026-08-03 12:40:00,7196.25,52.42,TRADE
NSW1,2026-08-03 12:45:00,7179.84,57.5,TRADE
NSW1,2026-08-03 12:50:00,7181.19,61.63,TRADE
NSW1,2026-08-03 12:55:00,7092.3,61.97,TRADE
NSW1,2026-08-03 13:00:00,7127.09,57.46,TRADE
NSW1,2026-08-03 13:05:00,7243.26,56.39,TRADE
NSW1,2026-08-03 13:10:00,7275.42,59.72,TRADE
NSW1,2026-08-03 13:15:00,7215.02,57.39,TRADE
NSW1,2026-08-03 13:20:00,7265.55,62.02,TRADE
NSW1,2026-08-03 13:25:00,7327.55,61.18,TRADE
NSW1,2026-08-03 13:30:00,7238.08,65.0,TRADE
NSW1,2026-08-03 13:35:00,7259.66,64.95,TRADE
NSW1,2026-08-03 13:40:00,7172.69,57.39,TRADE
NSW1,2026-08-03 13:45:00,7207.78,59.47,TRADE
NSW1,2026-08-03 13:50:00,7141.44,57.98,TRADE
NSW1,2026-08-03 13:55:00,7161.29,65.0,TRADE
NSW1,2026-08-03 14:00:00,7165.01,60.36,TRADE
NSW1,2026-08-03 14:05:00,7224.89,65.0,TRADE
NSW1,2026-08-03 14:10:00,7218.5,65.0,TRADE
NSW1,2026-08-03 14:15:00,7235.5,65.58,TRADE
NSW1,2026-08-03 14:20:00,7147.89,56.65,TRADE
NSW1,2026-08-03 14:25:00,7166.4,65.0,TRADE
NSW1,2026-08-03 14:30:00,7212.5,65.0,TRADE
NSW1,2026-08-03 14:35:00,7298.43,69.22,TRADE
NSW1,2026-08-03 14:40:00,7311.27,65.0,TRADE
NSW1,2026-08-03 14:45:00,7346.04,69.22,TRADE
NSW1,2026-08-03 14:50:00,7365.57,70.99,TRADE
NSW1,2026-08-03 14:55:00,7513.28,75.99,TRADE
NSW1,2026-08-03 15:00:00,7572.08,78.41,TRADE
NSW1,2026-08-03 15:05:00,7682.99,65.0,TRADE
NSW1,2026-08-03 15:10:00,7695.75,65.0,TRADE
NSW1,2026-08-03 15:15:00,7815.41,72.0,TRADE
NSW1,2026-08-03 15:20:00,7928.37,73.15,TRADE
NSW1,2026-08-03 15:25:00,7980.69,72.0,TRADE
NSW1,2026-08-03 15:30:00,7988.32,73.05,TRADE
NSW1,2026-08-03 15:35:00,8011.8,65.0,TRADE
NSW1,2026-08-03 15:40:00,8117.9,65.0,TRADE
NSW1,2026-08-03 15:45:00,8175.92,72.42,TRADE
NSW1,2026-08-03 15:50:00,8299.89,72.0,TRADE
NSW1,2026-08-03 15:55:00,8384.49,65.0,TRADE
NSW1,2026-08-03 16:00:00,8512.1,72.73,TRADE
NSW1,2026-08-03 16:05:00,8496.13,69.99,TRADE
NSW1,2026-08-03 16:10:00,8685.47,71.29,TRADE
NSW1,2026-08-03 16:15:00,8750.47,73.07,TRADE
NSW1,2026-08-03 16:20:00,8755.28,68.02,TRADE
NSW1,2026-08-03 16:25:00,8893.66,73.2,TRADE
NSW1,2026-08-03 16:30:00,9044.14,77.16,TRADE
NSW1,2026-08-03 16:35:00,8979.28,73.16,TRADE
NSW1,2026-08-03 16:40:00,9074.15,84.89,TRADE
NSW1,2026-08-03 16:45:00,9190.55,88.05,TRADE
NSW1,2026-08-03 16:50:00,9215.24,87.88,TRADE
NSW1,2026-08-03 16:55:00,9420.67,95.41,TRADE
NSW1,2026-08-03 17:00:00,9508.89,101.24,TRADE
NSW1,2026-08-03 17:05:00,9555.22,93.99,TRADE
NSW1,2026-08-03 17:10:00,9602.2,97.11,TRADE
NSW1,2026-08-03 17:15:00,9745.11,113.5,TRADE
NSW1,2026-08-03 17:20:00,9736.59,117.45,TRADE
NSW1,2026-08-03 17:25:00,9854.23,101.1,TRADE
NSW1,2026-08-03 17:30:00,10135.42,111.02,TRADE
NSW1,2026-08-03 17:35:00,10067.91,105.89,TRADE
NSW1,2026-08-03 17:40:00,10294.98,101.1,TRADE
NSW1,2026-08-03 17:45:00,10446.67,113.5,TRADE
NSW1,2026-08-03 17:50:00,10513.97,113.5,TRADE
NSW1,2026-08-03 17:55:00,10520.02,101.1,TRADE
NSW1,2026-08-03 18:00:00,10667.66,111.02,TRADE
NSW1,2026-08-03 18:05:00,10651.1,113.5,TRADE
NSW1,2026-08-03 18:10:00,10575.38,112.27,TRADE
NSW1,2026-08-03 18:15:00,10477.73,101.81,TRADE
NSW1,2026-08-03 18:20:00,10531.37,101.54,TRADE
NSW1,2026-08-03 18:25:00,10653.2,122.86,TRADE
NSW1,2026-08-03 18:30:00,10538.83,111.02,TRADE
NSW1,2026-08-03 18:35:00,10491.12,101.1,TRADE
NSW1,2026-08-03 18:40:00,10582.52,106.94,TRADE
NSW1,2026-08-03 18:45:00,10594.42,113.5,TRADE
NSW1,2026-08-03 18:50:00,10526.82,111.02,TRADE
NSW1,2026-08-03 18:55:00,10588.06,101.1,TRADE
NSW1,2026-08-03 19:00:00,10469.62,104.76,TRADE
NSW1,2026-08-03 19:05:00,10474.99,111.02,TRADE
NSW1,2026-08-03 19:10:00,10391.97,111.02,TRADE
NSW1,2026-08-03 19:15:00,10325.49,97.64,TRADE
NSW1,2026-08-03 19:20:00,10302.18,97.64,TRADE
NSW1,2026-08-03 19:25:00,10423.92,111.02,TRADE
NSW1,2026-08-03 19:30:00,10367.62,105.89,TRADE
NSW1,2026-08-03 19:35:00,10392.22,104.37,TRADE
NSW1,2026-08-03 19:40:00,10343.35,105.89,TRADE
NSW1,2026-08-03 19:45:00,10240.8,105.89,TRADE
NSW1,2026-08-03 19:50:00,10300.16,111.4,TRADE
NSW1,2026-08-03 19:55:00,10277.55,104.96,TRADE
NSW1,2026-08-03 20:00:00,10214.21,101.1,TRADE
NSW1,2026-08-03 20:05:00,10213.72,97.64,TRADE
NSW1,2026-08-03 20:10:00,10188.99,101.1,TRADE
NSW1,2026-08-03 20:15:00,10263.13,104.1,TRADE
NSW1,2026-08-03 20:20:00,10116.95,97.64,TRADE
NSW1,2026-08-03 20:25:00,10159.34,104.05,TRADE
NSW1,2026-08-03 20:30:00,10167.76,113.39,TRADE
NSW1,2026-08-03 20:35:00,10095.03,105.89,TRADE
NSW1,2026-08-03 20:40:00,10103.59,103.49,TRADE
NSW1,2026-08-03 20:45:00,10064.79,113.5,TRADE
NSW1,2026-08-03 20:50:00,10006.24,102.9,TRADE
NSW1,2026-08-03 20:55:00,9886.27,98.16,TRADE
NSW1,2026-08-03 21:00:00,9856.18,96.03,TRADE
NSW1,2026-08-03 21:05:00,9885.05,111.02,TRADE
NSW1,2026-08-03 21:10:00,9825.62,105.3,TRADE
NSW1,2026-08-03 21:15:00,9742.64,101.1,TRADE
NSW1,2026-08-03 21:20:00,9684.67,97.64,TRADE
NSW1,2026-08-03 21:25:00,9581.18,95.01,TRADE
NSW1,2026-08-03 21:30:00,9663.13,98.63,TRADE
NSW1,2026-08-03 21:35:00,9505.56,97.63,TRADE
NSW1,2026-08-03 21:40:00,9502.02,113.5,TRADE
NSW1,2026-08-03 21:45:00,9406.16,90.49,TRADE
NSW1,2026-08-03 21:50:00,9407.67,90.49,TRADE
NSW1,2026-08-03 21:55:00,9371.96,101.1,TRADE
NSW1,2026-08-03 22:00:00,9210.6,95.0,TRADE
NSW1,2026-08-03 22:05:00,9162.43,90.49,TRADE
NSW1,2026-08-03 22:10:00,9312.64,90.49,TRADE
NSW1,2026-08-03 22:15:00,9174.16,101.1,TRADE
NSW1,2026-08-03 22:20:00,9130.11,101.1,TRADE
NSW1,2026-08-03 22:25:00,9111.62,96.62,TRADE
NSW1,2026-08-03 22:30:00,9052.96,83.99,TRADE
NSW1,2026-08-03 22:35:00,8991.23,95.0,TRADE
NSW1,2026-08-03 22:40:00,8907.56,113.33,TRADE
NSW1,2026-08-03 22:45:00,8842.96,97.63,TRADE
NSW1,2026-08-03 22:50:00,8860.74,90.49,TRADE
NSW1,2026-08-03 22:55:00,8751.61,97.63,TRADE
NSW1,2026-08-03 23:00:00,8729.01,97.92,TRADE
NSW1,2026-08-03 23:05:00,8689.8,107.12,TRADE
NSW1,2026-08-03 23:10:00,8656.62,97.63,TRADE
NSW1,2026-08-03 23:15:00,8614.72,97.65,TRADE
NSW1,2026-08-03 23:20:00,8483.94,95.0,TRADE
NSW1,2026-08-03 23:25:00,8594.18,95.0,TRADE
NSW1,2026-08-03 23:30:00,8402.16,84.79,TRADE
NSW1,2026-08-03 23:35:00,8365.14,84.79,TRADE
NSW1,2026-08-03 23:40:00,8398.95,95.0,TRADE
NSW1,2026-08-03 23:45:00,8341.95,83.99,TRADE
NSW1,2026-08-03 23:50:00,8258.86,72.6,TRADE
NSW1,2026-08-03 23:55:00,8272.44,83.33,TRADE
NSW1,2026-08-04 00:00:00,8300.76,84.79,TRADE
NSW1,2026-08-04 00:05:00,8226.62,73.64,TRADE
NSW1,2026-08-04 00:10:00,8404.44,92.92,TRADE
NSW1,2026-08-04 00:15:00,8314.33,84.79,TRADE
NSW1,2026-08-04 00:20:00,8326.39,83.99,TRADE
NSW1,2026-08-04 00:25:00,8291.91,83.99,TRADE
NSW1,2026-08-04 00:30:00,8354.11,84.02,TRADE
NSW1,2026-08-04 00:35:00,8292.51,75.25,TRADE
NSW1,2026-08-04 00:40:00,8238.58,83.99,TRADE
NSW1,2026-08-04 00:45:00,8165.66,83.99,TRADE
NSW1,2026-08-04 00:50:00,8057.59,83.99,TRADE
NSW1,2026-08-04 00:55:00,8102.57,73.86,TRADE
NSW1,2026-08-04 01:00:00,8067.01,73.88,TRADE
NSW1,2026-08-04 01:05:00,8044.1,83.99,TRADE
NSW1,2026-08-04 01:10:00,8065.76,83.99,TRADE
NSW1,2026-08-04 01:15:00,7904.82,77.7,TRADE
NSW1,2026-08-04 01:20:00,7826.3,75.31,TRADE
NSW1,2026-08-04 01:25:00,7784.74,74.87,TRADE
NSW1,2026-08-04 01:30:00,7757.67,74.41,TRADE
NSW1,2026-08-04 01:35:00,7723.96,73.44,TRADE
NSW1,2026-08-04 01:40:00,7782.93,73.97,TRADE
NSW1,2026-08-04 01:45:00,7747.73,74.89,TRADE
NSW1,2026-08-04 01:50:00,7727.13,81.97,TRADE
NSW1,2026-08-04 01:55:00,7653.05,73.32,TRADE
NSW1,2026-08-04 02:00:00,7649.21,67.79,TRADE
NSW1,2026-08-04 02:05:00,7549.95,71.91,TRADE
NSW1,2026-08-04 02:10:00,7710.42,74.5,TRADE
NSW1,2026-08-04 02:15:00,7602.98,73.99,TRADE
NSW1,2026-08-04 02:20:00,7631.65,74.48,TRADE
NSW1,2026-08-04 02:25:00,7657.93,80.62,TRADE
NSW1,2026-08-04 02:30:00,7599.97,77.34,TRADE
NSW1,2026-08-04 02:35:00,7492.31,74.06,TRADE
NSW1,2026-08-04 02:40:00,7537.53,84.79,TRADE
NSW1,2026-08-04 02:45:00,7512.57,83.99,TRADE
NSW1,2026-08-04 02:50:00,7538.27,83.99,TRADE
NSW1,2026-08-04 02:55:00,7502.31,74.02,TRADE
NSW1,2026-08-04 03:00:00,7411.43,69.99,TRADE
NSW1,2026-08-04 03:05:00,7462.96,72.63,TRADE
NSW1,2026-08-04 03:10:00,7470.53,72.18,TRADE
NSW1,2026-08-04 03:15:00,7432.84,73.02,TRADE
NSW1,2026-08-04 03:20:00,7396.42,70.42,TRADE
NSW1,2026-08-04 03:25:00,7380.55,71.58,TRADE
NSW1,2026-08-04 03:30:00,7401.11,69.99,TRADE
NSW1,2026-08-04 03:35:00,7328.52,69.99,TRADE
NSW1,2026-08-04 03:40:00,7376.6,61.53,TRADE
NSW1,2026-08-04 03:45:00,7504.52,71.24,TRADE
NSW1,2026-08-04 03:50:00,7366.23,68.32,TRADE
NSW1,2026-08-04 03:55:00,7479.45,80.85,TRADE
NSW1,2026-08-04 04:00:00,7389.02,69.99,TRADE
NSW1,2026-08-04 04:05:00,7354.17,64.95,TRADE
NSW1,2026-08-04 04:10:00,7415.58,93.51,TRADE
NSW1,2026-08-04 04:15:00,7463.67,76.0,TRADE
NSW1,2026-08-04 04:20:00,7487.91,71.12,TRADE
NSW1,2026-08-04 04:25:00,7489.57,71.1,TRADE
NSW1,2026-08-04 04:30:00,7524.41,94.46,TRADE
NSW1,2026-08-04 04:35:00,7515.13,83.99,TRADE
NSW1,2026-08-04 04:40:00,7591.07,80.0,TRADE
NSW1,2026-08-04 04:45:00,7608.79,80.0,TRADE
NSW1,2026-08-04 04:50:00,7565.65,80.0,TRADE
NSW1,2026-08-04 04:55:00,7558.01,80.0,TRADE
NSW1,2026-08-04 05:00:00,7609.57,84.79,TRADE
NSW1,2026-08-04 05:05:00,7732.27,95.0,TRADE
NSW1,2026-08-04 05:10:00,7859.83,89.85,TRADE
NSW1,2026-08-04 05:15:00,7915.85,95.0,TRADE
NSW1,2026-08-04 05:20:00,8023.69,97.64,TRADE
NSW1,2026-08-04 05:25:00,8107.23,97.65,TRADE
NSW1,2026-08-04 05:30:00,8177.31,101.1,TRADE
NSW1,2026-08-04 05:35:00,8218.23,97.64,TRADE
NSW1,2026-08-04 05:40:00,8297.16,95.0,TRADE
NSW1,2026-08-04 05:45:00,8368.08,97.63,TRADE
NSW1,2026-08-04 05:50:00,8373.28,92.42,TRADE
NSW1,2026-08-04 05:55:00,8535.68,90.49,TRADE
NSW1,2026-08-04 06:00:00,8594.63,101.1,TRADE
NSW1,2026-08-04 06:05:00,8745.54,90.49,TRADE
NSW1,2026-08-04 06:10:00,8886.43,91.03,TRADE
NSW1,2026-08-04 06:15:00,9078.65,92.64,TRADE
NSW1,2026-08-04 06:20:00,9270.26,97.64,TRADE
NSW1,2026-08-04 06:25:00,9347.56,99.9,TRADE
NSW1,2026-08-04 06:30:00,9510.1,97.64,TRADE
NSW1,2026-08-04 06:35:00,9560.76,83.99,TRADE
NSW1,2026-08-04 06:40:00,9714.47,84.79,TRADE
NSW1,2026-08-04 06:45:00,9837.99,97.64,TRADE
NSW1,2026-08-04 06:50:00,9992.26,98.34,TRADE
NSW1,2026-08-04 06:55:00,10063.64,101.1,TRADE
NSW1,2026-08-04 07:00:00,10190.32,101.1,TRADE
NSW1,2026-08-04 07:05:00,10267.48,101.1,TRADE
NSW1,2026-08-04 07:10:00,10353.5,101.1,TRADE
NSW1,2026-08-04 07:15:00,10443.24,101.1,TRADE
NSW1,2026-08-04 07:20:00,10569.83,126.69,TRADE
NSW1,2026-08-04 07:25:00,10606.06,93.07,TRADE
NSW1,2026-08-04 07:30:00,10614.17,88.56,TRADE
NSW1,2026-08-04 07:35:00,10487.17,90.49,TRADE
NSW1,2026-08-04 07:40:00,10424.02,82.31,TRADE
NSW1,2026-08-04 07:45:00,10381.03,75.79,TRADE
NSW1,2026-08-04 07:50:00,10315.66,72.02,TRADE
NSW1,2026-08-04 07:55:00,10189.31,66.03,TRADE
NSW1,2026-08-04 08:00:00,10146.84,64.89,TRADE
NSW1,2026-08-04 08:05:00,9997.2,56.77,TRADE
NSW1,2026-08-04 08:10:00,9968.29,56.73,TRADE
NSW1,2026-08-04 08:15:00,9893.76,57.12,TRADE
NSW1,2026-08-04 08:20:00,9720.85,69.99,TRADE
NSW1,2026-08-04 08:25:00,9526.62,58.95,TRADE
NSW1,2026-08-04 08:30:00,9625.96,59.05,TRADE
NSW1,2026-08-04 08:35:00,9289.02,64.95,TRADE
NSW1,2026-08-04 08:40:00,9418.63,69.99,TRADE
NSW1,2026-08-04 08:45:00,9293.67,65.0,TRADE
NSW1,2026-08-04 08:50:00,8954.15,64.95,TRADE
NSW1,2026-08-04 08:55:00,8964.35,54.0,TRADE
NSW1,2026-08-04 09:00:00,8889.61,52.25,TRADE
NSW1,2026-08-04 09:05:00,8637.74,65.0,TRADE
NSW1,2026-08-04 09:10:00,8636.0,65.0,TRADE
NSW1,2026-08-04 09:15:00,8548.05,64.95,TRADE
NSW1,2026-08-04 09:20:00,8423.75,52.25,TRADE
NSW1,2026-08-04 09:25:00,8287.69,29.67,TRADE
NSW1,2026-08-04 09:30:00,8282.56,52.25,TRADE
NSW1,2026-08-04 09:35:00,8154.62,57.39,TRADE
NSW1,2026-08-04 09:40:00,8112.15,52.25,TRADE
NSW1,2026-08-04 09:45:00,8081.66,52.25,TRADE
NSW1,2026-08-04 09:50:00,8017.35,42.8,TRADE
NSW1,2026-08-04 09:55:00,7962.48,52.25,TRADE
NSW1,2026-08-04 10:00:00,7674.39,52.21,TRADE
NSW1,2026-08-04 10:05:00,7732.94,52.21,TRADE
NSW1,2026-08-04 10:10:00,7653.68,52.25,TRADE
NSW1,2026-08-04 10:15:00,7615.95,52.25,TRADE
NSW1,2026-08-04 10:20:00,7459.09,52.25,TRADE
NSW1,2026-08-04 10:25:00,7395.3,52.21,TRADE
NSW1,2026-08-04 10:30:00,7311.67,52.25,TRADE
NSW1,2026-08-04 10:35:00,7251.63,52.25,TRADE
NSW1,2026-08-04 10:40:00,7216.81,29.23,TRADE
NSW1,2026-08-04 10:45:00,7164.72,52.21,TRADE
NSW1,2026-08-04 10:50:00,7015.07,42.8,TRADE
NSW1,2026-08-04 10:55:00,7033.26,42.5,TRADE
NSW1,2026-08-04 11:00:00,6939.14,42.54,TRADE
NSW1,2026-08-04 11:05:00,6903.71,52.21,TRADE
NSW1,2026-08-04 11:10:00,6899.34,52.21,TRADE
NSW1,2026-08-04 11:15:00,6826.5,52.21,TRADE
NSW1,2026-08-04 11:20:00,6832.95,52.21,TRADE
NSW1,2026-08-04 11:25:00,6738.14,50.94,TRADE
NSW1,2026-08-04 11:30:00,6600.49,39.72,TRADE
NSW1,2026-08-04 11:35:00,6733.07,41.88,TRADE
NSW1,2026-08-04 11:40:00,6674.57,0.0,TRADE
NSW1,2026-08-04 11:45:00,6730.22,32.83,TRADE
NSW1,2026-08-04 11:50:00,6673.52,52.25,TRADE
NSW1,2026-08-04 11:55:00,6492.52,52.25,TRADE
NSW1,2026-08-04 12:00:00,6350.43,42.8,TRADE
NSW1,2026-08-04 12:05:00,6485.87,42.5,TRADE
NSW1,2026-08-04 12:10:00,6508.79,52.25,TRADE
NSW1,2026-08-04 12:15:00,6436.83,42.54,TRADE
NSW1,2026-08-04 12:20:00,6396.76,42.54,TRADE
NSW1,2026-08-04 12:25:00,6315.59,11.78,TRADE
NSW1,2026-08-04 12:30:00,6375.14,23.99,TRADE
NSW1,2026-08-04 12:35:00,6321.37,-3.09,TRADE
NSW1,2026-08-04 12:40:00,6419.92,23.99,TRADE
NSW1,2026-08-04 12:45:00,6298.63,-6.1,TRADE
NSW1,2026-08-04 12:50:00,6288.44,8.52,TRADE
NSW1,2026-08-04 12:55:00,6342.81,23.95,TRADE
NSW1,2026-08-04 13:00:00,6250.21,10.94,TRADE
NSW1,2026-08-04 13:05:00,6327.78,20.88,TRADE
NSW1,2026-08-04 13:10:00,6252.53,23.99,TRADE
NSW1,2026-08-04 13:15:00,6212.67,-6.0,TRADE
NSW1,2026-08-04 13:20:00,6242.42,-6.83,TRADE
NSW1,2026-08-04 13:25:00,6311.78,25.04,TRADE
NSW1,2026-08-04 13:30:00,6140.65,-7.09,TRADE
NSW1,2026-08-04 13:35:00,6248.02,-3.0,TRADE
NSW1,2026-08-04 13:40:00,6360.15,23.99,TRADE
NSW1,2026-08-04 13:45:00,6208.37,-2.97,TRADE
NSW1,2026-08-04 13:50:00,6245.77,-6.9,TRADE
NSW1,2026-08-04 13:55:00,6376.58,-3.65,TRADE
NSW1,2026-08-04 14:00:00,6361.77,-7.14,TRADE
NSW1,2026-08-04 14:05:00,6322.2,-5.01,TRADE
NSW1,2026-08-04 14:10:00,6346.83,-6.0,TRADE
NSW1,2026-08-04 14:15:00,6343.74,-7.65,TRADE
NSW1,2026-08-04 14:20:00,6427.28,-7.8,TRADE
NSW1,2026-08-04 14:25:00,6509.55,-7.66,TRADE
NSW1,2026-08-04 14:30:00,6530.66,-7.21,TRADE
NSW1,2026-08-04 14:35:00,6607.18,-5.01,TRADE
NSW1,2026-08-04 14:40:00,6666.9,-4.2,TRADE
NSW1,2026-08-04 14:45:00,6762.1,-7.09,TRADE
NSW1,2026-08-04 14:50:00,6828.38,-8.12,TRADE
NSW1,2026-08-04 14:55:00,6875.19,-2.0,TRADE
NSW1,2026-08-04 15:00:00,6909.91,-8.1,TRADE
NSW1,2026-08-04 15:05:00,7027.89,-8.11,TRADE
NSW1,2026-08-04 15:10:00,7084.04,-7.35,TRADE
NSW1,2026-08-04 15:15:00,7113.65,-7.73,TRADE
NSW1,2026-08-04 15:20:00,7257.59,-5.86,TRADE
NSW1,2026-08-04 15:25:00,7366.73,22.85,TRADE
NSW1,2026-08-04 15:30:00,7471.23,42.54,TRADE
NSW1,2026-08-04 15:35:00,7557.49,23.2,TRADE
NSW1,2026-08-04 15:40:00,7607.58,27.13,TRADE
NSW1,2026-08-04 15:45:00,7759.59,23.95,TRADE
NSW1,2026-08-04 15:50:00,7892.9,23.64,TRADE
NSW1,2026-08-04 15:55:00,7943.37,69.99,TRADE
NSW1,2026-08-04 16:00:00,8084.53,76.78,TRADE
NSW1,2026-08-04 16:05:00,8220.32,82.72,TRADE
NSW1,2026-08-04 16:10:00,8385.34,59.39,TRADE
NSW1,2026-08-04 16:15:00,8392.19,38.51,TRADE
NSW1,2026-08-04 16:20:00,8618.0,75.23,TRADE
NSW1,2026-08-04 16:25:00,8646.7,88.01,TRADE
NSW1,2026-08-04 16:30:00,8854.59,95.3,TRADE
NSW1,2026-08-04 16:35:00,8946.68,95.04,TRADE
NSW1,2026-08-04 16:40:00,9148.36,112.64,TRADE
NSW1,2026-08-04 16:45:00,9302.25,117.41,TRADE
NSW1,2026-08-04 16:50:00,9394.27,129.32,TRADE
NSW1,2026-08-04 16:55:00,9515.04,131.89,TRADE
NSW1,2026-08-04 17:00:00,9594.54,131.88,TRADE
NSW1,2026-08-04 17:05:00,9707.5,124.98,TRADE
NSW1,2026-08-04 17:10:00,9775.19,113.5,TRADE
NSW1,2026-08-04 17:15:00,9818.46,122.86,TRADE
NSW1,2026-08-04 17:20:00,9918.25,124.98,TRADE
NSW1,2026-08-04 17:25:00,10145.89,128.82,TRADE
NSW1,2026-08-04 17:30:00,10253.21,133.5,TRADE
NSW1,2026-08-04 17:35:00,10299.72,124.98,TRADE
NSW1,2026-08-04 17:40:00,10505.61,137.89,TRADE
NSW1,2026-08-04 17:45:00,10498.43,130.01,TRADE
NSW1,2026-08-04 17:50:00,10686.89,131.82,TRADE
NSW1,2026-08-04 17:55:00,10788.32,136.66,TRADE
NSW1,2026-08-04 18:00:00,10841.88,130.01,TRADE
NSW1,2026-08-04 18:05:00,10887.43,124.98,TRADE
NSW1,2026-08-04 18:10:00,10845.16,124.98,TRADE
NSW1,2026-08-04 18:15:00,10902.92,128.72,TRADE
NSW1,2026-08-04 18:20:00,10872.0,129.99,TRADE
NSW1,2026-08-04 18:25:00,10982.13,129.99,TRADE
NSW1,2026-08-04 18:30:00,10991.58,129.99,TRADE
NSW1,2026-08-04 18:35:00,10977.01,124.98,TRADE
NSW1,2026-08-04 18:40:00,10987.99,128.19,TRADE
NSW1,2026-08-04 18:45:00,10929.47,126.7,TRADE
NSW1,2026-08-04 18:50:00,11024.31,127.46,TRADE
NSW1,2026-08-04 18:55:00,10991.97,126.67,TRADE
NSW1,2026-08-04 19:00:00,11001.95,127.65,TRADE
NSW1,2026-08-04 19:05:00,10839.98,126.83,TRADE
NSW1,2026-08-04 19:10:00,10859.74,129.99,TRADE
NSW1,2026-08-04 19:15:00,10850.39,129.99,TRADE
NSW1,2026-08-04 19:20:00,10808.49,125.33,TRADE
NSW1,2026-08-04 19:25:00,10908.62,129.42,TRADE
NSW1,2026-08-04 19:30:00,10791.49,127.05,TRADE
NSW1,2026-08-04 19:35:00,10725.75,125.49,TRADE
NSW1,2026-08-04 19:40:00,10790.62,129.99,TRADE
NSW1,2026-08-04 19:45:00,10745.56,128.24,TRADE
NSW1,2026-08-04 19:50:00,10758.74,124.19,TRADE
NSW1,2026-08-04 19:55:00,10761.65,125.65,TRADE
NSW1,2026-08-04 20:00:00,10704.84,129.99,TRADE
NSW1,2026-08-04 20:05:00,10666.35,129.99,TRADE
NSW1,2026-08-04 20:10:00,10652.97,129.99,TRADE
NSW1,2026-08-04 20:15:00,10687.11,129.99,TRADE
NSW1,2026-08-04 20:20:00,10705.74,139.41,TRADE
NSW1,2026-08-04 20:25:00,10517.42,130.29,TRADE
NSW1,2026-08-04 20:30:00,10636.47,130.01,TRADE
NSW1,2026-08-04 20:35:00,10569.37,133.81,TRADE
NSW1,2026-08-04 20:40:00,10513.13,146.0,TRADE
NSW1,2026-08-04 20:45:00,10323.79,137.89,TRADE
NSW1,2026-08-04 20:50:00,10308.5,129.99,TRADE
NSW1,2026-08-04 20:55:00,10254.08,129.99,TRADE
NSW1,2026-08-04 21:00:00,10276.01,129.99,TRADE
NSW1,2026-08-04 21:05:00,10265.56,146.0,TRADE
NSW1,2026-08-04 21:10:00,10114.14,130.45,TRADE
NSW1,2026-08-04 21:15:00,10092.99,146.0,TRADE
NSW1,2026-08-04 21:20:00,9948.21,141.45,TRADE
NSW1,2026-08-04 21:25:00,9956.46,140.0,TRADE
NSW1,2026-08-04 21:30:00,9901.05,130.01,TRADE
NSW1,2026-08-04 21:35:00,9897.23,140.0,TRADE
NSW1,2026-08-04 21:40:00,9763.34,145.65,TRADE
NSW1,2026-08-04 21:45:00,9658.6,134.86,TRADE
NSW1,2026-08-04 21:50:00,9713.51,134.23,TRADE
NSW1,2026-08-04 21:55:00,9634.65,133.75,TRADE
NSW1,2026-08-04 22:00:00,9560.11,129.27,TRADE
NSW1,2026-08-04 22:05:00,9523.16,140.0,TRADE
NSW1,2026-08-04 22:10:00,9448.53,141.6,TRADE
NSW1,2026-08-04 22:15:00,9506.24,146.0,TRADE
NSW1,2026-08-04 22:20:00,9471.97,143.62,TRADE
NSW1,2026-08-04 22:25:00,9335.82,129.99,TRADE
NSW1,2026-08-04 22:30:00,9387.08,129.99,TRADE
NSW1,2026-08-04 22:35:00,9334.72,126.23,TRADE
NSW1,2026-08-04 22:40:00,9183.72,126.21,TRADE
NSW1,2026-08-04 22:45:00,9196.82,114.54,TRADE
NSW1,2026-08-04 22:50:00,9070.17,116.49,TRADE
NSW1,2026-08-04 22:55:00,8995.91,106.51,TRADE
NSW1,2026-08-04 23:00:00,9018.22,111.0,TRADE
NSW1,2026-08-04 23:05:00,8970.85,111.0,TRADE
NSW1,2026-08-04 23:10:00,8963.06,110.92,TRADE
NSW1,2026-08-04 23:15:00,8785.73,106.44,TRADE
NSW1,2026-08-04 23:20:00,8784.72,107.83,TRADE
NSW1,2026-08-04 23:25:00,8764.21,111.0,TRADE
NSW1,2026-08-04 23:30:00,8780.98,111.0,TRADE
NSW1,2026-08-04 23:35:00,8726.65,114.54,TRADE
NSW1,2026-08-04 23:40:00,8709.05,123.22,TRADE
NSW1,2026-08-04 23:45:00,8570.92,106.86,TRADE
NSW1,2026-08-04 23:50:00,8602.16,108.26,TRADE
NSW1,2026-08-04 23:55:00,8543.21,102.69,TRADE
NSW1,2026-08-05 00:00:00,8472.21,97.63,TRADE
NSW1,2026-08-05 00:05:00,8458.34,105.16,TRADE
NSW1,2026-08-05 00:10:00,8597.54,121.68,TRADE
NSW1,2026-08-05 00:15:00,8638.35,123.79,TRADE
NSW1,2026-08-05 00:20:00,8507.93,104.83,TRADE
NSW1,2026-08-05 00:25:00,8523.05,106.43,TRADE
NSW1,2026-08-05 00:30:00,8503.66,113.94,TRADE
NSW1,2026-08-05 00:35:00,8539.88,106.29,TRADE
NSW1,2026-08-05 00:40:00,8470.93,104.57,TRADE
NSW1,2026-08-05 00:45:00,8429.38,115.62,TRADE
NSW1,2026-08-05 00:50:00,8314.21,99.2,TRADE
NSW1,2026-08-05 00:55:00,8309.03,106.42,TRADE
NSW1,2026-08-05 01:00:00,8301.13,106.33,TRADE
NSW1,2026-08-05 01:05:00,8269.62,114.3,TRADE
NSW1,2026-08-05 01:10:00,8244.79,105.02,TRADE
NSW1,2026-08-05 01:15:00,8143.83,105.8,TRADE
NSW1,2026-08-05 01:20:00,8118.22,107.17,TRADE
NSW1,2026-08-05 01:25:00,8056.37,99.2,TRADE
NSW1,2026-08-05 01:30:00,8026.13,103.86,TRADE
NSW1,2026-08-05 01:35:00,8033.91,99.2,TRADE
NSW1,2026-08-05 01:40:00,8000.35,100.94,TRADE
NSW1,2026-08-05 01:45:00,7993.28,94.46,TRADE
NSW1,2026-08-05 01:50:00,7997.48,97.63,TRADE
NSW1,2026-08-05 01:55:00,7880.34,99.2,TRADE
NSW1,2026-08-05 02:00:00,7860.99,99.2,TRADE
NSW1,2026-08-05 02:05:00,7835.32,92.11,TRADE
NSW1,2026-08-05 02:10:00,7859.51,92.73,TRADE
NSW1,2026-08-05 02:15:00,7822.1,99.2,TRADE
NSW1,2026-08-05 02:20:00,7825.62,99.2,TRADE
NSW1,2026-08-05 02:25:00,7734.54,88.81,TRADE
NSW1,2026-08-05 02:30:00,7760.06,92.37,TRADE
NSW1,2026-08-05 02:35:00,7696.73,97.63,TRADE
NSW1,2026-08-05 02:40:00,7690.77,99.2,TRADE
NSW1,2026-08-05 02:45:00,7669.59,99.01,TRADE
NSW1,2026-08-05 02:50:00,7673.13,97.63,TRADE
NSW1,2026-08-05 02:55:00,7671.97,83.53,TRADE
NSW1,2026-08-05 03:00:00,7725.03,99.01,TRADE
NSW1,2026-08-05 03:05:00,7667.44,99.01,TRADE
NSW1,2026-08-05 03:10:00,7660.27,81.91,TRADE
NSW1,2026-08-05 03:15:00,7673.52,85.54,TRADE
NSW1,2026-08-05 03:20:00,7672.11,99.01,TRADE
NSW1,2026-08-05 03:25:00,7682.45,91.73,TRADE
NSW1,2026-08-05 03:30:00,7717.48,97.08,TRADE
NSW1,2026-08-05 03:35:00,7635.76,85.54,TRADE
NSW1,2026-08-05 03:40:00,7709.62,83.99,TRADE
NSW1,2026-08-05 03:45:00,7661.92,84.12,TRADE
NSW1,2026-08-05 03:50:00,7684.62,85.54,TRADE
NSW1,2026-08-05 03:55:00,7629.58,85.54,TRADE
NSW1,2026-08-05 04:00:00,7684.76,85.54,TRADE
NSW1,2026-08-05 04:05:00,7671.78,77.33,TRADE
NSW1,2026-08-05 04:10:00,7740.38,86.06,TRADE
NSW1,2026-08-05 04:15:00,7753.93,99.01,TRADE
NSW1,2026-08-05 04:20:00,7668.99,85.54,TRADE
NSW1,2026-08-05 04:25:00,7733.83,83.99,TRADE
NSW1,2026-08-05 04:30:00,7707.22,86.35,TRADE
NSW1,2026-08-05 04:35:00,7757.57,101.99,TRADE
NSW1,2026-08-05 04:40:00,7724.43,85.54,TRADE
NSW1,2026-08-05 04:45:00,7747.07,88.88,TRADE
NSW1,2026-08-05 04:50:00,7771.12,92.79,TRADE
NSW1,2026-08-05 04:55:00,7891.16,109.18,TRADE
NSW1,2026-08-05 05:00:00,7863.53,112.76,TRADE
NSW1,2026-08-05 05:05:00,7933.86,97.63,TRADE
NSW1,2026-08-05 05:10:00,8053.87,111.02,TRADE
NSW1,2026-08-05 05:15:00,8139.11,111.02,TRADE
NSW1,2026-08-05 05:20:00,8179.88,111.02,TRADE
NSW1,2026-08-05 05:25:00,8203.12,111.29,TRADE
NSW1,2026-08-05 05:30:00,8264.21,113.94,TRADE
NSW1,2026-08-05 05:35:00,8409.78,103.34,TRADE
NSW1,2026-08-05 05:40:00,8435.79,111.02,TRADE
NSW1,2026-08-05 05:45:00,8574.18,113.5,TRADE
NSW1,2026-08-05 05:50:00,8626.33,113.5,TRADE
NSW1,2026-08-05 05:55:00,8708.26,113.5,TRADE
NSW1,2026-08-05 06:00:00,8795.72,129.99,TRADE
NSW1,2026-08-05 06:05:00,8923.7,111.02,TRADE
NSW1,2026-08-05 06:10:00,9120.38,113.5,TRADE
NSW1,2026-08-05 06:15:00,9321.64,113.5,TRADE
NSW1,2026-08-05 06:20:00,9469.56,113.5,TRADE
NSW1,2026-08-05 06:25:00,9657.63,130.01,TRADE
NSW1,2026-08-05 06:30:00,9733.64,130.01,TRADE
NSW1,2026-08-05 06:35:00,9841.89,119.05,TRADE
NSW1,2026-08-05 06:40:00,9997.31,127.57,TRADE
NSW1,2026-08-05 06:45:00,10119.07,141.52,TRADE
NSW1,2026-08-05 06:50:00,10174.63,143.26,TRADE
NSW1,2026-08-05 06:55:00,10279.61,187.63,TRADE
NSW1,2026-08-05 07:00:00,10350.76,147.69,TRADE
NSW1,2026-08-05 07:05:00,10533.58,137.92,TRADE
NSW1,2026-08-05 07:10:00,10581.03,138.17,TRADE
NSW1,2026-08-05 07:15:00,10672.68,144.29,TRADE
NSW1,2026-08-05 07:20:00,10664.22,134.86,TRADE
NSW1,2026-08-05 07:25:00,10721.21,134.86,TRADE
NSW1,2026-08-05 07:30:00,10824.11,134.86,TRADE
NSW1,2026-08-05 07:35:00,10806.56,129.53,TRADE
NSW1,2026-08-05 07:40:00,10700.28,113.5,TRADE
NSW1,2026-08-05 07:45:00,10707.32,118.79,TRADE
NSW1,2026-08-05 07:50:00,10676.65,118.79,TRADE
NSW1,2026-08-05 07:55:00,10546.73,113.5,TRADE
NSW1,2026-08-05 08:00:00,10482.93,113.5,TRADE
NSW1,2026-08-05 08:05:00,10370.14,129.99,TRADE
NSW1,2026-08-05 08:10:00,10279.59,126.82,TRADE
NSW1,2026-08-05 08:15:00,10189.42,121.1,TRADE
NSW1,2026-08-05 08:20:00,10125.95,118.79,TRADE
NSW1,2026-08-05 08:25:00,10024.67,128.92,TRADE
NSW1,2026-08-05 08:30:00,9846.81,114.54,TRADE
NSW1,2026-08-05 08:35:00,9678.28,129.99,TRADE
NSW1,2026-08-05 08:40:00,9630.65,129.23,TRADE
NSW1,2026-08-05 08:45:00,9422.84,97.63,TRADE
NSW1,2026-08-05 08:50:00,9252.98,65.0,TRADE
NSW1,2026-08-05 08:55:00,9242.6,73.08,TRADE
NSW1,2026-08-05 09:00:00,9010.45,68.02,TRADE
NSW1,2026-08-05 09:05:00,8909.83,68.02,TRADE
NSW1,2026-08-05 09:10:00,8816.84,73.2,TRADE
NSW1,2026-08-05 09:15:00,8721.64,73.2,TRADE
NSW1,2026-08-05 09:20:00,8529.93,73.2,TRADE
NSW1,2026-08-05 09:25:00,8512.54,73.2,TRADE
NSW1,2026-08-05 09:30:00,8423.79,73.2,TRADE
NSW1,2026-08-05 09:35:00,8355.45,73.2,TRADE
NSW1,2026-08-05 09:40:00,8363.83,73.2,TRADE
NSW1,2026-08-05 09:45:00,8242.15,69.99,TRADE
NSW1,2026-08-05 09:50:00,8217.14,69.99,TRADE
NSW1,2026-08-05 09:55:00,8232.38,69.99,TRADE
NSW1,2026-08-05 10:00:00,8032.62,69.99,TRADE
NSW1,2026-08-05 10:05:00,7944.25,73.2,TRADE
NSW1,2026-08-05 10:10:00,7954.65,73.2,TRADE
NSW1,2026-08-05 10:15:00,7803.25,65.0,TRADE
NSW1,2026-08-05 10:20:00,7716.31,65.0,TRADE
NSW1,2026-08-05 10:25:00,7632.3,64.96,TRADE
NSW1,2026-08-05 10:30:00,7514.88,64.95,TRADE
NSW1,2026-08-05 10:35:00,7424.2,73.2,TRADE
NSW1,2026-08-05 10:40:00,7336.06,65.0,TRADE
NSW1,2026-08-05 10:45:00,7238.35,50.62,TRADE
NSW1,2026-08-05 10:50:00,7353.55,42.08,TRADE
NSW1,2026-08-05 10:55:00,7276.49,73.2,TRADE
NSW1,2026-08-05 11:00:00,7079.86,54.15,TRADE
NSW1,2026-08-05 11:05:00,7083.69,65.0,TRADE
NSW1,2026-08-05 11:10:00,7118.29,65.0,TRADE
NSW1,2026-08-05 11:15:00,7115.47,65.0,TRADE
NSW1,2026-08-05 11:20:00,6960.04,41.76,TRADE
NSW1,2026-08-05 11:25:00,6924.25,41.76,TRADE
NSW1,2026-08-05 11:30:00,6918.84,-5.87,TRADE
NSW1,2026-08-05 11:35:00,6956.61,-3.0,TRADE
NSW1,2026-08-05 11:40:00,6931.19,42.52,TRADE
NSW1,2026-08-05 11:45:00,6727.91,-5.91,TRADE
NSW1,2026-08-05 11:50:00,6835.22,-5.99,TRADE
NSW1,2026-08-05 11:55:00,6794.27,13.26,TRADE
NSW1,2026-08-05 12:00:00,6728.08,13.26,TRADE
NSW1,2026-08-05 12:05:00,6698.22,13.26,TRADE
NSW1,2026-08-05 12:10:00,6710.4,13.26,TRADE
NSW1,2026-08-05 12:15:00,6663.47,13.26,TRADE
NSW1,2026-08-05 12:20:00,6665.01,28.95,TRADE
NSW1,2026-08-05 12:25:00,6546.45,41.05,TRADE
NSW1,2026-08-05 12:30:00,6552.39,42.54,TRADE
NSW1,2026-08-05 12:35:00,6498.58,44.44,TRADE
NSW1,2026-08-05 12:40:00,6401.31,25.12,TRADE
NSW1,2026-08-05 12:45:00,6436.65,42.52,TRADE
NSW1,2026-08-05 12:50:00,6420.14,57.39,TRADE
NSW1,2026-08-05 12:55:00,6366.53,64.95,TRADE
NSW1,2026-08-05 13:00:00,6288.1,63.22,TRADE
NSW1,2026-08-05 13:05:00,6399.01,28.95,TRADE
NSW1,2026-08-05 13:10:00,6534.18,0.9,TRADE
NSW1,2026-08-05 13:15:00,6573.17,25.1,TRADE
NSW1,2026-08-05 13:20:00,6578.76,42.54,TRADE
NSW1,2026-08-05 13:25:00,6610.43,52.21,TRADE
NSW1,2026-08-05 13:30:00,6534.12,40.0,TRADE
NSW1,2026-08-05 13:35:00,6668.71,42.54,TRADE
NSW1,2026-08-05 13:40:00,6660.61,52.21,TRADE
NSW1,2026-08-05 13:45:00,6589.24,64.95,TRADE
NSW1,2026-08-05 13:50:00,6512.61,13.26,TRADE
NSW1,2026-08-05 13:55:00,6682.62,25.1,TRADE
NSW1,2026-08-05 14:00:00,6623.07,65.0,TRADE
NSW1,2026-08-05 14:05:00,6646.45,65.0,TRADE
NSW1,2026-08-05 14:10:00,6579.55,57.39,TRADE
NSW1,2026-08-05 14:15:00,6749.35,65.0,TRADE
NSW1,2026-08-05 14:20:00,6750.11,65.0,TRADE
NSW1,2026-08-05 14:25:00,6694.35,40.0,TRADE
NSW1,2026-08-05 14:30:00,6858.8,13.26,TRADE
NSW1,2026-08-05 14:35:00,6908.8,25.12,TRADE
NSW1,2026-08-05 14:40:00,6951.33,65.0,TRADE
NSW1,2026-08-05 14:45:00,6944.8,65.0,TRADE
NSW1,2026-08-05 14:50:00,7019.37,57.31,TRADE
NSW1,2026-08-05 14:55:00,7148.8,57.39,TRADE
NSW1,2026-08-05 15:00:00,7168.84,40.51,TRADE
NSW1,2026-08-05 15:05:00,7346.58,42.08,TRADE
NSW1,2026-08-05 15:10:00,7424.26,57.39,TRADE
NSW1,2026-08-05 15:15:00,7540.58,42.54,TRADE
NSW1,2026-08-05 15:20:00,7564.53,25.12,TRADE
NSW1,2026-08-05 15:25:00,7693.63,42.54,TRADE
NSW1,2026-08-05 15:30:00,7893.18,51.07,TRADE
NSW1,2026-08-05 15:35:00,7974.65,57.39,TRADE
NSW1,2026-08-05 15:40:00,8015.52,68.95,TRADE
NSW1,2026-08-05 15:45:00,8181.29,108.88,TRADE
NSW1,2026-08-05 15:50:00,8224.3,75.52,TRADE
NSW1,2026-08-05 15:55:00,8362.07,97.63,TRADE
NSW1,2026-08-05 16:00:00,8473.64,108.79,TRADE
NSW1,2026-08-05 16:05:00,8630.3,99.01,TRADE
NSW1,2026-08-05 16:10:00,8712.26,92.69,TRADE
NSW1,2026-08-05 16:15:00,8890.78,97.63,TRADE
NSW1,2026-08-05 16:20:00,8979.92,113.94,TRADE
NSW1,2026-08-05 16:25:00,6651.6,-18.51,TRADE
NSW1,2026-08-05 16:30:00,9301.92,169.24,TRADE
NSW1,2026-08-05 16:35:00,9276.37,137.71,TRADE
NSW1,2026-08-05 16:40:00,9531.18,230.59,TRADE
NSW1,2026-08-05 16:45:00,9528.47,169.25,TRADE
NSW1,2026-08-05 16:50:00,9732.89,169.24,TRADE
NSW1,2026-08-05 16:55:00,9850.49,169.24,TRADE
NSW1,2026-08-05 17:00:00,9966.76,169.24,TRADE
NSW1,2026-08-05 17:05:00,10086.7,169.25,TRADE
NSW1,2026-08-05 17:10:00,10119.69,169.25,TRADE
NSW1,2026-08-05 17:15:00,10216.65,174.59,TRADE
NSW1,2026-08-05 17:20:00,10384.08,201.01,TRADE
NSW1,2026-08-05 17:25:00,10436.79,225.67,TRADE
NSW1,2026-08-05 17:30:00,10567.96,187.53,TRADE
NSW1,2026-08-05 17:35:00,10764.93,162.79,TRADE
NSW1,2026-08-05 17:40:00,10985.77,169.24,TRADE
NSW1,2026-08-05 17:45:00,11104.75,241.01,TRADE
NSW1,2026-08-05 17:50:00,11031.25,174.45,TRADE
NSW1,2026-08-05 17:55:00,11190.22,225.67,TRADE
NSW1,2026-08-05 18:00:00,11134.37,230.59,TRADE
NSW1,2026-08-05 18:05:00,11168.2,169.68,TRADE
NSW1,2026-08-05 18:10:00,11194.11,169.24,TRADE
NSW1,2026-08-05 18:15:00,11209.45,210.18,TRADE
NSW1,2026-08-05 18:20:00,11227.98,218.18,TRADE
NSW1,2026-08-05 18:25:00,11182.79,169.24,TRADE
NSW1,2026-08-05 18:30:00,11266.68,174.59,TRADE
NSW1,2026-08-05 18:35:00,11319.01,225.67,TRADE
NSW1,2026-08-05 18:40:00,11221.51,199.49,TRADE
NSW1,2026-08-05 18:45:00,11183.61,169.24,TRADE
NSW1,2026-08-05 18:50:00,11269.22,154.33,TRADE
NSW1,2026-08-05 18:55:00,11294.99,189.47,TRADE
NSW1,2026-08-05 19:00:00,11184.47,174.59,TRADE
NSW1,2026-08-05 19:05:00,11215.27,168.09,TRADE
NSW1,2026-08-05 19:10:00,11182.1,157.47,TRADE
NSW1,2026-08-05 19:15:00,11174.16,157.55,TRADE
NSW1,2026-08-05 19:20:00,11133.89,169.22,TRADE
NSW1,2026-08-05 19:25:00,11218.79,167.47,TRADE
NSW1,2026-08-05 19:30:00,11183.93,166.69,TRADE
NSW1,2026-08-05 19:35:00,11083.45,173.65,TRADE
NSW1,2026-08-05 19:40:00,11081.04,168.67,TRADE
NSW1,2026-08-05 19:45:00,11028.66,152.53,TRADE
NSW1,2026-08-05 19:50:00,11093.95,161.39,TRADE
NSW1,2026-08-05 19:55:00,11042.74,168.67,TRADE
NSW1,2026-08-05 20:00:00,11005.51,153.35,TRADE
NSW1,2026-08-05 20:05:00,10968.76,168.31,TRADE
NSW1,2026-08-05 20:10:00,10915.67,171.03,TRADE
NSW1,2026-08-05 20:15:00,10965.23,169.24,TRADE
NSW1,2026-08-05 20:20:00,10939.8,165.74,TRADE
NSW1,2026-08-05 20:25:00,10883.27,165.94,TRADE
NSW1,2026-08-05 20:30:00,10878.37,167.39,TRADE
NSW1,2026-08-05 20:35:00,10811.18,169.24,TRADE
NSW1,2026-08-05 20:40:00,10824.92,167.35,TRADE
NSW1,2026-08-05 20:45:00,10692.16,154.77,TRADE
NSW1,2026-08-05 20:50:00,10678.17,168.67,TRADE
NSW1,2026-08-05 20:55:00,10610.06,166.9,TRADE
NSW1,2026-08-05 21:00:00,10508.88,146.0,TRADE
NSW1,2026-08-05 21:05:00,10558.9,169.24,TRADE
NSW1,2026-08-05 21:10:00,10464.23,168.67,TRADE
NSW1,2026-08-05 21:15:00,10350.75,168.67,TRADE
NSW1,2026-08-05 21:20:00,10326.36,165.35,TRADE
NSW1,2026-08-05 21:25:00,10308.95,169.24,TRADE
NSW1,2026-08-05 21:30:00,10198.48,146.0,TRADE
NSW1,2026-08-05 21:35:00,10199.75,168.67,TRADE
NSW1,2026-08-05 21:40:00,10074.57,146.0,TRADE
NSW1,2026-08-05 21:45:00,10022.55,164.84,TRADE
NSW1,2026-08-05 21:50:00,9921.72,146.0,TRADE
NSW1,2026-08-05 21:55:00,9877.01,146.0,TRADE
NSW1,2026-08-05 22:00:00,9783.66,134.66,TRADE
NSW1,2026-08-05 22:05:00,9601.06,141.01,TRADE
NSW1,2026-08-05 22:10:00,9705.52,143.72,TRADE
NSW1,2026-08-05 22:15:00,9677.12,134.79,TRADE
NSW1,2026-08-05 22:20:00,9641.3,142.76,TRADE
NSW1,2026-08-05 22:25:00,9541.34,139.19,TRADE
NSW1,2026-08-05 22:30:00,9533.52,134.86,TRADE
NSW1,2026-08-05 22:35:00,9467.98,140.29,TRADE
NSW1,2026-08-05 22:40:00,9474.35,145.98,TRADE
NSW1,2026-08-05 22:45:00,9364.08,145.03,TRADE
NSW1,2026-08-05 22:50:00,9312.98,129.99,TRADE
NSW1,2026-08-05 22:55:00,9217.67,129.67,TRADE
NSW1,2026-08-05 23:00:00,9177.5,121.34,TRADE
NSW1,2026-08-05 23:05:00,9125.48,136.32,TRADE
NSW1,2026-08-05 23:10:00,9089.52,146.0,TRADE
NSW1,2026-08-05 23:15:00,9023.74,136.41,TRADE
NSW1,2026-08-05 23:20:00,8984.59,129.99,TRADE
NSW1,2026-08-05 23:25:00,8891.05,117.81,TRADE
NSW1,2026-08-05 23:30:00,8902.06,119.76,TRADE
NSW1,2026-08-05 23:35:00,8850.29,114.54,TRADE
NSW1,2026-08-05 23:40:00,8763.38,133.74,TRADE
NSW1,2026-08-05 23:45:00,8735.06,111.0,TRADE
NSW1,2026-08-05 23:50:00,8729.87,111.0,TRADE
NSW1,2026-08-05 23:55:00,8617.93,130.28,TRADE
NSW1,2026-08-06 00:00:00,8619.69,100.07,TRADE
NSW1,2026-08-06 00:05:00,8624.01,111.0,TRADE
NSW1,2026-08-06 00:10:00,8735.25,163.35,TRADE
NSW1,2026-08-06 00:15:00,8706.28,129.87,TRADE
NSW1,2026-08-06 00:20:00,8695.99,111.0,TRADE
NSW1,2026-08-06 00:25:00,8708.18,111.0,TRADE
NSW1,2026-08-06 00:30:00,8658.66,111.0,TRADE
NSW1,2026-08-06 00:35:00,8608.32,112.89,TRADE
NSW1,2026-08-06 00:40:00,8584.73,112.89,TRADE
NSW1,2026-08-06 00:45:00,8480.32,110.32,TRADE
NSW1,2026-08-06 00:50:00,8506.73,116.16,TRADE
NSW1,2026-08-06 00:55:00,8469.96,124.32,TRADE
NSW1,2026-08-06 01:00:00,8453.87,111.0,TRADE
NSW1,2026-08-06 01:05:00,8477.63,111.0,TRADE
NSW1,2026-08-06 01:10:00,8440.32,110.5,TRADE
NSW1,2026-08-06 01:15:00,8317.88,116.43,TRADE
NSW1,2026-08-06 01:20:00,8309.5,111.69,TRADE
NSW1,2026-08-06 01:25:00,8248.37,108.0,TRADE
NSW1,2026-08-06 01:30:00,8189.04,112.02,TRADE
NSW1,2026-08-06 01:35:00,8194.81,131.79,TRADE
NSW1,2026-08-06 01:40:00,8181.79,111.31,TRADE
NSW1,2026-08-06 01:45:00,8166.53,112.19,TRADE
NSW1,2026-08-06 01:50:00,8182.1,124.29,TRADE
NSW1,2026-08-06 01:55:00,8097.19,115.62,TRADE
NSW1,2026-08-06 02:00:00,8014.27,101.95,TRADE
NSW1,2026-08-06 02:05:00,8034.2,115.62,TRADE
NSW1,2026-08-06 02:10:00,7973.51,129.35,TRADE
NSW1,2026-08-06 02:15:00,7943.31,115.62,TRADE
NSW1,2026-08-06 02:20:00,7913.05,115.62,TRADE
NSW1,2026-08-06 02:25:00,7925.01,115.62,TRADE
NSW1,2026-08-06 02:30:00,7874.73,115.62,TRADE
NSW1,2026-08-06 02:35:00,7812.31,115.62,TRADE
NSW1,2026-08-06 02:40:00,7876.95,115.62,TRADE
NSW1,2026-08-06 02:45:00,7771.64,106.37,TRADE
NSW1,2026-08-06 02:50:00,7874.59,113.66,TRADE
NSW1,2026-08-06 02:55:00,7825.85,115.62,TRADE
NSW1,2026-08-06 03:00:00,7803.28,108.32,TRADE
NSW1,2026-08-06 03:05:00,7833.76,111.06,TRADE
NSW1,2026-08-06 03:10:00,7869.54,115.62,TRADE
NSW1,2026-08-06 03:15:00,7778.77,115.62,TRADE
NSW1,2026-08-06 03:20:00,7786.26,115.62,TRADE
NSW1,2026-08-06 03:25:00,7808.46,115.62,TRADE
NSW1,2026-08-06 03:30:00,7774.14,115.62,TRADE
NSW1,2026-08-06 03:35:00,7828.01,115.62,TRADE
NSW1,2026-08-06 03:40:00,7835.09,115.62,TRADE
NSW1,2026-08-06 03:45:00,7839.64,123.27,TRADE
NSW1,2026-08-06 03:50:00,7838.43,115.62,TRADE
NSW1,2026-08-06 03:55:00,7843.51,115.62,TRADE
NSW1,2026-08-06 04:00:00,7895.28,115.62,TRADE
NSW1,2026-08-06 04:05:00,7861.85,114.8,TRADE
NSW1,2026-08-06 04:10:00,7902.49,116.92,TRADE
NSW1,2026-08-06 04:15:00,7865.51,114.8,TRADE
NSW1,2026-08-06 04:20:00,7937.97,114.8,TRADE
NSW1,2026-08-06 04:25:00,7974.16,119.72,TRADE
NSW1,2026-08-06 04:30:00,7977.53,116.01,TRADE
NSW1,2026-08-06 04:35:00,8002.17,120.73,TRADE
NSW1,2026-08-06 04:40:00,8088.51,119.78,TRADE
NSW1,2026-08-06 04:45:00,8105.73,118.78,TRADE
NSW1,2026-08-06 04:50:00,8190.41,119.84,TRADE
NSW1,2026-08-06 04:55:00,8219.68,121.62,TRADE
NSW1,2026-08-06 05:00:00,8287.93,119.69,TRADE
NSW1,2026-08-06 05:05:00,8307.71,131.6,TRADE
NSW1,2026-08-06 05:10:00,8324.72,134.86,TRADE
NSW1,2026-08-06 05:15:00,8371.31,140.8,TRADE
NSW1,2026-08-06 05:20:00,8502.65,134.51,TRADE
NSW1,2026-08-06 05:25:00,8627.76,155.45,TRADE
NSW1,2026-08-06 05:30:00,8536.4,145.26,TRADE
NSW1,2026-08-06 05:35:00,8716.87,145.85,TRADE
NSW1,2026-08-06 05:40:00,8831.3,163.55,TRADE
NSW1,2026-08-06 05:45:00,8944.68,169.75,TRADE
NSW1,2026-08-06 05:50:00,9028.22,162.97,TRADE
NSW1,2026-08-06 05:55:00,9062.32,159.29,TRADE
NSW1,2026-08-06 06:00:00,9133.23,180.83,TRADE
NSW1,2026-08-06 06:05:00,9307.64,180.73,TRADE
NSW1,2026-08-06 06:10:00,9471.74,159.27,TRADE
NSW1,2026-08-06 06:15:00,9707.1,219.02,TRADE
NSW1,2026-08-06 06:20:00,9718.61,230.29,TRADE
NSW1,2026-08-06 06:25:00,9809.22,174.59,TRADE
NSW1,2026-08-06 06:30:00,10055.98,207.51,TRADE
NSW1,2026-08-06 06:35:00,10157.84,229.9,TRADE
NSW1,2026-08-06 06:40:00,10308.72,229.69,TRADE
NSW1,2026-08-06 06:45:00,10334.49,186.2,TRADE
NSW1,2026-08-06 06:50:00,10592.67,216.56,TRADE
NSW1,2026-08-06 06:55:00,10679.93,230.59,TRADE
NSW1,2026-08-06 07:00:00,10725.5,230.59,TRADE
NSW1,2026-08-06 07:05:00,10774.13,230.59,TRADE
NSW1,2026-08-06 07:10:00,10838.14,230.59,TRADE
NSW1,2026-08-06 07:15:00,10853.47,230.59,TRADE
NSW1,2026-08-06 07:20:00,11073.64,311.91,TRADE
NSW1,2026-08-06 07:25:00,11084.1,299.99,TRADE
NSW1,2026-08-06 07:30:00,11042.73,299.99,TRADE
NSW1,2026-08-06 07:35:00,10997.83,299.99,TRADE
NSW1,2026-08-06 07:40:00,11033.31,299.99,TRADE
NSW1,2026-08-06 07:45:00,11004.31,299.99,TRADE
NSW1,2026-08-06 07:50:00,10960.91,252.63,TRADE
NSW1,2026-08-06 07:55:00,10900.27,187.63,TRADE
NSW1,2026-08-06 08:00:00,10860.2,175.42,TRADE
NSW1,2026-08-06 08:05:00,10697.09,147.93,TRADE
NSW1,2026-08-06 08:10:00,10673.04,134.86,TRADE
NSW1,2026-08-06 08:15:00,10680.61,122.96,TRADE
NSW1,2026-08-06 08:20:00,10455.2,113.71,TRADE
NSW1,2026-08-06 08:25:00,10419.43,105.29,TRADE
NSW1,2026-08-06 08:30:00,10325.63,99.01,TRADE
NSW1,2026-08-06 08:35:00,10241.43,110.97,TRADE
NSW1,2026-08-06 08:40:00,10069.0,99.37,TRADE
NSW1,2026-08-06 08:45:00,9989.82,102.0,TRADE
NSW1,2026-08-06 08:50:00,9841.09,99.01,TRADE
NSW1,2026-08-06 08:55:00,9787.25,97.55,TRADE
NSW1,2026-08-06 09:00:00,9563.78,93.47,TRADE
NSW1,2026-08-06 09:05:00,9502.89,95.43,TRADE
NSW1,2026-08-06 09:10:00,9447.62,97.55,TRADE
NSW1,2026-08-06 09:15:00,9391.71,84.79,TRADE
NSW1,2026-08-06 09:20:00,9317.93,73.1,TRADE
NSW1,2026-08-06 09:25:00,9208.18,77.57,TRADE
NSW1,2026-08-06 09:30:00,9132.13,80.13,TRADE
NSW1,2026-08-06 09:35:00,9047.62,82.03,TRADE
NSW1,2026-08-06 09:40:00,9014.22,81.0,TRADE
NSW1,2026-08-06 09:45:00,8887.26,77.85,TRADE
NSW1,2026-08-06 09:50:00,8811.37,69.99,TRADE
NSW1,2026-08-06 09:55:00,8827.02,67.91,TRADE
NSW1,2026-08-06 10:00:00,8696.69,64.89,TRADE
NSW1,2026-08-06 10:05:00,8606.21,83.92,TRADE
NSW1,2026-08-06 10:10:00,8721.65,85.54,TRADE
NSW1,2026-08-06 10:15:00,8569.89,76.81,TRADE
NSW1,2026-08-06 10:20:00,8478.38,69.99,TRADE
NSW1,2026-08-06 10:25:00,8528.48,69.87,TRADE
NSW1,2026-08-06 10:30:00,8378.7,67.99,TRADE
NSW1,2026-08-06 10:35:00,8269.66,67.75,TRADE
NSW1,2026-08-06 10:40:00,8355.72,69.99,TRADE
NSW1,2026-08-06 10:45:00,8248.56,64.95,TRADE
NSW1,2026-08-06 10:50:00,8115.41,61.02,TRADE
NSW1,2026-08-06 10:55:00,8014.98,65.89,TRADE
NSW1,2026-08-06 11:00:00,7917.11,64.95,TRADE
NSW1,2026-08-06 11:05:00,7945.2,78.6,TRADE
NSW1,2026-08-06 11:10:00,8036.59,79.31,TRADE
NSW1,2026-08-06 11:15:00,8027.65,88.13,TRADE
NSW1,2026-08-06 11:20:00,7970.26,73.08,TRADE
NSW1,2026-08-06 11:25:00,8041.04,81.36,TRADE
NSW1,2026-08-06 11:30:00,7972.11,86.2,TRADE
NSW1,2026-08-06 11:35:00,7995.74,81.66,TRADE
NSW1,2026-08-06 11:40:00,7920.77,73.94,TRADE
NSW1,2026-08-06 11:45:00,7805.07,71.37,TRADE
NSW1,2026-08-06 11:50:00,7721.98,65.89,TRADE
NSW1,2026-08-06 11:55:00,7803.27,69.99,TRADE
NSW1,2026-08-06 12:00:00,7669.14,67.28,TRADE
NSW1,2026-08-06 12:05:00,7623.38,75.33,TRADE
NSW1,2026-08-06 12:10:00,7565.83,78.29,TRADE
NSW1,2026-08-06 12:15:00,7448.41,61.02,TRADE
NSW1,2026-08-06 12:20:00,7471.23,69.99,TRADE
NSW1,2026-08-06 12:25:00,7367.26,60.95,TRADE
NSW1,2026-08-06 12:30:00,7429.86,61.02,TRADE
NSW1,2026-08-06 12:35:00,7224.43,61.4,TRADE
NSW1,2026-08-06 12:40:00,7217.49,74.38,TRADE
NSW1,2026-08-06 12:45:00,7148.41,72.89,TRADE
NSW1,2026-08-06 12:50:00,7074.09,49.24,TRADE
NSW1,2026-08-06 12:55:00,7089.23,46.13,TRADE
NSW1,2026-08-06 13:00:00,6976.55,49.26,TRADE
NSW1,2026-08-06 13:05:00,6919.34,57.73,TRADE
NSW1,2026-08-06 13:10:00,6762.86,51.06,TRADE
NSW1,2026-08-06 13:15:00,6871.83,57.67,TRADE
NSW1,2026-08-06 13:20:00,6847.83,51.18,TRADE
NSW1,2026-08-06 13:25:00,6804.8,49.97,TRADE
NSW1,2026-08-06 13:30:00,6716.76,44.37,TRADE
NSW1,2026-08-06 13:35:00,6763.81,60.92,TRADE
NSW1,2026-08-06 13:40:00,6653.44,68.02,TRADE
NSW1,2026-08-06 13:45:00,6631.82,59.42,TRADE
NSW1,2026-08-06 13:50:00,6707.93,70.19,TRADE
NSW1,2026-08-06 13:55:00,6752.34,68.02,TRADE
NSW1,2026-08-06 14:00:00,6711.59,62.53,TRADE
NSW1,2026-08-06 14:05:00,6642.99,61.02,TRADE
NSW1,2026-08-06 14:10:00,6587.53,59.64,TRADE
NSW1,2026-08-06 14:15:00,6552.6,57.39,TRADE
NSW1,2026-08-06 14:20:00,6611.88,45.86,TRADE
NSW1,2026-08-06 14:25:00,6759.05,57.39,TRADE
NSW1,2026-08-06 14:30:00,6939.02,71.35,TRADE
NSW1,2026-08-06 14:35:00,7044.64,68.02,TRADE
NSW1,2026-08-06 14:40:00,7020.94,73.06,TRADE
NSW1,2026-08-06 14:45:00,7168.61,78.25,TRADE
NSW1,2026-08-06 14:50:00,7279.24,83.68,TRADE
NSW1,2026-08-06 14:55:00,7354.12,99.01,TRADE
NSW1,2026-08-06 15:00:00,7251.49,88.88,TRADE
NSW1,2026-08-06 15:05:00,7340.8,92.71,TRADE
NSW1,2026-08-06 15:10:00,7552.14,99.01,TRADE
NSW1,2026-08-06 15:15:00,7484.36,92.43,TRADE
NSW1,2026-08-06 15:20:00,7616.7,89.0,TRADE
NSW1,2026-08-06 15:25:00,7698.89,75.62,TRADE
NSW1,2026-08-06 15:30:00,7933.02,83.99,TRADE
NSW1,2026-08-06 15:35:00,7981.82,93.02,TRADE
NSW1,2026-08-06 15:40:00,7949.24,95.95,TRADE
NSW1,2026-08-06 15:45:00,8197.81,99.01,TRADE
NSW1,2026-08-06 15:50:00,8297.52,98.72,TRADE
NSW1,2026-08-06 15:55:00,8448.32,97.63,TRADE
NSW1,2026-08-06 16:00:00,8544.25,95.34,TRADE
NSW1,2026-08-06 16:05:00,8532.49,99.01,TRADE
NSW1,2026-08-06 16:10:00,8651.45,100.97,TRADE
NSW1,2026-08-06 16:15:00,8837.22,106.41,TRADE
NSW1,2026-08-06 16:20:00,8886.11,108.26,TRADE
NSW1,2026-08-06 16:25:00,9067.04,124.1,TRADE
NSW1,2026-08-06 16:30:00,9148.36,126.1,TRADE
NSW1,2026-08-06 16:35:00,9204.88,110.01,TRADE
NSW1,2026-08-06 16:40:00,9408.03,124.16,TRADE
NSW1,2026-08-06 16:45:00,9644.44,143.9,TRADE
NSW1,2026-08-06 16:50:00,9660.93,140.1,TRADE
NSW1,2026-08-06 16:55:00,9786.22,140.86,TRADE
NSW1,2026-08-06 17:00:00,9874.96,137.26,TRADE
NSW1,2026-08-06 17:05:00,9999.31,142.2,TRADE
NSW1,2026-08-06 17:10:00,10103.07,143.9,TRADE
NSW1,2026-08-06 17:15:00,10236.92,155.12,TRADE
NSW1,2026-08-06 17:20:00,10192.06,143.9,TRADE
NSW1,2026-08-06 17:25:00,10432.34,159.81,TRADE
NSW1,2026-08-06 17:30:00,10485.3,168.67,TRADE
NSW1,2026-08-06 17:35:00,10567.91,143.9,TRADE
NSW1,2026-08-06 17:40:00,10843.21,143.9,TRADE
NSW1,2026-08-06 17:45:00,10981.07,151.84,TRADE
NSW1,2026-08-06 17:50:00,11026.31,174.59,TRADE
NSW1,2026-08-06 17:55:00,11068.61,158.83,TRADE
NSW1,2026-08-06 18:00:00,11146.86,143.9,TRADE
NSW1,2026-08-06 18:05:00,11221.9,143.9,TRADE
NSW1,2026-08-06 18:10:00,11194.17,151.25,TRADE
NSW1,2026-08-06 18:15:00,11223.06,143.9,TRADE
NSW1,2026-08-06 18:20:00,11315.62,148.77,TRADE
NSW1,2026-08-06 18:25:00,11225.8,143.9,TRADE
NSW1,2026-08-06 18:30:00,11296.05,143.9,TRADE
NSW1,2026-08-06 18:35:00,11291.03,143.9,TRADE
NSW1,2026-08-06 18:40:00,11305.06,156.15,TRADE
NSW1,2026-08-06 18:45:00,11256.74,143.9,TRADE
NSW1,2026-08-06 18:50:00,11369.38,143.9,TRADE
NSW1,2026-08-06 18:55:00,11345.59,163.88,TRADE
NSW1,2026-08-06 19:00:00,11298.33,143.9,TRADE
NSW1,2026-08-06 19:05:00,11376.9,143.9,TRADE
NSW1,2026-08-06 19:10:00,11289.99,155.9,TRADE
NSW1,2026-08-06 19:15:00,11312.93,145.67,TRADE
NSW1,2026-08-06 19:20:00,11322.88,132.07,TRADE
NSW1,2026-08-06 19:25:00,11375.5,134.54,TRADE
NSW1,2026-08-06 19:30:00,11315.22,142.33,TRADE
NSW1,2026-08-06 19:35:00,11273.38,143.9,TRADE
NSW1,2026-08-06 19:40:00,11264.37,143.9,TRADE
NSW1,2026-08-06 19:45:00,11275.81,136.44,TRADE
NSW1,2026-08-06 19:50:00,11309.02,137.44,TRADE
NSW1,2026-08-06 19:55:00,11184.39,143.9,TRADE
NSW1,2026-08-06 20:00:00,11211.04,143.9,TRADE
NSW1,2026-08-06 20:05:00,11178.95,143.9,TRADE
NSW1,2026-08-06 20:10:00,11075.4,143.9,TRADE
NSW1,2026-08-06 20:15:00,11128.4,143.9,TRADE
NSW1,2026-08-06 20:20:00,11138.57,143.9,TRADE
NSW1,2026-08-06 20:25:00,11011.11,143.9,TRADE
NSW1,2026-08-06 20:30:00,10982.71,143.9,TRADE
NSW1,2026-08-06 20:35:00,11006.69,143.9,TRADE
NSW1,2026-08-06 20:40:00,10959.79,148.22,TRADE
NSW1,2026-08-06 20:45:00,10863.89,143.9,TRADE
NSW1,2026-08-06 20:50:00,10915.99,143.9,TRADE
NSW1,2026-08-06 20:55:00,10884.18,143.9,TRADE
NSW1,2026-08-06 21:00:00,10845.53,143.9,TRADE
NSW1,2026-08-06 21:05:00,10754.72,143.9,TRADE
NSW1,2026-08-06 21:10:00,10657.04,143.9,TRADE
NSW1,2026-08-06 21:15:00,10582.43,142.11,TRADE
NSW1,2026-08-06 21:20:00,10637.5,143.56,TRADE
NSW1,2026-08-06 21:25:00,10568.24,140.69,TRADE
NSW1,2026-08-06 21:30:00,10498.83,143.9,TRADE
NSW1,2026-08-06 21:35:00,10365.65,143.9,TRADE
NSW1,2026-08-06 21:40:00,10301.32,143.9,TRADE
NSW1,2026-08-06 21:45:00,10242.76,144.96,TRADE
NSW1,2026-08-06 21:50:00,10146.85,143.9,TRADE
NSW1,2026-08-06 21:55:00,10039.61,143.9,TRADE
NSW1,2026-08-06 22:00:00,9959.26,131.13,TRADE
NSW1,2026-08-06 22:05:00,9948.59,143.9,TRADE
NSW1,2026-08-06 22:10:00,9960.18,151.35,TRADE
NSW1,2026-08-06 22:15:00,9854.64,143.9,TRADE
NSW1,2026-08-06 22:20:00,9847.5,143.9,TRADE
NSW1,2026-08-06 22:25:00,9797.93,143.9,TRADE
NSW1,2026-08-06 22:30:00,9723.91,143.9,TRADE
NSW1,2026-08-06 22:35:00,9666.09,143.9,TRADE
NSW1,2026-08-06 22:40:00,9588.22,143.9,TRADE
NSW1,2026-08-06 22:45:00,9557.04,143.9,TRADE
NSW1,2026-08-06 22:50:00,9445.64,143.9,TRADE
NSW1,2026-08-06 22:55:00,9385.79,136.23,TRADE
NSW1,2026-08-06 23:00:00,9397.3,126.29,TRADE
NSW1,2026-08-06 23:05:00,9322.4,119.5,TRADE
NSW1,2026-08-06 23:10:00,9294.1,138.15,TRADE
NSW1,2026-08-06 23:15:00,9225.42,130.3,TRADE
NSW1,2026-08-06 23:20:00,9218.32,119.03,TRADE
NSW1,2026-08-06 23:25:00,9096.31,115.47,TRADE
NSW1,2026-08-06 23:30:00,9090.8,120.79,TRADE
NSW1,2026-08-06 23:35:00,8922.95,114.8,TRADE
NSW1,2026-08-06 23:40:00,9058.2,142.77,TRADE
NSW1,2026-08-06 23:45:00,8917.64,114.8,TRADE
NSW1,2026-08-06 23:50:00,8863.16,114.8,TRADE
NSW1,2026-08-06 23:55:00,8850.33,114.8,TRADE
NSW1,2026-08-07 00:00:00,8823.58,114.8,TRADE
NSW1,2026-08-07 00:05:00,8760.75,110.01,TRADE
NSW1,2026-08-07 00:10:00,8884.38,117.32,TRADE
NSW1,2026-08-07 00:15:00,8794.11,110.01,TRADE
NSW1,2026-08-07 00:20:00,8812.36,115.25,TRADE
NSW1,2026-08-07 00:25:00,8785.8,124.63,TRADE
NSW1,2026-08-07 00:30:00,8799.42,109.41,TRADE
NSW1,2026-08-07 00:35:00,8697.17,108.42,TRADE
NSW1,2026-08-07 00:40:00,8663.55,110.67,TRADE
NSW1,2026-08-07 00:45:00,8607.41,104.89,TRADE
NSW1,2026-08-07 00:50:00,8610.57,110.01,TRADE
NSW1,2026-08-07 00:55:00,8493.45,115.14,TRADE
NSW1,2026-08-07 01:00:00,8446.34,101.6,TRADE
NSW1,2026-08-07 01:05:00,8472.94,115.22,TRADE
NSW1,2026-08-07 01:10:00,8413.62,116.2,TRADE
NSW1,2026-08-07 01:15:00,8324.36,114.8,TRADE
NSW1,2026-08-07 01:20:00,8307.65,114.8,TRADE
NSW1,2026-08-07 01:25:00,8246.52,114.8,TRADE
NSW1,2026-08-07 01:30:00,8263.69,106.09,TRADE
NSW1,2026-08-07 01:35:00,8209.59,114.8,TRADE
NSW1,2026-08-07 01:40:00,8241.47,113.72,TRADE
NSW1,2026-08-07 01:45:00,8159.69,113.7,TRADE
NSW1,2026-08-07 01:50:00,8114.6,110.89,TRADE
NSW1,2026-08-07 01:55:00,8135.92,113.16,TRADE
NSW1,2026-08-07 02:00:00,8059.23,108.72,TRADE
NSW1,2026-08-07 02:05:00,8068.96,111.64,TRADE
NSW1,2026-08-07 02:10:00,8010.19,114.8,TRADE
NSW1,2026-08-07 02:15:00,7989.95,111.17,TRADE
NSW1,2026-08-07 02:20:00,7964.89,113.89,TRADE
NSW1,2026-08-07 02:25:00,7940.8,105.49,TRADE
NSW1,2026-08-07 02:30:00,7898.59,111.32,TRADE
NSW1,2026-08-07 02:35:00,7959.2,114.8,TRADE
NSW1,2026-08-07 02:40:00,7947.09,114.8,TRADE
NSW1,2026-08-07 02:45:00,7927.59,111.69,TRADE
NSW1,2026-08-07 02:50:00,7936.71,106.0,TRADE
NSW1,2026-08-07 02:55:00,7889.48,104.49,TRADE
NSW1,2026-08-07 03:00:00,7892.66,111.07,TRADE
NSW1,2026-08-07 03:05:00,7882.3,110.98,TRADE
NSW1,2026-08-07 03:10:00,7917.13,114.8,TRADE
NSW1,2026-08-07 03:15:00,7907.82,114.8,TRADE
NSW1,2026-08-07 03:20:00,7993.52,114.8,TRADE
NSW1,2026-08-07 03:25:00,7985.09,114.8,TRADE
NSW1,2026-08-07 03:30:00,8031.56,114.8,TRADE
NSW1,2026-08-07 03:35:00,8011.69,113.22,TRADE
NSW1,2026-08-07 03:40:00,7963.13,112.06,TRADE
NSW1,2026-08-07 03:45:00,7948.3,110.61,TRADE
NSW1,2026-08-07 03:50:00,7976.39,114.3,TRADE
NSW1,2026-08-07 03:55:00,7946.8,114.15,TRADE
NSW1,2026-08-07 04:00:00,7903.35,111.64,TRADE
NSW1,2026-08-07 04:05:00,7892.04,109.5,TRADE
NSW1,2026-08-07 04:10:00,7992.99,110.17,TRADE
NSW1,2026-08-07 04:15:00,7999.61,118.89,TRADE
NSW1,2026-08-07 04:20:00,7957.03,112.0,TRADE
NSW1,2026-08-07 04:25:00,7949.43,109.32,TRADE
NSW1,2026-08-07 04:30:00,7917.79,110.78,TRADE
NSW1,2026-08-07 04:35:00,7966.2,108.65,TRADE
NSW1,2026-08-07 04:40:00,8061.5,111.98,TRADE
NSW1,2026-08-07 04:45:00,8086.18,113.07,TRADE
NSW1,2026-08-07 04:50:00,8014.37,108.49,TRADE
NSW1,2026-08-07 04:55:00,8130.52,113.61,TRADE
NSW1,2026-08-07 05:00:00,8114.4,109.64,TRADE
NSW1,2026-08-07 05:05:00,8205.0,111.65,TRADE
NSW1,2026-08-07 05:10:00,8334.1,114.37,TRADE
NSW1,2026-08-07 05:15:00,8370.39,112.55,TRADE
NSW1,2026-08-07 05:20:00,8431.82,108.04,TRADE
NSW1,2026-08-07 05:25:00,8425.69,116.18,TRADE
NSW1,2026-08-07 05:30:00,8465.01,117.46,TRADE
NSW1,2026-08-07 05:35:00,8574.39,118.86,TRADE
NSW1,2026-08-07 05:40:00,8691.9,129.31,TRADE
NSW1,2026-08-07 05:45:00,8775.99,127.6,TRADE
NSW1,2026-08-07 05:50:00,8796.93,124.52,TRADE
NSW1,2026-08-07 05:55:00,8908.5,132.56,TRADE
NSW1,2026-08-07 06:00:00,8963.48,138.23,TRADE
NSW1,2026-08-07 06:05:00,9136.34,125.65,TRADE
NSW1,2026-08-07 06:10:00,9323.16,143.9,TRADE
NSW1,2026-08-07 06:15:00,9465.32,143.9,TRADE
NSW1,2026-08-07 06:20:00,9549.15,143.9,TRADE
NSW1,2026-08-07 06:25:00,9663.6,143.9,TRADE
NSW1,2026-08-07 06:30:00,9802.88,151.17,TRADE
NSW1,2026-08-07 06:35:00,9955.16,150.56,TRADE
NSW1,2026-08-07 06:40:00,10141.63,130.73,TRADE
NSW1,2026-08-07 06:45:00,10289.79,130.01,TRADE
NSW1,2026-08-07 06:50:00,10328.64,134.86,TRADE
NSW1,2026-08-07 06:55:00,10498.14,139.7,TRADE
NSW1,2026-08-07 07:00:00,10556.67,139.53,TRADE
NSW1,2026-08-07 07:05:00,10684.51,123.29,TRADE
NSW1,2026-08-07 07:10:00,10715.87,124.84,TRADE
NSW1,2026-08-07 07:15:00,10780.36,123.27,TRADE
NSW1,2026-08-07 07:20:00,10826.44,129.28,TRADE
NSW1,2026-08-07 07:25:00,10938.5,131.88,TRADE
NSW1,2026-08-07 07:30:00,10957.11,113.5,TRADE
NSW1,2026-08-07 07:35:00,10968.46,113.5,TRADE
NSW1,2026-08-07 07:40:00,10919.8,113.5,TRADE
NSW1,2026-08-07 07:45:00,10871.53,101.1,TRADE
NSW1,2026-08-07 07:50:00,10834.72,97.55,TRADE
NSW1,2026-08-07 07:55:00,10681.56,96.95,TRADE
NSW1,2026-08-07 08:00:00,10630.98,97.55,TRADE
NSW1,2026-08-07 08:05:00,10531.33,93.41,TRADE
NSW1,2026-08-07 08:10:00,10454.34,89.4,TRADE
NSW1,2026-08-07 08:15:00,10404.32,84.79,TRADE
NSW1,2026-08-07 08:20:00,10308.71,79.42,TRADE
NSW1,2026-08-07 08:25:00,10215.23,51.95,TRADE
NSW1,2026-08-07 08:30:00,9977.46,50.84,TRADE
NSW1,2026-08-07 08:35:00,9900.39,72.0,TRADE
NSW1,2026-08-07 08:40:00,9743.14,69.99,TRADE
NSW1,2026-08-07 08:45:00,9567.14,51.95,TRADE
NSW1,2026-08-07 08:50:00,9544.13,66.53,TRADE
NSW1,2026-08-07 08:55:00,9299.98,72.0,TRADE
NSW1,2026-08-07 09:00:00,9198.1,51.95,TRADE
NSW1,2026-08-07 09:05:00,9084.75,66.53,TRADE
NSW1,2026-08-07 09:10:00,9004.54,66.53,TRADE
NSW1,2026-08-07 09:15:00,8889.53,64.95,TRADE
NSW1,2026-08-07 09:20:00,8799.4,66.53,TRADE
NSW1,2026-08-07 09:25:00,8711.49,66.53,TRADE
NSW1,2026-08-07 09:30:00,8537.41,43.05,TRADE
NSW1,2026-08-07 09:35:00,8518.2,51.95,TRADE
NSW1,2026-08-07 09:40:00,8395.12,66.53,TRADE
NSW1,2026-08-07 09:45:00,8216.12,61.02,TRADE
NSW1,2026-08-07 09:50:00,8210.98,43.05,TRADE
NSW1,2026-08-07 09:55:00,8100.38,43.05,TRADE
NSW1,2026-08-07 10:00:00,7962.3,42.08,TRADE
NSW1,2026-08-07 10:05:00,7913.2,54.55,TRADE
NSW1,2026-08-07 10:10:00,7898.23,67.99,TRADE
NSW1,2026-08-07 10:15:00,7772.36,51.95,TRADE
NSW1,2026-08-07 10:20:00,7617.75,42.0,TRADE
NSW1,2026-08-07 10:25:00,7580.15,42.6,TRADE
NSW1,2026-08-07 10:30:00,7540.34,42.98,TRADE
NSW1,2026-08-07 10:35:00,7434.23,66.53,TRADE
NSW1,2026-08-07 10:40:00,7333.2,66.53,TRADE
NSW1,2026-08-07 10:45:00,7158.57,43.05,TRADE
NSW1,2026-08-07 10:50:00,7063.75,43.05,TRADE
NSW1,2026-08-07 10:55:00,7100.64,43.05,TRADE
NSW1,2026-08-07 11:00:00,7020.6,43.05,TRADE
NSW1,2026-08-07 11:05:00,6949.76,66.53,TRADE
NSW1,2026-08-07 11:10:00,6932.29,51.95,TRADE
NSW1,2026-08-07 11:15:00,6904.06,51.95,TRADE
NSW1,2026-08-07 11:20:00,6881.52,66.53,TRADE
NSW1,2026-08-07 11:25:00,6804.68,43.05,TRADE
NSW1,2026-08-07 11:30:00,6869.56,44.15,TRADE
NSW1,2026-08-07 11:35:00,6788.6,51.95,TRADE
NSW1,2026-08-07 11:40:00,6641.18,51.95,TRADE
NSW1,2026-08-07 11:45:00,6643.99,45.25,TRADE
NSW1,2026-08-07 11:50:00,6622.18,51.95,TRADE
NSW1,2026-08-07 11:55:00,6547.9,35.48,TRADE
NSW1,2026-08-07 12:00:00,6536.79,30.01,TRADE
NSW1,2026-08-07 12:05:00,6542.34,45.98,TRADE
NSW1,2026-08-07 12:10:00,6444.67,30.25,TRADE
NSW1,2026-08-07 12:15:00,6539.11,13.2,TRADE
NSW1,2026-08-07 12:20:00,6510.83,25.93,TRADE
NSW1,2026-08-07 12:25:00,6430.49,26.65,TRADE
NSW1,2026-08-07 12:30:00,6383.26,26.69,TRADE
NSW1,2026-08-07 12:35:00,6425.5,26.54,TRADE
NSW1,2026-08-07 12:40:00,6461.29,26.84,TRADE
NSW1,2026-08-07 12:45:00,6476.79,11.02,TRADE
NSW1,2026-08-07 12:50:00,6449.13,10.68,TRADE
NSW1,2026-08-07 12:55:00,6481.23,23.99,TRADE
NSW1,2026-08-07 13:00:00,6310.83,-4.02,TRADE
NSW1,2026-08-07 13:05:00,6447.68,-4.22,TRADE
NSW1,2026-08-07 13:10:00,6453.98,-4.3,TRADE
NSW1,2026-08-07 13:15:00,6401.51,-4.01,TRADE
NSW1,2026-08-07 13:20:00,6388.29,0.01,TRADE
NSW1,2026-08-07 13:25:00,6400.9,27.65,TRADE
NSW1,2026-08-07 13:30:00,6183.86,42.54,TRADE
NSW1,2026-08-07 13:35:00,6144.15,27.09,TRADE
NSW1,2026-08-07 13:40:00,6212.76,27.09,TRADE
NSW1,2026-08-07 13:45:00,6123.56,27.88,TRADE
NSW1,2026-08-07 13:50:00,6154.06,23.99,TRADE
NSW1,2026-08-07 13:55:00,6293.13,42.59,TRADE
NSW1,2026-08-07 14:00:00,6263.7,42.8,TRADE
NSW1,2026-08-07 14:05:00,6331.69,-3.44,TRADE
NSW1,2026-08-07 14:10:00,6461.74,-2.55,TRADE
NSW1,2026-08-07 14:15:00,6462.4,-3.85,TRADE
NSW1,2026-08-07 14:20:00,6583.1,0.0,TRADE
NSW1,2026-08-07 14:25:00,6640.98,0.0,TRADE
NSW1,2026-08-07 14:30:00,6716.81,0.0,TRADE
NSW1,2026-08-07 14:35:00,6727.51,0.0,TRADE
NSW1,2026-08-07 14:40:00,6732.28,5.06,TRADE
NSW1,2026-08-07 14:45:00,6865.32,5.3,TRADE
NSW1,2026-08-07 14:50:00,6888.22,5.13,TRADE
NSW1,2026-08-07 14:55:00,6928.82,0.01,TRADE
NSW1,2026-08-07 15:00:00,6975.39,1.2,TRADE
NSW1,2026-08-07 15:05:00,7058.88,5.08,TRADE
NSW1,2026-08-07 15:10:00,7158.65,5.17,TRADE
NSW1,2026-08-07 15:15:00,7149.92,23.95,TRADE
NSW1,2026-08-07 15:20:00,7239.59,23.95,TRADE
NSW1,2026-08-07 15:25:00,7317.91,42.8,TRADE
NSW1,2026-08-07 15:30:00,7469.56,57.35,TRADE
NSW1,2026-08-07 15:35:00,7641.41,73.1,TRADE
NSW1,2026-08-07 15:40:00,7706.41,27.79,TRADE
NSW1,2026-08-07 15:45:00,7972.58,42.82,TRADE
NSW1,2026-08-07 15:50:00,8123.47,42.82,TRADE
NSW1,2026-08-07 15:55:00,8242.74,42.82,TRADE
NSW1,2026-08-07 16:00:00,8437.57,42.82,TRADE
NSW1,2026-08-07 16:05:00,8458.34,68.02,TRADE
NSW1,2026-08-07 16:10:00,8581.97,68.02,TRADE
NSW1,2026-08-07 16:15:00,8622.76,94.98,TRADE
NSW1,2026-08-07 16:20:00,8717.17,104.74,TRADE
NSW1,2026-08-07 16:25:00,8871.22,114.54,TRADE
NSW1,2026-08-07 16:30:00,9029.22,137.1,TRADE
NSW1,2026-08-07 16:35:00,9096.04,115.86,TRADE
NSW1,2026-08-07 16:40:00,9282.76,120.48,TRADE
NSW1,2026-08-07 16:45:00,9390.49,118.39,TRADE
NSW1,2026-08-07 16:50:00,9538.47,127.27,TRADE
NSW1,2026-08-07 16:55:00,9623.88,138.07,TRADE
NSW1,2026-08-07 17:00:00,9587.26,134.46,TRADE
NSW1,2026-08-07 17:05:00,9683.35,129.39,TRADE
NSW1,2026-08-07 17:10:00,9722.34,130.32,TRADE
NSW1,2026-08-07 17:15:00,9890.02,113.5,TRADE
NSW1,2026-08-07 17:20:00,10073.09,130.01,TRADE
NSW1,2026-08-07 17:25:00,10208.02,129.14,TRADE
NSW1,2026-08-07 17:30:00,10203.64,146.0,TRADE
NSW1,2026-08-07 17:35:00,10369.72,137.77,TRADE
NSW1,2026-08-07 17:40:00,10498.0,127.93,TRADE
NSW1,2026-08-07 17:45:00,10612.6,167.08,TRADE
NSW1,2026-08-07 17:50:00,10549.7,161.86,TRADE
NSW1,2026-08-07 17:55:00,10500.81,133.03,TRADE
NSW1,2026-08-07 18:00:00,10655.8,145.4,TRADE
NSW1,2026-08-07 18:05:00,10673.47,158.62,TRADE
NSW1,2026-08-07 18:10:00,10604.89,141.85,TRADE
NSW1,2026-08-07 18:15:00,10587.39,121.0,TRADE
NSW1,2026-08-07 18:20:00,10700.55,121.0,TRADE
NSW1,2026-08-07 18:25:00,10747.19,146.0,TRADE
NSW1,2026-08-07 18:30:00,10567.38,129.67,TRADE
NSW1,2026-08-07 18:35:00,10708.11,129.67,TRADE
NSW1,2026-08-07 18:40:00,10730.04,131.82,TRADE
NSW1,2026-08-07 18:45:00,10623.74,119.49,TRADE
NSW1,2026-08-07 18:50:00,10657.75,117.45,TRADE
NSW1,2026-08-07 18:55:00,10736.71,125.1,TRADE
NSW1,2026-08-07 19:00:00,10668.71,121.0,TRADE
NSW1,2026-08-07 19:05:00,10661.35,121.0,TRADE
NSW1,2026-08-07 19:10:00,10638.09,121.0,TRADE
NSW1,2026-08-07 19:15:00,10677.79,121.0,TRADE
NSW1,2026-08-07 19:20:00,10650.4,121.0,TRADE
NSW1,2026-08-07 19:25:00,10651.16,121.0,TRADE
NSW1,2026-08-07 19:30:00,10542.33,118.39,TRADE
NSW1,2026-08-07 19:35:00,10561.94,121.0,TRADE
NSW1,2026-08-07 19:40:00,10523.42,116.66,TRADE
NSW1,2026-08-07 19:45:00,10543.42,113.5,TRADE
NSW1,2026-08-07 19:50:00,10576.42,113.5,TRADE
NSW1,2026-08-07 19:55:00,10530.37,126.3,TRADE
NSW1,2026-08-07 20:00:00,10413.99,127.34,TRADE
NSW1,2026-08-07 20:05:00,10439.46,125.02,TRADE
NSW1,2026-08-07 20:10:00,10369.84,121.1,TRADE
NSW1,2026-08-07 20:15:00,10404.95,121.0,TRADE
NSW1,2026-08-07 20:20:00,10372.15,119.19,TRADE
NSW1,2026-08-07 20:25:00,10459.5,121.36,TRADE
NSW1,2026-08-07 20:30:00,10383.59,121.1,TRADE
NSW1,2026-08-07 20:35:00,10311.84,121.1,TRADE
NSW1,2026-08-07 20:40:00,10348.18,121.1,TRADE
NSW1,2026-08-07 20:45:00,10316.66,121.1,TRADE
NSW1,2026-08-07 20:50:00,10277.7,121.1,TRADE
NSW1,2026-08-07 20:55:00,10174.21,121.1,TRADE
NSW1,2026-08-07 21:00:00,10174.11,121.1,TRADE
NSW1,2026-08-07 21:05:00,10224.52,131.89,TRADE
NSW1,2026-08-07 21:10:00,10134.58,125.61,TRADE
NSW1,2026-08-07 21:15:00,10079.81,113.5,TRADE
NSW1,2026-08-07 21:20:00,10065.14,127.94,TRADE
NSW1,2026-08-07 21:25:00,9977.0,119.21,TRADE
NSW1,2026-08-07 21:30:00,9993.12,128.6,TRADE
NSW1,2026-08-07 21:35:00,9903.19,121.1,TRADE
NSW1,2026-08-07 21:40:00,9934.96,125.7,TRADE
NSW1,2026-08-07 21:45:00,9771.48,121.1,TRADE
NSW1,2026-08-07 21:50:00,9738.26,121.0,TRADE
NSW1,2026-08-07 21:55:00,9782.27,121.1,TRADE
NSW1,2026-08-07 22:00:00,9717.58,121.17,TRADE
NSW1,2026-08-07 22:05:00,9666.16,130.01,TRADE
NSW1,2026-08-07 22:10:00,9713.61,130.01,TRADE
NSW1,2026-08-07 22:15:00,9578.79,125.09,TRADE
NSW1,2026-08-07 22:20:00,9641.95,121.1,TRADE
NSW1,2026-08-07 22:25:00,9589.27,130.01,TRADE
NSW1,2026-08-07 22:30:00,9520.65,121.1,TRADE
NSW1,2026-08-07 22:35:00,9487.3,118.15,TRADE
NSW1,2026-08-07 22:40:00,9417.51,121.0,TRADE
NSW1,2026-08-07 22:45:00,9390.28,114.76,TRADE
NSW1,2026-08-07 22:50:00,9387.68,115.1,TRADE
NSW1,2026-08-07 22:55:00,9333.64,110.01,TRADE
NSW1,2026-08-07 23:00:00,9325.97,110.01,TRADE
NSW1,2026-08-07 23:05:00,9189.2,110.01,TRADE
NSW1,2026-08-07 23:10:00,9244.05,110.01,TRADE
NSW1,2026-08-07 23:15:00,9160.59,103.95,TRADE
NSW1,2026-08-07 23:20:00,9185.76,97.63,TRADE
NSW1,2026-08-07 23:25:00,9051.45,97.63,TRADE
NSW1,2026-08-07 23:30:00,9050.77,97.63,TRADE
NSW1,2026-08-07 23:35:00,8981.93,92.89,TRADE
NSW1,2026-08-07 23:40:00,9035.58,121.0,TRADE
NSW1,2026-08-07 23:45:00,8925.11,101.57,TRADE
NSW1,2026-08-07 23:50:00,8931.11,97.63,TRADE
NSW1,2026-08-07 23:55:00,8923.58,102.28,TRADE
NSW1,2026-08-08 00:00:00,8812.2,91.24,TRADE
NSW1,2026-08-08 00:05:00,8847.49,96.38,TRADE
NSW1,2026-08-08 00:10:00,8903.39,115.84,TRADE
NSW1,2026-08-08 00:15:00,8838.29,101.8,TRADE
NSW1,2026-08-08 00:20:00,8908.7,102.55,TRADE
NSW1,2026-08-08 00:25:00,8808.93,97.63,TRADE
NSW1,2026-08-08 00:30:00,8713.92,94.72,TRADE
NSW1,2026-08-08 00:35:00,8752.24,101.32,TRADE
NSW1,2026-08-08 00:40:00,8741.66,114.54,TRADE
NSW1,2026-08-08 00:45:00,8718.98,97.63,TRADE
NSW1,2026-08-08 00:50:00,8599.48,90.18,TRADE
NSW1,2026-08-08 00:55:00,8571.08,90.79,TRADE
NSW1,2026-08-08 01:00:00,8609.17,97.63,TRADE
NSW1,2026-08-08 01:05:00,8517.75,101.47,TRADE
NSW1,2026-08-08 01:10:00,8439.15,97.63,TRADE
NSW1,2026-08-08 01:15:00,8367.0,94.32,TRADE
NSW1,2026-08-08 01:20:00,8325.07,96.51,TRADE
NSW1,2026-08-08 01:25:00,8289.53,93.73,TRADE
NSW1,2026-08-08 01:30:00,8287.03,93.75,TRADE
NSW1,2026-08-08 01:35:00,8208.59,94.36,TRADE
NSW1,2026-08-08 01:40:00,8125.09,90.29,TRADE
NSW1,2026-08-08 01:45:00,8044.81,88.9,TRADE
NSW1,2026-08-08 01:50:00,8080.31,91.54,TRADE
NSW1,2026-08-08 01:55:00,8059.79,91.55,TRADE
NSW1,2026-08-08 02:00:00,8002.16,88.9,TRADE
NSW1,2026-08-08 02:05:00,7926.47,89.85,TRADE
NSW1,2026-08-08 02:10:00,7921.56,99.2,TRADE
NSW1,2026-08-08 02:15:00,7887.18,97.29,TRADE
NSW1,2026-08-08 02:20:00,7905.77,97.63,TRADE
NSW1,2026-08-08 02:25:00,7913.05,97.63,TRADE
NSW1,2026-08-08 02:30:00,7816.87,97.63,TRADE
NSW1,2026-08-08 02:35:00,7768.46,97.63,TRADE
NSW1,2026-08-08 02:40:00,7919.64,99.2,TRADE
NSW1,2026-08-08 02:45:00,7931.14,97.63,TRADE
NSW1,2026-08-08 02:50:00,7892.82,97.63,TRADE
NSW1,2026-08-08 02:55:00,7809.01,97.63,TRADE
NSW1,2026-08-08 03:00:00,7795.53,97.63,TRADE
NSW1,2026-08-08 03:05:00,7805.81,99.2,TRADE
NSW1,2026-08-08 03:10:00,7799.94,99.2,TRADE
NSW1,2026-08-08 03:15:00,7783.56,97.63,TRADE
NSW1,2026-08-08 03:20:00,7731.79,89.85,TRADE
NSW1,2026-08-08 03:25:00,7630.79,88.9,TRADE
NSW1,2026-08-08 03:30:00,7589.32,93.24,TRADE
NSW1,2026-08-08 03:35:00,7656.54,97.63,TRADE
NSW1,2026-08-08 03:40:00,7669.0,88.9,TRADE
NSW1,2026-08-08 03:45:00,7698.11,89.86,TRADE
NSW1,2026-08-08 03:50:00,7636.13,89.86,TRADE
NSW1,2026-08-08 03:55:00,7661.3,90.45,TRADE
NSW1,2026-08-08 04:00:00,7736.68,97.63,TRADE
NSW1,2026-08-08 04:05:00,7675.97,98.5,TRADE
NSW1,2026-08-08 04:10:00,7622.36,97.63,TRADE
NSW1,2026-08-08 04:15:00,7554.3,97.63,TRADE
NSW1,2026-08-08 04:20:00,7555.26,97.63,TRADE
NSW1,2026-08-08 04:25:00,7618.16,99.69,TRADE
NSW1,2026-08-08 04:30:00,7609.99,97.63,TRADE
NSW1,2026-08-08 04:35:00,7613.23,98.5,TRADE
NSW1,2026-08-08 04:40:00,7595.2,98.5,TRADE
NSW1,2026-08-08 04:45:00,7620.92,110.01,TRADE
NSW1,2026-08-08 04:50:00,7641.02,110.01,TRADE
NSW1,2026-08-08 04:55:00,7603.62,110.01,TRADE
NSW1,2026-08-08 05:00:00,7690.72,110.01,TRADE
NSW1,2026-08-08 05:05:00,7651.52,97.63,TRADE
NSW1,2026-08-08 05:10:00,7733.88,110.01,TRADE
NSW1,2026-08-08 05:15:00,7808.22,110.01,TRADE
NSW1,2026-08-08 05:20:00,7781.88,113.89,TRADE
NSW1,2026-08-08 05:25:00,7707.17,110.01,TRADE
NSW1,2026-08-08 05:30:00,7789.22,110.01,TRADE
NSW1,2026-08-08 05:35:00,7855.17,110.01,TRADE
NSW1,2026-08-08 05:40:00,7916.84,110.03,TRADE
NSW1,2026-08-08 05:45:00,7998.41,110.01,TRADE
NSW1,2026-08-08 05:50:00,7954.44,109.96,TRADE
NSW1,2026-08-08 05:55:00,8018.7,110.01,TRADE
NSW1,2026-08-08 06:00:00,8112.56,110.01,TRADE
NSW1,2026-08-08 06:05:00,8096.48,110.01,TRADE
NSW1,2026-08-08 06:10:00,8173.01,109.96,TRADE
NSW1,2026-08-08 06:15:00,8332.86,109.96,TRADE
NSW1,2026-08-08 06:20:00,8377.48,110.01,TRADE
NSW1,2026-08-08 06:25:00,8384.78,109.96,TRADE
NSW1,2026-08-08 06:30:00,8458.98,109.96,TRADE
NSW1,2026-08-08 06:35:00,8572.17,110.03,TRADE
NSW1,2026-08-08 06:40:00,8701.38,110.03,TRADE
NSW1,2026-08-08 06:45:00,8723.44,110.03,TRADE
NSW1,2026-08-08 06:50:00,8689.35,110.03,TRADE
NSW1,2026-08-08 06:55:00,8759.47,109.96,TRADE
NSW1,2026-08-08 07:00:00,8884.88,110.03,TRADE
NSW1,2026-08-08 07:05:00,8944.01,110.03,TRADE
NSW1,2026-08-08 07:10:00,8968.62,109.96,TRADE
NSW1,2026-08-08 07:15:00,9043.78,109.96,TRADE
NSW1,2026-08-08 07:20:00,9100.06,109.96,TRADE
NSW1,2026-08-08 07:25:00,9125.18,97.55,TRADE
NSW1,2026-08-08 07:30:00,9209.7,95.62,TRADE
NSW1,2026-08-08 07:35:00,9158.28,65.19,TRADE
NSW1,2026-08-08 07:40:00,9107.82,76.74,TRADE
NSW1,2026-08-08 07:45:00,9116.83,65.14,TRADE
NSW1,2026-08-08 07:50:00,9072.6,42.82,TRADE
NSW1,2026-08-08 07:55:00,9049.08,42.82,TRADE
NSW1,2026-08-08 08:00:00,8972.08,42.54,TRADE
NSW1,2026-08-08 08:05:00,8935.45,42.54,TRADE
NSW1,2026-08-08 08:10:00,8926.78,42.62,TRADE
NSW1,2026-08-08 08:15:00,8743.45,25.12,TRADE
NSW1,2026-08-08 08:20:00,8752.62,42.54,TRADE
NSW1,2026-08-08 08:25:00,8620.79,54.42,TRADE
NSW1,2026-08-08 08:30:00,8619.36,42.54,TRADE
NSW1,2026-08-08 08:35:00,8590.99,25.12,TRADE
NSW1,2026-08-08 08:40:00,8571.44,54.74,TRADE
NSW1,2026-08-08 08:45:00,8405.22,23.95,TRADE
NSW1,2026-08-08 08:50:00,8406.84,25.12,TRADE
NSW1,2026-08-08 08:55:00,8374.6,52.21,TRADE
NSW1,2026-08-08 09:00:00,8263.04,52.21,TRADE
NSW1,2026-08-08 09:05:00,8049.98,23.95,TRADE
NSW1,2026-08-08 09:10:00,8135.55,25.12,TRADE
NSW1,2026-08-08 09:15:00,8018.43,52.21,TRADE
NSW1,2026-08-08 09:20:00,7880.53,52.21,TRADE
NSW1,2026-08-08 09:25:00,7708.15,23.95,TRADE
NSW1,2026-08-08 09:30:00,7556.7,25.12,TRADE
NSW1,2026-08-08 09:35:00,7439.3,43.05,TRADE
NSW1,2026-08-08 09:40:00,7405.43,52.21,TRADE
NSW1,2026-08-08 09:45:00,7314.17,23.95,TRADE
NSW1,2026-08-08 09:50:00,7186.94,23.95,TRADE
NSW1,2026-08-08 09:55:00,7181.91,52.21,TRADE
NSW1,2026-08-08 10:00:00,6959.85,25.12,TRADE
NSW1,2026-08-08 10:05:00,6917.8,23.95,TRADE
NSW1,2026-08-08 10:10:00,6923.03,43.05,TRADE
NSW1,2026-08-08 10:15:00,6732.19,43.05,TRADE
NSW1,2026-08-08 10:20:00,6591.9,43.05,TRADE
NSW1,2026-08-08 10:25:00,6678.64,42.54,TRADE
NSW1,2026-08-08 10:30:00,6463.68,-5.85,TRADE
NSW1,2026-08-08 10:35:00,6531.57,27.88,TRADE
NSW1,2026-08-08 10:40:00,6455.2,42.55,TRADE
NSW1,2026-08-08 10:45:00,6302.89,25.12,TRADE
NSW1,2026-08-08 10:50:00,6207.13,25.1,TRADE
NSW1,2026-08-08 10:55:00,6135.93,23.51,TRADE
NSW1,2026-08-08 11:00:00,6128.5,26.91,TRADE
NSW1,2026-08-08 11:05:00,6008.67,25.12,TRADE
NSW1,2026-08-08 11:10:00,6084.56,23.51,TRADE
NSW1,2026-08-08 11:15:00,6044.03,23.95,TRADE
NSW1,2026-08-08 11:20:00,6015.91,25.12,TRADE
NSW1,2026-08-08 11:25:00,5928.56,23.51,TRADE
NSW1,2026-08-08 11:30:00,5992.88,23.51,TRADE
NSW1,2026-08-08 11:35:00,5892.74,25.12,TRADE
NSW1,2026-08-08 11:40:00,5870.95,23.51,TRADE
NSW1,2026-08-08 11:45:00,5853.39,-2.07,TRADE
NSW1,2026-08-08 11:50:00,5998.44,23.95,TRADE
NSW1,2026-08-08 11:55:00,5740.95,13.2,TRADE
NSW1,2026-08-08 12:00:00,5694.0,13.2,TRADE
NSW1,2026-08-08 12:05:00,5619.1,-2.07,TRADE
NSW1,2026-08-08 12:10:00,5887.15,25.12,TRADE
NSW1,2026-08-08 12:15:00,5739.49,13.2,TRADE
NSW1,2026-08-08 12:20:00,5700.06,23.51,TRADE
NSW1,2026-08-08 12:25:00,5739.33,1.2,TRADE
NSW1,2026-08-08 12:30:00,5747.17,23.51,TRADE
NSW1,2026-08-08 12:35:00,5603.41,-2.07,TRADE
NSW1,2026-08-08 12:40:00,5827.85,25.12,TRADE
NSW1,2026-08-08 12:45:00,5683.18,25.12,TRADE
NSW1,2026-08-08 12:50:00,5596.72,23.95,TRADE
NSW1,2026-08-08 12:55:00,5558.01,25.12,TRADE
NSW1,2026-08-08 13:00:00,5660.1,23.99,TRADE
NSW1,2026-08-08 13:05:00,5666.03,23.95,TRADE
NSW1,2026-08-08 13:10:00,5558.16,42.55,TRADE
NSW1,2026-08-08 13:15:00,5542.39,23.95,TRADE
NSW1,2026-08-08 13:20:00,5625.68,25.12,TRADE
NSW1,2026-08-08 13:25:00,5717.54,42.55,TRADE
NSW1,2026-08-08 13:30:00,5572.69,25.12,TRADE
NSW1,2026-08-08 13:35:00,5601.68,41.88,TRADE
NSW1,2026-08-08 13:40:00,5643.7,42.55,TRADE
NSW1,2026-08-08 13:45:00,5718.63,42.55,TRADE
NSW1,2026-08-08 13:50:00,5733.08,42.8,TRADE
NSW1,2026-08-08 13:55:00,5719.42,23.95,TRADE
NSW1,2026-08-08 14:00:00,5841.79,42.55,TRADE
NSW1,2026-08-08 14:05:00,5749.77,42.8,TRADE
NSW1,2026-08-08 14:10:00,5709.67,25.12,TRADE
NSW1,2026-08-08 14:15:00,5920.05,64.07,TRADE
NSW1,2026-08-08 14:20:00,5902.76,52.29,TRADE
NSW1,2026-08-08 14:25:00,5875.28,25.12,TRADE
NSW1,2026-08-08 14:30:00,5985.06,42.8,TRADE
NSW1,2026-08-08 14:35:00,6036.02,52.3,TRADE
NSW1,2026-08-08 14:40:00,6124.04,64.07,TRADE
NSW1,2026-08-08 14:45:00,6248.52,42.54,TRADE
NSW1,2026-08-08 14:50:00,6289.94,-6.07,TRADE
NSW1,2026-08-08 14:55:00,6464.96,23.95,TRADE
NSW1,2026-08-08 15:00:00,6469.02,42.54,TRADE
NSW1,2026-08-08 15:05:00,6519.4,27.88,TRADE
NSW1,2026-08-08 15:10:00,6613.59,-2.0,TRADE
NSW1,2026-08-08 15:15:00,6731.29,42.54,TRADE
NSW1,2026-08-08 15:20:00,6703.01,42.49,TRADE
NSW1,2026-08-08 15:25:00,6878.09,42.77,TRADE
NSW1,2026-08-08 15:30:00,7032.05,42.54,TRADE
NSW1,2026-08-08 15:35:00,7136.2,42.54,TRADE
NSW1,2026-08-08 15:40:00,7230.69,23.99,TRADE
NSW1,2026-08-08 15:45:00,7275.77,-0.05,TRADE
NSW1,2026-08-08 15:50:00,7525.4,46.19,TRADE
NSW1,2026-08-08 15:55:00,7569.99,80.0,TRADE
NSW1,2026-08-08 16:00:00,7778.11,109.96,TRADE
NSW1,2026-08-08 16:05:00,7791.98,80.0,TRADE
NSW1,2026-08-08 16:10:00,7954.34,84.79,TRADE
NSW1,2026-08-08 16:15:00,8095.58,108.63,TRADE
NSW1,2026-08-08 16:20:00,8152.87,101.1,TRADE
NSW1,2026-08-08 16:25:00,8361.48,109.05,TRADE
NSW1,2026-08-08 16:30:00,8513.96,110.01,TRADE
NSW1,2026-08-08 16:35:00,8565.79,95.94,TRADE
NSW1,2026-08-08 16:40:00,8736.38,97.55,TRADE
NSW1,2026-08-08 16:45:00,8827.67,110.01,TRADE
NSW1,2026-08-08 16:50:00,8958.21,117.07,TRADE
NSW1,2026-08-08 16:55:00,8990.61,110.01,TRADE
NSW1,2026-08-08 17:00:00,9163.65,97.63,TRADE
NSW1,2026-08-08 17:05:00,9148.18,97.55,TRADE
NSW1,2026-08-08 17:10:00,9187.6,97.55,TRADE
NSW1,2026-08-08 17:15:00,9216.32,97.55,TRADE
NSW1,2026-08-08 17:20:00,9391.43,106.69,TRADE
NSW1,2026-08-08 17:25:00,9474.7,106.71,TRADE
NSW1,2026-08-08 17:30:00,9552.67,97.55,TRADE
NSW1,2026-08-08 17:35:00,9780.25,110.03,TRADE
NSW1,2026-08-08 17:40:00,9818.91,98.1,TRADE
NSW1,2026-08-08 17:45:00,9953.15,110.03,TRADE
NSW1,2026-08-08 17:50:00,9992.59,110.03,TRADE
NSW1,2026-08-08 17:55:00,9976.91,97.55,TRADE
NSW1,2026-08-08 18:00:00,10002.62,97.55,TRADE
NSW1,2026-08-08 18:05:00,10112.89,110.03,TRADE
NSW1,2026-08-08 18:10:00,10010.67,98.51,TRADE
NSW1,2026-08-08 18:15:00,10040.33,97.55,TRADE
NSW1,2026-08-08 18:20:00,10083.09,107.82,TRADE
NSW1,2026-08-08 18:25:00,10001.85,97.55,TRADE
NSW1,2026-08-08 18:30:00,10066.31,97.63,TRADE
NSW1,2026-08-08 18:35:00,10076.6,111.52,TRADE
NSW1,2026-08-08 18:40:00,9949.11,97.55,TRADE
NSW1,2026-08-08 18:45:00,10015.76,97.55,TRADE
NSW1,2026-08-08 18:50:00,9990.28,108.91,TRADE
NSW1,2026-08-08 18:55:00,9937.42,97.55,TRADE
NSW1,2026-08-08 19:00:00,10003.03,97.63,TRADE
NSW1,2026-08-08 19:05:00,9895.79,101.19,TRADE
NSW1,2026-08-08 19:10:00,9956.13,101.15,TRADE
NSW1,2026-08-08 19:15:00,9930.58,97.55,TRADE
NSW1,2026-08-08 19:20:00,9922.7,97.55,TRADE
NSW1,2026-08-08 19:25:00,9958.43,99.74,TRADE
NSW1,2026-08-08 19:30:00,9877.91,97.63,TRADE
NSW1,2026-08-08 19:35:00,9820.05,97.63,TRADE
NSW1,2026-08-08 19:40:00,9788.13,97.55,TRADE
NSW1,2026-08-08 19:45:00,9801.04,99.35,TRADE
NSW1,2026-08-08 19:50:00,9814.22,97.63,TRADE
NSW1,2026-08-08 19:55:00,9792.95,98.69,TRADE
NSW1,2026-08-08 20:00:00,9800.03,97.55,TRADE
NSW1,2026-08-08 20:05:00,9773.21,110.03,TRADE
NSW1,2026-08-08 20:10:00,9700.58,99.24,TRADE
NSW1,2026-08-08 20:15:00,9746.01,97.55,TRADE
NSW1,2026-08-08 20:20:00,9678.86,100.54,TRADE
NSW1,2026-08-08 20:25:00,9655.98,110.01,TRADE
NSW1,2026-08-08 20:30:00,9675.15,110.01,TRADE
NSW1,2026-08-08 20:35:00,9628.36,101.27,TRADE
NSW1,2026-08-08 20:40:00,9704.08,99.45,TRADE
NSW1,2026-08-08 20:45:00,9703.17,98.54,TRADE
NSW1,2026-08-08 20:50:00,9619.95,102.04,TRADE
NSW1,2026-08-08 20:55:00,9633.88,100.03,TRADE
NSW1,2026-08-08 21:00:00,9515.92,97.55,TRADE
NSW1,2026-08-08 21:05:00,9461.16,98.65,TRADE
NSW1,2026-08-08 21:10:00,9539.91,101.51,TRADE
NSW1,2026-08-08 21:15:00,9506.23,101.5,TRADE
NSW1,2026-08-08 21:20:00,9373.53,97.55,TRADE
NSW1,2026-08-08 21:25:00,9352.79,97.63,TRADE
NSW1,2026-08-08 21:30:00,9361.2,97.63,TRADE
NSW1,2026-08-08 21:35:00,9324.14,100.61,TRADE
NSW1,2026-08-08 21:40:00,9259.82,98.71,TRADE
NSW1,2026-08-08 21:45:00,9234.34,97.63,TRADE
NSW1,2026-08-08 21:50:00,9199.97,97.55,TRADE
NSW1,2026-08-08 21:55:00,9155.91,97.63,TRADE
NSW1,2026-08-08 22:00:00,9143.68,98.83,TRADE
NSW1,2026-08-08 22:05:00,9092.03,97.55,TRADE
NSW1,2026-08-08 22:10:00,9118.84,97.55,TRADE
NSW1,2026-08-08 22:15:00,9124.7,103.46,TRADE
NSW1,2026-08-08 22:20:00,9110.94,97.92,TRADE
NSW1,2026-08-08 22:25:00,9099.91,97.63,TRADE
NSW1,2026-08-08 22:30:00,9060.34,97.63,TRADE
NSW1,2026-08-08 22:35:00,8954.66,97.55,TRADE
NSW1,2026-08-08 22:40:00,8960.77,97.55,TRADE
NSW1,2026-08-08 22:45:00,9005.8,102.35,TRADE
NSW1,2026-08-08 22:50:00,8881.97,102.37,TRADE
NSW1,2026-08-08 22:55:00,8927.76,102.43,TRADE
NSW1,2026-08-08 23:00:00,8895.37,97.55,TRADE
NSW1,2026-08-08 23:05:00,8825.91,91.41,TRADE
NSW1,2026-08-08 23:10:00,8762.22,97.55,TRADE
NSW1,2026-08-08 23:15:00,8731.9,103.79,TRADE
NSW1,2026-08-08 23:20:00,8660.51,96.31,TRADE
NSW1,2026-08-08 23:25:00,8635.26,89.85,TRADE
NSW1,2026-08-08 23:30:00,8605.6,93.29,TRADE
NSW1,2026-08-08 23:35:00,8586.1,87.61,TRADE
NSW1,2026-08-08 23:40:00,8526.28,87.55,TRADE
NSW1,2026-08-08 23:45:00,8465.75,85.25,TRADE
NSW1,2026-08-08 23:50:00,8441.73,87.56,TRADE
NSW1,2026-08-08 23:55:00,8402.9,83.99,TRADE
NSW1,2026-08-09 00:00:00,8396.6,84.79,TRADE
NSW1,2026-08-09 00:05:00,8310.36,86.37,TRADE
NSW1,2026-08-09 00:10:00,8357.74,88.26,TRADE
NSW1,2026-08-09 00:15:00,8341.03,86.65,TRADE
NSW1,2026-08-09 00:20:00,8344.71,86.46,TRADE
NSW1,2026-08-09 00:25:00,8304.68,83.99,TRADE
NSW1,2026-08-09 00:30:00,8347.8,83.99,TRADE
NSW1,2026-08-09 00:35:00,8283.51,83.99,TRADE
NSW1,2026-08-09 00:40:00,8252.69,83.99,TRADE
NSW1,2026-08-09 00:45:00,8209.7,83.34,TRADE
NSW1,2026-08-09 00:50:00,8067.7,80.0,TRADE
NSW1,2026-08-09 00:55:00,8153.66,80.0,TRADE
NSW1,2026-08-09 01:00:00,8084.99,78.87,TRADE
NSW1,2026-08-09 01:05:00,7989.56,70.79,TRADE
NSW1,2026-08-09 01:10:00,7991.08,78.91,TRADE
NSW1,2026-08-09 01:15:00,7949.0,69.99,TRADE
NSW1,2026-08-09 01:20:00,7887.17,69.99,TRADE
NSW1,2026-08-09 01:25:00,7827.27,69.99,TRADE
NSW1,2026-08-09 01:30:00,7822.29,69.47,TRADE
NSW1,2026-08-09 01:35:00,7805.04,69.99,TRADE
NSW1,2026-08-09 01:40:00,7776.96,69.99,TRADE
NSW1,2026-08-09 01:45:00,7706.88,77.96,TRADE
NSW1,2026-08-09 01:50:00,7704.04,69.99,TRADE
NSW1,2026-08-09 01:55:00,7727.54,78.99,TRADE
NSW1,2026-08-09 02:00:00,7720.14,69.99,TRADE
NSW1,2026-08-09 02:05:00,7705.62,73.2,TRADE
NSW1,2026-08-09 02:10:00,7651.15,70.46,TRADE
NSW1,2026-08-09 02:15:00,7648.34,73.2,TRADE
NSW1,2026-08-09 02:20:00,7633.09,73.2,TRADE
NSW1,2026-08-09 02:25:00,7567.5,69.99,TRADE
NSW1,2026-08-09 02:30:00,7519.95,69.99,TRADE
NSW1,2026-08-09 02:35:00,7418.21,69.99,TRADE
NSW1,2026-08-09 02:40:00,7405.75,73.2,TRADE
NSW1,2026-08-09 02:45:00,7380.75,70.43,TRADE
NSW1,2026-08-09 02:50:00,7342.18,69.99,TRADE
NSW1,2026-08-09 02:55:00,7377.91,80.0,TRADE
NSW1,2026-08-09 03:00:00,7364.03,70.94,TRADE
NSW1,2026-08-09 03:05:00,7344.6,71.44,TRADE
NSW1,2026-08-09 03:10:00,7325.51,73.2,TRADE
NSW1,2026-08-09 03:15:00,7350.43,69.99,TRADE
NSW1,2026-08-09 03:20:00,7386.37,73.2,TRADE
NSW1,2026-08-09 03:25:00,7391.49,70.92,TRADE
NSW1,2026-08-09 03:30:00,7320.46,72.0,TRADE
NSW1,2026-08-09 03:35:00,7275.77,66.53,TRADE
NSW1,2026-08-09 03:40:00,7340.85,69.99,TRADE
NSW1,2026-08-09 03:45:00,7364.24,69.99,TRADE
NSW1,2026-08-09 03:50:00,7348.18,69.99,TRADE
NSW1,2026-08-09 03:55:00,7299.15,75.3,TRADE
NSW1,2026-08-09 04:00:00,7243.73,69.99,TRADE
NSW1,2026-08-09 04:05:00,7272.04,73.2,TRADE
NSW1,2026-08-09 04:10:00,7318.01,67.28,TRADE
NSW1,2026-08-09 04:15:00,7267.97,69.99,TRADE
NSW1,2026-08-09 04:20:00,7283.38,69.99,TRADE
NSW1,2026-08-09 04:25:00,7242.63,69.99,TRADE
NSW1,2026-08-09 04:30:00,7263.98,69.99,TRADE
NSW1,2026-08-09 04:35:00,7256.47,74.81,TRADE
NSW1,2026-08-09 04:40:00,7259.74,69.99,TRADE
NSW1,2026-08-09 04:45:00,7281.57,66.53,TRADE
NSW1,2026-08-09 04:50:00,7278.79,69.99,TRADE
NSW1,2026-08-09 04:55:00,7324.85,69.99,TRADE
NSW1,2026-08-09 05:00:00,7349.41,73.2,TRADE
NSW1,2026-08-09 05:05:00,7388.28,66.53,TRADE
NSW1,2026-08-09 05:10:00,7395.15,69.99,TRADE
NSW1,2026-08-09 05:15:00,7448.3,73.2,TRADE
NSW1,2026-08-09 05:20:00,7484.36,69.99,TRADE
NSW1,2026-08-09 05:25:00,7460.31,69.9,TRADE
NSW1,2026-08-09 05:30:00,7379.07,66.53,TRADE
NSW1,2026-08-09 05:35:00,7416.88,66.53,TRADE
NSW1,2026-08-09 05:40:00,7486.94,69.99,TRADE
NSW1,2026-08-09 05:45:00,7555.3,76.84,TRADE
NSW1,2026-08-09 05:50:00,7595.91,69.99,TRADE
NSW1,2026-08-09 05:55:00,7605.33,69.99,TRADE
NSW1,2026-08-09 06:00:00,7616.16,69.99,TRADE
NSW1,2026-08-09 06:05:00,7636.6,69.99,TRADE
NSW1,2026-08-09 06:10:00,7698.08,74.8,TRADE
NSW1,2026-08-09 06:15:00,7779.52,69.99,TRADE
NSW1,2026-08-09 06:20:00,7887.89,69.99,TRADE
NSW1,2026-08-09 06:25:00,7884.99,69.99,TRADE
NSW1,2026-08-09 06:30:00,7955.59,76.29,TRADE
NSW1,2026-08-09 06:35:00,8022.11,75.34,TRADE
NSW1,2026-08-09 06:40:00,8053.87,70.6,TRADE
NSW1,2026-08-09 06:45:00,8037.08,74.31,TRADE
NSW1,2026-08-09 06:50:00,8081.78,66.98,TRADE
NSW1,2026-08-09 06:55:00,8139.53,69.99,TRADE
NSW1,2026-08-09 07:00:00,8162.85,69.99,TRADE
NSW1,2026-08-09 07:05:00,8210.36,64.95,TRADE
NSW1,2026-08-09 07:10:00,8309.6,67.99,TRADE
NSW1,2026-08-09 07:15:00,8242.97,62.24,TRADE
NSW1,2026-08-09 07:20:00,8351.03,65.03,TRADE
NSW1,2026-08-09 07:25:00,8417.56,64.95,TRADE
NSW1,2026-08-09 07:30:00,8469.32,64.95,TRADE
NSW1,2026-08-09 07:35:00,8445.91,64.78,TRADE
NSW1,2026-08-09 07:40:00,8432.06,52.25,TRADE
NSW1,2026-08-09 07:45:00,8578.85,65.53,TRADE
NSW1,2026-08-09 07:50:00,8477.95,73.15,TRADE
NSW1,2026-08-09 07:55:00,8522.33,66.22,TRADE
NSW1,2026-08-09 08:00:00,8474.57,65.04,TRADE
NSW1,2026-08-09 08:05:00,8489.71,66.53,TRADE
NSW1,2026-08-09 08:10:00,8567.1,66.53,TRADE
NSW1,2026-08-09 08:15:00,8530.92,68.03,TRADE
NSW1,2026-08-09 08:20:00,8614.85,67.39,TRADE
NSW1,2026-08-09 08:25:00,8541.24,64.95,TRADE
NSW1,2026-08-09 08:30:00,8586.56,69.51,TRADE
NSW1,2026-08-09 08:35:00,8570.74,69.99,TRADE
NSW1,2026-08-09 08:40:00,8471.37,64.95,TRADE
NSW1,2026-08-09 08:45:00,8479.96,65.06,TRADE
NSW1,2026-08-09 08:50:00,8525.6,69.99,TRADE
NSW1,2026-08-09 08:55:00,8533.27,69.99,TRADE
NSW1,2026-08-09 09:00:00,8373.41,64.95,TRADE
NSW1,2026-08-09 09:05:00,8492.6,87.86,TRADE
NSW1,2026-08-09 09:10:00,8530.05,80.0,TRADE
NSW1,2026-08-09 09:15:00,8467.01,60.91,TRADE
NSW1,2026-08-09 09:20:00,8410.55,64.89,TRADE
NSW1,2026-08-09 09:25:00,8340.71,52.89,TRADE
NSW1,2026-08-09 09:30:00,8364.62,64.89,TRADE
NSW1,2026-08-09 09:35:00,8249.62,66.53,TRADE
NSW1,2026-08-09 09:40:00,8222.21,66.53,TRADE
NSW1,2026-08-09 09:45:00,8119.72,66.53,TRADE
NSW1,2026-08-09 09:50:00,8153.77,66.53,TRADE
NSW1,2026-08-09 09:55:00,8160.68,66.53,TRADE
NSW1,2026-08-09 10:00:00,8114.37,66.53,TRADE
NSW1,2026-08-09 10:05:00,8017.35,69.99,TRADE
NSW1,2026-08-09 10:10:00,8189.19,80.0,TRADE
NSW1,2026-08-09 10:15:00,8328.98,87.86,TRADE
NSW1,2026-08-09 10:20:00,8405.51,84.79,TRADE
NSW1,2026-08-09 10:25:00,8364.41,83.12,TRADE
NSW1,2026-08-09 10:30:00,8378.84,80.0,TRADE
NSW1,2026-08-09 10:35:00,8323.59,80.0,TRADE
NSW1,2026-08-09 10:40:00,8323.31,83.12,TRADE
NSW1,2026-08-09 10:45:00,8328.94,83.34,TRADE
NSW1,2026-08-09 10:50:00,8378.77,66.53,TRADE
NSW1,2026-08-09 10:55:00,8465.13,69.99,TRADE
NSW1,2026-08-09 11:00:00,8430.13,80.0,TRADE
NSW1,2026-08-09 11:05:00,8405.92,73.44,TRADE
NSW1,2026-08-09 11:10:00,8591.55,84.79,TRADE
NSW1,2026-08-09 11:15:00,8602.14,84.79,TRADE
NSW1,2026-08-09 11:20:00,8532.06,83.99,TRADE
NSW1,2026-08-09 11:25:00,8535.29,83.99,TRADE
NSW1,2026-08-09 11:30:00,8566.25,81.49,TRADE
NSW1,2026-08-09 11:35:00,8576.4,80.87,TRADE
NSW1,2026-08-09 11:40:00,8601.87,87.86,TRADE
NSW1,2026-08-09 11:45:00,8727.23,87.86,TRADE
NSW1,2026-08-09 11:50:00,8745.11,87.86,TRADE
NSW1,2026-08-09 11:55:00,8695.38,87.86,TRADE
NSW1,2026-08-09 12:00:00,8732.19,87.86,TRADE
NSW1,2026-08-09 12:05:00,8725.95,87.86,TRADE
NSW1,2026-08-09 12:10:00,8781.23,90.49,TRADE
NSW1,2026-08-09 12:15:00,8789.87,89.99,TRADE
NSW1,2026-08-09 12:20:00,8667.74,87.86,TRADE
NSW1,2026-08-09 12:25:00,8742.48,88.88,TRADE
NSW1,2026-08-09 12:30:00,8849.83,97.63,TRADE
NSW1,2026-08-09 12:35:00,8985.46,112.65,TRADE
NSW1,2026-08-09 12:40:00,9059.39,89.04,TRADE
NSW1,2026-08-09 12:45:00,8987.69,97.63,TRADE
NSW1,2026-08-09 12:50:00,9011.63,110.01,TRADE
NSW1,2026-08-09 12:55:00,9010.22,90.49,TRADE
NSW1,2026-08-09 13:00:00,9025.06,97.63,TRADE
NSW1,2026-08-09 13:05:00,8941.49,90.49,TRADE
NSW1,2026-08-09 13:10:00,9049.57,110.01,TRADE
NSW1,2026-08-09 13:15:00,9059.21,115.46,TRADE
NSW1,2026-08-09 13:20:00,9059.77,88.9,TRADE
NSW1,2026-08-09 13:25:00,9157.3,101.1,TRADE
NSW1,2026-08-09 13:30:00,9185.82,121.0,TRADE
NSW1,2026-08-09 13:35:00,9256.37,121.0,TRADE
NSW1,2026-08-09 13:40:00,9304.39,101.1,TRADE
NSW1,2026-08-09 13:45:00,9339.45,101.1,TRADE
NSW1,2026-08-09 13:50:00,9329.58,124.29,TRADE
NSW1,2026-08-09 13:55:00,9225.12,121.0,TRADE
NSW1,2026-08-09 14:00:00,9269.88,101.1,TRADE
NSW1,2026-08-09 14:05:00,9235.45,121.0,TRADE
NSW1,2026-08-09 14:10:00,9111.42,97.63,TRADE
NSW1,2026-08-09 14:15:00,9068.56,97.63,TRADE
NSW1,2026-08-09 14:20:00,9100.72,97.63,TRADE
NSW1,2026-08-09 14:25:00,9206.78,110.01,TRADE
NSW1,2026-08-09 14:30:00,9245.86,97.63,TRADE
NSW1,2026-08-09 14:35:00,9236.04,89.01,TRADE
NSW1,2026-08-09 14:40:00,9250.01,93.24,TRADE
NSW1,2026-08-09 14:45:00,9182.87,91.43,TRADE
NSW1,2026-08-09 14:50:00,9175.61,89.07,TRADE
NSW1,2026-08-09 14:55:00,9152.04,88.9,TRADE
NSW1,2026-08-09 15:00:00,9249.42,88.9,TRADE
NSW1,2026-08-09 15:05:00,9298.39,84.01,TRADE
NSW1,2026-08-09 15:10:00,9370.1,87.86,TRADE
NSW1,2026-08-09 15:15:00,9342.84,97.63,TRADE
NSW1,2026-08-09 15:20:00,9401.04,101.13,TRADE
NSW1,2026-08-09 15:25:00,9526.29,106.4,TRADE
NSW1,2026-08-09 15:30:00,9618.35,108.83,TRADE
NSW1,2026-08-09 15:35:00,9573.96,99.01,TRADE
NSW1,2026-08-09 15:40:00,9615.25,97.63,TRADE
NSW1,2026-08-09 15:45:00,9704.02,99.01,TRADE
NSW1,2026-08-09 15:50:00,9644.51,97.63,TRADE
NSW1,2026-08-09 15:55:00,9740.35,99.01,TRADE
NSW1,2026-08-09 16:00:00,9800.67,121.0,TRADE
NSW1,2026-08-09 16:05:00,9853.66,97.63,TRADE
NSW1,2026-08-09 16:10:00,9933.84,83.99,TRADE
NSW1,2026-08-09 16:15:00,10033.67,110.01,TRADE
NSW1,2026-08-09 16:20:00,10069.14,99.99,TRADE
NSW1,2026-08-09 16:25:00,10117.51,110.01,TRADE
NSW1,2026-08-09 16:30:00,10119.58,89.16,TRADE
NSW1,2026-08-09 16:35:00,10190.29,84.79,TRADE
NSW1,2026-08-09 16:40:00,10270.36,97.55,TRADE
NSW1,2026-08-09 16:45:00,10318.87,95.07,TRADE
NSW1,2026-08-09 16:50:00,10401.39,96.08,TRADE
NSW1,2026-08-09 16:55:00,10467.63,97.09,TRADE
NSW1,2026-08-09 17:00:00,10468.15,97.23,TRADE
NSW1,2026-08-09 17:05:00,10592.97,88.89,TRADE
NSW1,2026-08-09 17:10:00,10649.39,93.34,TRADE
NSW1,2026-08-09 17:15:00,10671.34,88.89,TRADE
NSW1,2026-08-09 17:20:00,10736.18,88.89,TRADE
NSW1,2026-08-09 17:25:00,10861.91,91.16,TRADE
NSW1,2026-08-09 17:30:00,10920.67,95.68,TRADE
NSW1,2026-08-09 17:35:00,10938.22,95.98,TRADE
NSW1,2026-08-09 17:40:00,10995.61,97.55,TRADE
NSW1,2026-08-09 17:45:00,11042.18,97.55,TRADE
NSW1,2026-08-09 17:50:00,11075.1,97.55,TRADE
NSW1,2026-08-09 17:55:00,11068.45,97.55,TRADE
NSW1,2026-08-09 18:00:00,11061.67,97.55,TRADE
NSW1,2026-08-09 18:05:00,11073.24,97.55,TRADE
NSW1,2026-08-09 18:10:00,10991.74,97.55,TRADE
NSW1,2026-08-09 18:15:00,11095.22,97.23,TRADE
NSW1,2026-08-09 18:20:00,11072.25,97.12,TRADE
NSW1,2026-08-09 18:25:00,11088.44,97.55,TRADE
NSW1,2026-08-09 18:30:00,11030.92,97.55,TRADE
NSW1,2026-08-09 18:35:00,10962.98,97.55,TRADE
NSW1,2026-08-09 18:40:00,11012.01,94.45,TRADE
NSW1,2026-08-09 18:45:00,10902.36,97.55,TRADE
NSW1,2026-08-09 18:50:00,10880.82,90.49,TRADE
NSW1,2026-08-09 18:55:00,10774.31,97.01,TRADE
NSW1,2026-08-09 19:00:00,10740.65,95.09,TRADE
NSW1,2026-08-09 19:05:00,10663.96,93.23,TRADE
NSW1,2026-08-09 19:10:00,10683.97,97.55,TRADE
NSW1,2026-08-09 19:15:00,10671.66,92.2,TRADE
NSW1,2026-08-09 19:20:00,10602.64,93.11,TRADE
NSW1,2026-08-09 19:25:00,10621.11,90.6,TRADE
NSW1,2026-08-09 19:30:00,10602.49,90.49,TRADE
NSW1,2026-08-09 19:35:00,10546.27,93.81,TRADE
NSW1,2026-08-09 19:40:00,10518.65,92.23,TRADE
NSW1,2026-08-09 19:45:00,10538.21,96.12,TRADE
NSW1,2026-08-09 19:50:00,10482.85,95.03,TRADE
NSW1,2026-08-09 19:55:00,10468.0,95.34,TRADE
NSW1,2026-08-09 20:00:00,10397.74,95.32,TRADE
NSW1,2026-08-09 20:05:00,10383.32,97.55,TRADE
NSW1,2026-08-09 20:10:00,10352.15,97.55,TRADE
NSW1,2026-08-09 20:15:00,10311.47,97.55,TRADE
NSW1,2026-08-09 20:20:00,10264.95,97.55,TRADE
NSW1,2026-08-09 20:25:00,10254.47,97.55,TRADE
NSW1,2026-08-09 20:30:00,10200.53,97.62,TRADE
NSW1,2026-08-09 20:35:00,10122.62,108.96,TRADE
NSW1,2026-08-09 20:40:00,10065.8,108.76,TRADE
NSW1,2026-08-09 20:45:00,9964.3,93.95,TRADE
NSW1,2026-08-09 20:50:00,9893.39,90.49,TRADE
NSW1,2026-08-09 20:55:00,9893.04,97.55,TRADE
NSW1,2026-08-09 21:00:00,9823.36,88.88,TRADE
NSW1,2026-08-09 21:05:00,9792.2,94.06,TRADE
NSW1,2026-08-09 21:10:00,9757.95,109.0,TRADE
NSW1,2026-08-09 21:15:00,9710.44,93.49,TRADE
NSW1,2026-08-09 21:20:00,9653.8,93.49,TRADE
NSW1,2026-08-09 21:25:00,9572.53,95.47,TRADE
NSW1,2026-08-09 21:30:00,9472.31,88.88,TRADE
NSW1,2026-08-09 21:35:00,9411.15,83.99,TRADE
NSW1,2026-08-09 21:40:00,9399.2,83.99,TRADE
NSW1,2026-08-09 21:45:00,9350.43,84.79,TRADE
NSW1,2026-08-09 21:50:00,9310.29,83.37,TRADE
NSW1,2026-08-09 21:55:00,9179.84,83.99,TRADE
NSW1,2026-08-09 22:00:00,9174.2,83.99,TRADE
NSW1,2026-08-09 22:05:00,9022.21,83.99,TRADE
NSW1,2026-08-09 22:10:00,9110.09,90.73,TRADE
NSW1,2026-08-09 22:15:00,9078.74,83.99,TRADE
NSW1,2026-08-09 22:20:00,8947.34,83.01,TRADE
NSW1,2026-08-09 22:25:00,8971.96,83.99,TRADE
NSW1,2026-08-09 22:30:00,8894.98,79.25,TRADE
NSW1,2026-08-09 22:35:00,8818.12,83.15,TRADE
NSW1,2026-08-09 22:40:00,8848.99,80.0,TRADE
NSW1,2026-08-09 22:45:00,8756.06,79.37,TRADE
NSW1,2026-08-09 22:50:00,8764.4,84.79,TRADE
NSW1,2026-08-09 22:55:00,8631.01,80.0,TRADE
NSW1,2026-08-09 23:00:00,8632.42,80.0,TRADE
NSW1,2026-08-09 23:05:00,8530.17,80.0,TRADE
NSW1,2026-08-09 23:10:00,8475.8,80.0,TRADE
NSW1,2026-08-09 23:15:00,8445.59,83.99,TRADE
NSW1,2026-08-09 23:20:00,8389.09,83.99,TRADE
NSW1,2026-08-09 23:25:00,8326.41,83.33,TRADE
NSW1,2026-08-09 23:30:00,8241.54,69.99,TRADE
NSW1,2026-08-09 23:35:00,8260.45,82.24,TRADE
NSW1,2026-08-09 23:40:00,8227.27,83.85,TRADE
NSW1,2026-08-09 23:45:00,8146.14,80.0,TRADE
NSW1,2026-08-09 23:50:00,8167.94,78.11,TRADE
NSW1,2026-08-09 23:55:00,8135.19,79.21,TRADE
NSW1,2026-08-10 00:00:00,8095.75,69.99,TRADE
NSW1,2026-08-10 00:05:00,8005.74,80.0,TRADE
NSW1,2026-08-10 00:10:00,8182.84,84.79,TRADE
NSW1,2026-08-10 00:15:00,8225.95,84.79,TRADE
NSW1,2026-08-10 00:20:00,8242.87,84.79,TRADE
NSW1,2026-08-10 00:25:00,8232.13,83.99,TRADE
NSW1,2026-08-10 00:30:00,8138.77,80.0,TRADE
NSW1,2026-08-10 00:35:00,8086.24,81.47,TRADE
NSW1,2026-08-10 00:40:00,8037.56,80.0,TRADE
NSW1,2026-08-10 00:45:00,7952.25,73.2,TRADE
NSW1,2026-08-10 00:50:00,7875.9,72.0,TRADE
NSW1,2026-08-10 00:55:00,7836.05,73.2,TRADE
NSW1,2026-08-10 01:00:00,7918.18,73.2,TRADE
NSW1,2026-08-10 01:05:00,7836.49,73.2,TRADE
NSW1,2026-08-10 01:10:00,7854.22,73.2,TRADE
NSW1,2026-08-10 01:15:00,7735.55,73.2,TRADE
NSW1,2026-08-10 01:20:00,7729.85,72.73,TRADE
NSW1,2026-08-10 01:25:00,7625.38,68.15,TRADE
NSW1,2026-08-10 01:30:00,7608.08,67.0,TRADE
NSW1,2026-08-10 01:35:00,7496.03,73.2,TRADE
NSW1,2026-08-10 01:40:00,7473.28,72.0,TRADE
NSW1,2026-08-10 01:45:00,7453.42,66.33,TRADE
NSW1,2026-08-10 01:50:00,7457.61,67.99,TRADE
NSW1,2026-08-10 01:55:00,7351.4,66.53,TRADE
NSW1,2026-08-10 02:00:00,7349.91,67.99,TRADE
NSW1,2026-08-10 02:05:00,7354.83,69.99,TRADE
NSW1,2026-08-10 02:10:00,7253.46,67.99,TRADE
NSW1,2026-08-10 02:15:00,7229.14,72.0,TRADE
NSW1,2026-08-10 02:20:00,7213.82,72.0,TRADE
NSW1,2026-08-10 02:25:00,7191.35,66.53,TRADE
NSW1,2026-08-10 02:30:00,7210.18,66.75,TRADE
NSW1,2026-08-10 02:35:00,7191.82,67.18,TRADE
NSW1,2026-08-10 02:40:00,7137.39,69.99,TRADE
NSW1,2026-08-10 02:45:00,7125.44,66.58,TRADE
NSW1,2026-08-10 02:50:00,7173.91,69.99,TRADE
NSW1,2026-08-10 02:55:00,7208.41,73.2,TRADE
NSW1,2026-08-10 03:00:00,7123.55,67.59,TRADE
NSW1,2026-08-10 03:05:00,7124.7,73.2,TRADE
NSW1,2026-08-10 03:10:00,7126.43,73.2,TRADE
NSW1,2026-08-10 03:15:00,7154.76,73.2,TRADE
NSW1,2026-08-10 03:20:00,7081.55,73.2,TRADE
NSW1,2026-08-10 03:25:00,7031.52,69.99,TRADE
NSW1,2026-08-10 03:30:00,7111.44,69.99,TRADE
NSW1,2026-08-10 03:35:00,7095.01,73.2,TRADE
NSW1,2026-08-10 03:40:00,7074.77,73.2,TRADE
NSW1,2026-08-10 03:45:00,7060.23,67.99,TRADE
NSW1,2026-08-10 03:50:00,7084.42,69.86,TRADE
NSW1,2026-08-10 03:55:00,7032.72,69.99,TRADE
NSW1,2026-08-10 04:00:00,7036.36,72.0,TRADE
NSW1,2026-08-10 04:05:00,7040.9,69.99,TRADE
NSW1,2026-08-10 04:10:00,7055.56,66.89,TRADE
NSW1,2026-08-10 04:15:00,7127.33,73.2,TRADE
NSW1,2026-08-10 04:20:00,7100.81,69.99,TRADE
NSW1,2026-08-10 04:25:00,7078.04,69.99,TRADE
NSW1,2026-08-10 04:30:00,7117.97,69.99,TRADE
NSW1,2026-08-10 04:35:00,7128.41,65.89,TRADE
NSW1,2026-08-10 04:40:00,7188.19,69.99,TRADE
NSW1,2026-08-10 04:45:00,7240.57,70.07,TRADE
NSW1,2026-08-10 04:50:00,7321.18,66.79,TRADE
NSW1,2026-08-10 04:55:00,7278.15,69.99,TRADE
NSW1,2026-08-10 05:00:00,7261.89,67.99,TRADE
NSW1,2026-08-10 05:05:00,7322.8,67.57,TRADE
NSW1,2026-08-10 05:10:00,7476.94,72.38,TRADE
NSW1,2026-08-10 05:15:00,7550.18,72.0,TRADE
NSW1,2026-08-10 05:20:00,7611.08,69.99,TRADE
NSW1,2026-08-10 05:25:00,7668.95,70.06,TRADE
NSW1,2026-08-10 05:30:00,7662.37,71.75,TRADE
NSW1,2026-08-10 05:35:00,7768.3,69.99,TRADE
NSW1,2026-08-10 05:40:00,7880.63,66.51,TRADE
NSW1,2026-08-10 05:45:00,7899.32,61.45,TRADE
NSW1,2026-08-10 05:50:00,7997.23,65.62,TRADE
NSW1,2026-08-10 05:55:00,8078.52,73.2,TRADE
NSW1,2026-08-10 06:00:00,8177.99,73.2,TRADE
NSW1,2026-08-10 06:05:00,8179.31,73.2,TRADE
NSW1,2026-08-10 06:10:00,8407.28,73.15,TRADE
NSW1,2026-08-10 06:15:00,8538.7,69.99,TRADE
NSW1,2026-08-10 06:20:00,8666.35,72.18,TRADE
NSW1,2026-08-10 06:25:00,8773.87,73.2,TRADE
NSW1,2026-08-10 06:30:00,8976.74,73.51,TRADE
NSW1,2026-08-10 06:35:00,9014.12,69.99,TRADE
NSW1,2026-08-10 06:40:00,9191.65,75.75,TRADE
NSW1,2026-08-10 06:45:00,9372.32,80.91,TRADE
NSW1,2026-08-10 06:50:00,9470.84,83.99,TRADE
NSW1,2026-08-10 06:55:00,9528.52,83.18,TRADE
NSW1,2026-08-10 07:00:00,9569.41,88.88,TRADE
NSW1,2026-08-10 07:05:00,9690.49,88.88,TRADE
NSW1,2026-08-10 07:10:00,9769.03,84.79,TRADE
NSW1,2026-08-10 07:15:00,9916.17,88.88,TRADE
NSW1,2026-08-10 07:20:00,9987.25,88.88,TRADE
NSW1,2026-08-10 07:25:00,9998.82,88.88,TRADE
NSW1,2026-08-10 07:30:00,10022.94,88.88,TRADE
NSW1,2026-08-10 07:35:00,10097.34,88.88,TRADE
NSW1,2026-08-10 07:40:00,10067.56,88.88,TRADE
NSW1,2026-08-10 07:45:00,10264.61,88.88,TRADE
NSW1,2026-08-10 07:50:00,10268.32,88.88,TRADE
NSW1,2026-08-10 07:55:00,10215.69,88.88,TRADE
NSW1,2026-08-10 08:00:00,10208.97,80.0,TRADE
NSW1,2026-08-10 08:05:00,10230.7,84.86,TRADE
NSW1,2026-08-10 08:10:00,10191.88,88.88,TRADE
NSW1,2026-08-10 08:15:00,10080.8,88.88,TRADE
NSW1,2026-08-10 08:20:00,9905.05,86.56,TRADE
NSW1,2026-08-10 08:25:00,9753.9,80.0,TRADE
NSW1,2026-08-10 08:30:00,9673.25,80.0,TRADE
NSW1,2026-08-10 08:35:00,9593.34,84.79,TRADE
NSW1,2026-08-10 08:40:00,9461.31,83.99,TRADE
NSW1,2026-08-10 08:45:00,9396.16,83.99,TRADE
NSW1,2026-08-10 08:50:00,9317.13,85.4,TRADE
NSW1,2026-08-10 08:55:00,9205.58,81.13,TRADE
NSW1,2026-08-10 09:00:00,9075.32,83.99,TRADE
NSW1,2026-08-10 09:05:00,8876.46,77.67,TRADE
NSW1,2026-08-10 09:10:00,8898.8,84.32,TRADE
NSW1,2026-08-10 09:15:00,8913.85,83.99,TRADE
NSW1,2026-08-10 09:20:00,8839.29,76.68,TRADE
NSW1,2026-08-10 09:25:00,8830.26,73.2,TRADE
NSW1,2026-08-10 09:30:00,8726.52,73.2,TRADE
NSW1,2026-08-10 09:35:00,8559.68,73.2,TRADE
NSW1,2026-08-10 09:40:00,8610.59,74.25,TRADE
NSW1,2026-08-10 09:45:00,8519.91,66.53,TRADE
NSW1,2026-08-10 09:50:00,8504.94,66.53,TRADE
NSW1,2026-08-10 09:55:00,8447.99,71.7,TRADE
NSW1,2026-08-10 10:00:00,8406.86,67.99,TRADE
NSW1,2026-08-10 10:05:00,8388.96,66.53,TRADE
NSW1,2026-08-10 10:10:00,8390.01,66.53,TRADE
NSW1,2026-08-10 10:15:00,8341.25,74.88,TRADE
NSW1,2026-08-10 10:20:00,8234.99,75.86,TRADE
NSW1,2026-08-10 10:25:00,8248.88,73.2,TRADE
NSW1,2026-08-10 10:30:00,8109.92,69.99,TRADE
NSW1,2026-08-10 10:35:00,8034.37,66.53,TRADE
NSW1,2026-08-10 10:40:00,8061.72,69.99,TRADE
NSW1,2026-08-10 10:45:00,8062.14,72.24,TRADE
NSW1,2026-08-10 10:50:00,8042.63,72.13,TRADE
NSW1,2026-08-10 10:55:00,8025.81,73.2,TRADE
NSW1,2026-08-10 11:00:00,7882.76,70.13,TRADE
NSW1,2026-08-10 11:05:00,7928.18,76.79,TRADE
NSW1,2026-08-10 11:10:00,8117.7,89.91,TRADE
NSW1,2026-08-10 11:15:00,8114.69,99.01,TRADE
NSW1,2026-08-10 11:20:00,8099.97,85.11,TRADE
NSW1,2026-08-10 11:25:00,8085.99,84.26,TRADE
NSW1,2026-08-10 11:30:00,8115.2,76.92,TRADE
NSW1,2026-08-10 11:35:00,8059.38,76.03,TRADE
NSW1,2026-08-10 11:40:00,8027.55,71.39,TRADE
NSW1,2026-08-10 11:45:00,7959.64,70.68,TRADE
NSW1,2026-08-10 11:50:00,8058.51,69.99,TRADE
NSW1,2026-08-10 11:55:00,8045.51,73.05,TRADE
NSW1,2026-08-10 12:00:00,7982.67,69.99,TRADE
NSW1,2026-08-10 12:05:00,8064.95,73.2,TRADE
NSW1,2026-08-10 12:10:00,8001.2,64.94,TRADE
NSW1,2026-08-10 12:15:00,8061.42,66.65,TRADE
NSW1,2026-08-10 12:20:00,8042.81,68.02,TRADE
NSW1,2026-08-10 12:25:00,8105.73,58.08,TRADE
NSW1,2026-08-10 12:30:00,8006.17,52.25,TRADE
NSW1,2026-08-10 12:35:00,8139.32,58.97,TRADE
NSW1,2026-08-10 12:40:00,8072.43,48.11,TRADE
NSW1,2026-08-10 12:45:00,8133.99,43.36,TRADE
NSW1,2026-08-10 12:50:00,8147.89,52.25,TRADE
NSW1,2026-08-10 12:55:00,8228.99,52.25,TRADE
NSW1,2026-08-10 13:00:00,8286.11,52.25,TRADE
NSW1,2026-08-10 13:05:00,8220.84,66.26,TRADE
NSW1,2026-08-10 13:10:00,8161.69,63.72,TRADE
NSW1,2026-08-10 13:15:00,8285.49,57.82,TRADE
NSW1,2026-08-10 13:20:00,8382.78,57.84,TRADE
NSW1,2026-08-10 13:25:00,8453.84,58.25,TRADE
NSW1,2026-08-10 13:30:00,8481.23,57.47,TRADE
NSW1,2026-08-10 13:35:00,8487.63,52.3,TRADE
NSW1,2026-08-10 13:40:00,8571.57,59.66,TRADE
NSW1,2026-08-10 13:45:00,8456.52,57.71,TRADE
NSW1,2026-08-10 13:50:00,8396.4,42.8,TRADE
NSW1,2026-08-10 13:55:00,8546.66,63.59,TRADE
NSW1,2026-08-10 14:00:00,8369.55,42.54,TRADE
NSW1,2026-08-10 14:05:00,8341.33,42.08,TRADE
NSW1,2026-08-10 14:10:00,8404.64,42.54,TRADE
NSW1,2026-08-10 14:15:00,8403.26,33.99,TRADE
NSW1,2026-08-10 14:20:00,8423.94,42.54,TRADE
NSW1,2026-08-10 14:25:00,8335.15,27.42,TRADE
NSW1,2026-08-10 14:30:00,8306.41,23.99,TRADE
NSW1,2026-08-10 14:35:00,8419.03,31.11,TRADE
NSW1,2026-08-10 14:40:00,8499.07,69.99,TRADE
NSW1,2026-08-10 14:45:00,8473.77,42.8,TRADE
NSW1,2026-08-10 14:50:00,8495.07,42.8,TRADE
NSW1,2026-08-10 14:55:00,8634.42,52.3,TRADE
NSW1,2026-08-10 15:00:00,8521.82,29.13,TRADE
NSW1,2026-08-10 15:05:00,8630.26,10.27,TRADE
NSW1,2026-08-10 15:10:00,8480.42,23.99,TRADE
NSW1,2026-08-10 15:15:00,8623.03,27.88,TRADE
NSW1,2026-08-10 15:20:00,8751.75,42.8,TRADE
NSW1,2026-08-10 15:25:00,8750.49,42.8,TRADE
NSW1,2026-08-10 15:30:00,8898.28,80.0,TRADE
NSW1,2026-08-10 15:35:00,8956.08,52.3,TRADE
NSW1,2026-08-10 15:40:00,8979.98,42.8,TRADE
NSW1,2026-08-10 15:45:00,9046.19,42.82,TRADE
NSW1,2026-08-10 15:50:00,9116.22,42.82,TRADE
NSW1,2026-08-10 15:55:00,9251.96,69.49,TRADE
NSW1,2026-08-10 16:00:00,9314.17,65.84,TRADE
NSW1,2026-08-10 16:05:00,9278.82,44.37,TRADE
NSW1,2026-08-10 16:10:00,9443.05,42.82,TRADE
NSW1,2026-08-10 16:15:00,9490.78,47.89,TRADE
NSW1,2026-08-10 16:20:00,9573.54,80.0,TRADE
NSW1,2026-08-10 16:25:00,9808.23,89.88,TRADE
NSW1,2026-08-10 16:30:00,9904.07,92.42,TRADE
NSW1,2026-08-10 16:35:00,9960.95,85.03,TRADE
NSW1,2026-08-10 16:40:00,10140.59,97.55,TRADE
NSW1,2026-08-10 16:45:00,10266.69,87.27,TRADE
NSW1,2026-08-10 16:50:00,10401.39,84.79,TRADE
NSW1,2026-08-10 16:55:00,10556.45,97.55,TRADE
NSW1,2026-08-10 17:00:00,10620.7,97.55,TRADE
NSW1,2026-08-10 17:05:00,10697.95,89.0,TRADE
NSW1,2026-08-10 17:10:00,10751.82,90.24,TRADE
NSW1,2026-08-10 17:15:00,10877.88,94.6,TRADE
NSW1,2026-08-10 17:20:00,10901.32,89.0,TRADE
NSW1,2026-08-10 17:25:00,10976.25,89.0,TRADE
NSW1,2026-08-10 17:30:00,11101.5,100.06,TRADE
NSW1,2026-08-10 17:35:00,11168.83,97.63,TRADE
NSW1,2026-08-10 17:40:00,11287.91,93.14,TRADE
NSW1,2026-08-10 17:45:00,11399.61,97.63,TRADE
NSW1,2026-08-10 17:50:00,11465.35,101.1,TRADE
NSW1,2026-08-10 17:55:00,11544.05,92.22,TRADE
NSW1,2026-08-10 18:00:00,11651.75,107.66,TRADE
NSW1,2026-08-10 18:05:00,11558.97,104.26,TRADE
NSW1,2026-08-10 18:10:00,11439.55,90.67,TRADE
NSW1,2026-08-10 18:15:00,11565.22,95.79,TRADE
NSW1,2026-08-10 18:20:00,11568.76,109.66,TRADE
NSW1,2026-08-10 18:25:00,11398.64,99.42,TRADE
NSW1,2026-08-10 18:30:00,11469.48,94.36,TRADE
NSW1,2026-08-10 18:35:00,11452.54,101.1,TRADE
NSW1,2026-08-10 18:40:00,11406.58,96.45,TRADE
NSW1,2026-08-10 18:45:00,11448.25,89.15,TRADE
NSW1,2026-08-10 18:50:00,11526.61,94.8,TRADE
NSW1,2026-08-10 18:55:00,11431.94,108.33,TRADE
NSW1,2026-08-10 19:00:00,11311.91,91.67,TRADE
NSW1,2026-08-10 19:05:00,11366.8,97.55,TRADE
NSW1,2026-08-10 19:10:00,11288.43,109.96,TRADE
NSW1,2026-08-10 19:15:00,11160.99,99.83,TRADE
NSW1,2026-08-10 19:20:00,11126.05,89.99,TRADE
NSW1,2026-08-10 19:25:00,11191.25,94.01,TRADE
NSW1,2026-08-10 19:30:00,11119.98,100.69,TRADE
NSW1,2026-08-10 19:35:00,10948.16,97.55,TRADE
NSW1,2026-08-10 19:40:00,11099.83,93.68,TRADE
NSW1,2026-08-10 19:45:00,10983.42,97.55,TRADE
NSW1,2026-08-10 19:50:00,10984.24,97.93,TRADE
NSW1,2026-08-10 19:55:00,11004.48,98.86,TRADE
NSW1,2026-08-10 20:00:00,10994.02,97.55,TRADE
NSW1,2026-08-10 20:05:00,10831.73,101.1,TRADE
NSW1,2026-08-10 20:10:00,10759.96,101.1,TRADE
NSW1,2026-08-10 20:15:00,10784.67,101.1,TRADE
NSW1,2026-08-10 20:20:00,10774.6,97.55,TRADE
NSW1,2026-08-10 20:25:00,10758.33,101.1,TRADE
NSW1,2026-08-10 20:30:00,10762.79,101.1,TRADE
NSW1,2026-08-10 20:35:00,10653.68,101.1,TRADE
NSW1,2026-08-10 20:40:00,10631.61,109.96,TRADE
NSW1,2026-08-10 20:45:00,10495.9,108.92,TRADE
NSW1,2026-08-10 20:50:00,10364.18,102.88,TRADE
NSW1,2026-08-10 20:55:00,10368.03,102.91,TRADE
NSW1,2026-08-10 21:00:00,10284.52,101.66,TRADE
NSW1,2026-08-10 21:05:00,10282.25,97.63,TRADE
NSW1,2026-08-10 21:10:00,10295.67,100.7,TRADE
NSW1,2026-08-10 21:15:00,10146.27,96.51,TRADE
NSW1,2026-08-10 21:20:00,10081.66,93.51,TRADE
NSW1,2026-08-10 21:25:00,10030.3,94.13,TRADE
NSW1,2026-08-10 21:30:00,10017.34,94.09,TRADE
NSW1,2026-08-10 21:35:00,9969.07,97.55,TRADE
NSW1,2026-08-10 21:40:00,9796.82,94.81,TRADE
NSW1,2026-08-10 21:45:00,9802.81,95.43,TRADE
NSW1,2026-08-10 21:50:00,9654.67,92.12,TRADE
NSW1,2026-08-10 21:55:00,9616.32,89.89,TRADE
NSW1,2026-08-10 22:00:00,9533.65,88.88,TRADE
NSW1,2026-08-10 22:05:00,9434.59,82.65,TRADE
NSW1,2026-08-10 22:10:00,9413.39,83.99,TRADE
NSW1,2026-08-10 22:15:00,9511.67,88.88,TRADE
NSW1,2026-08-10 22:20:00,9470.85,84.76,TRADE
NSW1,2026-08-10 22:25:00,9307.89,70.86,TRADE
NSW1,2026-08-10 22:30:00,9263.56,71.87,TRADE
NSW1,2026-08-10 22:35:00,9197.36,75.72,TRADE
NSW1,2026-08-10 22:40:00,9112.73,76.45,TRADE
NSW1,2026-08-10 22:45:00,9131.12,76.76,TRADE
NSW1,2026-08-10 22:50:00,8996.69,71.94,TRADE
NSW1,2026-08-10 22:55:00,8870.75,72.96,TRADE
NSW1,2026-08-10 23:00:00,8940.51,74.16,TRADE
NSW1,2026-08-10 23:05:00,8811.94,73.95,TRADE
NSW1,2026-08-10 23:10:00,8797.43,80.0,TRADE
NSW1,2026-08-10 23:15:00,8760.58,83.34,TRADE
NSW1,2026-08-10 23:20:00,8681.3,75.49,TRADE
NSW1,2026-08-10 23:25:00,8579.98,66.52,TRADE
NSW1,2026-08-10 23:30:00,8526.38,69.99,TRADE
NSW1,2026-08-10 23:35:00,8556.84,75.34,TRADE
NSW1,2026-08-10 23:40:00,8524.78,75.05,TRADE
NSW1,2026-08-10 23:45:00,8380.9,69.99,TRADE
NSW1,2026-08-10 23:50:00,8393.19,74.54,TRADE
NSW1,2026-08-10 23:55:00,8318.91,64.95,TRADE
NSW1,2026-08-11 00:00:00,8240.87,61.02,TRADE
NSW1,2026-08-11 00:05:00,8228.93,69.99,TRADE
NSW1,2026-08-11 00:10:00,8395.91,69.99,TRADE
NSW1,2026-08-11 00:15:00,8295.66,74.35,TRADE
NSW1,2026-08-11 00:20:00,8323.69,69.99,TRADE
NSW1,2026-08-11 00:25:00,8297.32,68.71,TRADE
NSW1,2026-08-11 00:30:00,8222.51,69.47,TRADE
NSW1,2026-08-11 00:35:00,8231.93,73.94,TRADE
NSW1,2026-08-11 00:40:00,8171.1,70.16,TRADE
NSW1,2026-08-11 00:45:00,8129.46,69.99,TRADE
NSW1,2026-08-11 00:50:00,8057.26,69.99,TRADE
NSW1,2026-08-11 00:55:00,8042.96,69.99,TRADE
NSW1,2026-08-11 01:00:00,8028.81,66.44,TRADE
NSW1,2026-08-11 01:05:00,7965.72,66.99,TRADE
NSW1,2026-08-11 01:10:00,7968.82,69.99,TRADE
NSW1,2026-08-11 01:15:00,7888.52,69.99,TRADE
NSW1,2026-08-11 01:20:00,7822.12,66.53,TRADE
NSW1,2026-08-11 01:25:00,7777.4,69.99,TRADE
NSW1,2026-08-11 01:30:00,7730.79,68.88,TRADE
NSW1,2026-08-11 01:35:00,7674.89,66.53,TRADE
NSW1,2026-08-11 01:40:00,7652.54,68.02,TRADE
NSW1,2026-08-11 01:45:00,7641.05,75.43,TRADE
NSW1,2026-08-11 01:50:00,7573.01,65.06,TRADE
NSW1,2026-08-11 01:55:00,7595.51,63.59,TRADE
NSW1,2026-08-11 02:00:00,7587.88,66.53,TRADE
NSW1,2026-08-11 02:05:00,7557.01,66.86,TRADE
NSW1,2026-08-11 02:10:00,7544.8,66.53,TRADE
NSW1,2026-08-11 02:15:00,7519.76,62.82,TRADE
NSW1,2026-08-11 02:20:00,7507.59,65.4,TRADE
NSW1,2026-08-11 02:25:00,7466.6,64.46,TRADE
NSW1,2026-08-11 02:30:00,7408.68,63.86,TRADE
NSW1,2026-08-11 02:35:00,7386.56,55.09,TRADE
NSW1,2026-08-11 02:40:00,7323.2,57.39,TRADE
NSW1,2026-08-11 02:45:00,7314.17,53.98,TRADE
NSW1,2026-08-11 02:50:00,7277.58,59.33,TRADE
NSW1,2026-08-11 02:55:00,7311.63,60.61,TRADE
NSW1,2026-08-11 03:00:00,7291.04,60.53,TRADE
NSW1,2026-08-11 03:05:00,7256.71,53.83,TRADE
NSW1,2026-08-11 03:10:00,7303.2,66.27,TRADE
NSW1,2026-08-11 03:15:00,7273.37,60.84,TRADE
NSW1,2026-08-11 03:20:00,7363.02,63.71,TRADE
NSW1,2026-08-11 03:25:00,7355.19,64.78,TRADE
NSW1,2026-08-11 03:30:00,7300.21,64.07,TRADE
NSW1,2026-08-11 03:35:00,7280.18,66.53,TRADE
NSW1,2026-08-11 03:40:00,7226.15,66.53,TRADE
NSW1,2026-08-11 03:45:00,7223.33,69.5,TRADE
NSW1,2026-08-11 03:50:00,7223.34,66.53,TRADE
NSW1,2026-08-11 03:55:00,7223.78,64.92,TRADE
NSW1,2026-08-11 04:00:00,7217.0,66.53,TRADE
NSW1,2026-08-11 04:05:00,7196.8,71.68,TRADE
NSW1,2026-08-11 04:10:00,7216.65,70.31,TRADE
NSW1,2026-08-11 04:15:00,7178.76,66.53,TRADE
NSW1,2026-08-11 04:20:00,7215.07,69.41,TRADE
NSW1,2026-08-11 04:25:00,7189.51,66.53,TRADE
NSW1,2026-08-11 04:30:00,7188.8,66.53,TRADE
NSW1,2026-08-11 04:35:00,7233.55,66.53,TRADE
NSW1,2026-08-11 04:40:00,7177.97,66.53,TRADE
NSW1,2026-08-11 04:45:00,7220.03,80.0,TRADE
NSW1,2026-08-11 04:50:00,7238.23,69.99,TRADE
NSW1,2026-08-11 04:55:00,7325.12,66.53,TRADE
NSW1,2026-08-11 05:00:00,7341.85,84.98,TRADE
NSW1,2026-08-11 05:05:00,7423.7,80.92,TRADE
NSW1,2026-08-11 05:10:00,7499.42,88.5,TRADE
NSW1,2026-08-11 05:15:00,7558.52,80.0,TRADE
NSW1,2026-08-11 05:20:00,7587.4,76.2,TRADE
NSW1,2026-08-11 05:25:00,7652.0,85.05,TRADE
NSW1,2026-08-11 05:30:00,7733.31,84.79,TRADE
NSW1,2026-08-11 05:35:00,7727.6,80.0,TRADE
NSW1,2026-08-11 05:40:00,7883.14,83.99,TRADE
NSW1,2026-08-11 05:45:00,7933.55,71.5,TRADE
NSW1,2026-08-11 05:50:00,7990.25,78.25,TRADE
NSW1,2026-08-11 05:55:00,8054.86,86.07,TRADE
NSW1,2026-08-11 06:00:00,8171.94,89.43,TRADE
NSW1,2026-08-11 06:05:00,8219.65,84.79,TRADE
NSW1,2026-08-11 06:10:00,8459.04,87.48,TRADE
NSW1,2026-08-11 06:15:00,8545.47,88.87,TRADE
NSW1,2026-08-11 06:20:00,8700.91,90.49,TRADE
NSW1,2026-08-11 06:25:00,8845.12,85.59,TRADE
NSW1,2026-08-11 06:30:00,8993.8,92.8,TRADE
NSW1,2026-08-11 06:35:00,9110.9,81.58,TRADE
NSW1,2026-08-11 06:40:00,9233.56,86.45,TRADE
NSW1,2026-08-11 06:45:00,9341.79,88.87,TRADE
NSW1,2026-08-11 06:50:00,9446.71,88.87,TRADE
NSW1,2026-08-11 06:55:00,9557.93,88.87,TRADE
NSW1,2026-08-11 07:00:00,9601.81,90.49,TRADE
NSW1,2026-08-11 07:05:00,9656.17,91.8,TRADE
NSW1,2026-08-11 07:10:00,9576.15,88.87,TRADE
NSW1,2026-08-11 07:15:00,9661.26,90.13,TRADE
NSW1,2026-08-11 07:20:00,9656.69,88.87,TRADE
NSW1,2026-08-11 07:25:00,9712.75,88.87,TRADE
NSW1,2026-08-11 07:30:00,9617.21,84.79,TRADE
NSW1,2026-08-11 07:35:00,9574.46,89.08,TRADE
NSW1,2026-08-11 07:40:00,9538.52,84.16,TRADE
NSW1,2026-08-11 07:45:00,9482.72,84.85,TRADE
NSW1,2026-08-11 07:50:00,9382.13,73.65,TRADE
NSW1,2026-08-11 07:55:00,9304.7,69.99,TRADE
NSW1,2026-08-11 08:00:00,9187.95,64.8,TRADE
NSW1,2026-08-11 08:05:00,9075.64,84.79,TRADE
NSW1,2026-08-11 08:10:00,9046.03,84.79,TRADE
NSW1,2026-08-11 08:15:00,8914.93,83.99,TRADE
NSW1,2026-08-11 08:20:00,8791.32,78.32,TRADE
NSW1,2026-08-11 08:25:00,8708.48,84.79,TRADE
NSW1,2026-08-11 08:30:00,8552.83,83.34,TRADE
NSW1,2026-08-11 08:35:00,8416.49,71.75,TRADE
NSW1,2026-08-11 08:40:00,8314.59,69.99,TRADE
NSW1,2026-08-11 08:45:00,8159.83,70.0,TRADE
NSW1,2026-08-11 08:50:00,8065.75,74.78,TRADE
NSW1,2026-08-11 08:55:00,7968.65,69.99,TRADE
NSW1,2026-08-11 09:00:00,7814.8,54.75,TRADE
NSW1,2026-08-11 09:05:00,7593.71,28.01,TRADE
NSW1,2026-08-11 09:10:00,7653.33,43.05,TRADE
NSW1,2026-08-11 09:15:00,7579.93,43.05,TRADE
NSW1,2026-08-11 09:20:00,7451.95,43.05,TRADE
NSW1,2026-08-11 09:25:00,7494.14,43.05,TRADE
NSW1,2026-08-11 09:30:00,7284.61,28.01,TRADE
NSW1,2026-08-11 09:35:00,7167.84,43.05,TRADE
NSW1,2026-08-11 09:40:00,7126.0,43.05,TRADE
NSW1,2026-08-11 09:45:00,7060.11,43.05,TRADE
NSW1,2026-08-11 09:50:00,7050.88,42.8,TRADE
NSW1,2026-08-11 09:55:00,6673.4,25.12,TRADE
NSW1,2026-08-11 10:00:00,6538.18,8.45,TRADE
NSW1,2026-08-11 10:05:00,6538.14,11.4,TRADE
NSW1,2026-08-11 10:10:00,6612.46,17.72,TRADE
NSW1,2026-08-11 10:15:00,6523.89,13.2,TRADE
NSW1,2026-08-11 10:20:00,6501.81,8.39,TRADE
NSW1,2026-08-11 10:25:00,6499.91,22.64,TRADE
NSW1,2026-08-11 10:30:00,6577.82,43.05,TRADE
NSW1,2026-08-11 10:35:00,6451.01,52.25,TRADE
NSW1,2026-08-11 10:40:00,6366.01,43.05,TRADE
NSW1,2026-08-11 10:45:00,6289.78,42.8,TRADE
NSW1,2026-08-11 10:50:00,6257.16,43.05,TRADE
NSW1,2026-08-11 10:55:00,5913.23,43.05,TRADE
NSW1,2026-08-11 11:00:00,5784.4,11.4,TRADE
NSW1,2026-08-11 11:05:00,5854.36,23.12,TRADE
NSW1,2026-08-11 11:10:00,6003.15,42.54,TRADE
NSW1,2026-08-11 11:15:00,6114.77,42.54,TRADE
NSW1,2026-08-11 11:20:00,6112.85,29.04,TRADE
NSW1,2026-08-11 11:25:00,6123.01,27.28,TRADE
NSW1,2026-08-11 11:30:00,6117.04,27.52,TRADE
NSW1,2026-08-11 11:35:00,6076.28,45.88,TRADE
NSW1,2026-08-11 11:40:00,6008.9,24.26,TRADE
NSW1,2026-08-11 11:45:00,6009.66,25.89,TRADE
NSW1,2026-08-11 11:50:00,6004.15,20.56,TRADE
NSW1,2026-08-11 11:55:00,5987.93,4.89,TRADE
NSW1,2026-08-11 12:00:00,5969.72,10.41,TRADE
NSW1,2026-08-11 12:05:00,6012.58,19.34,TRADE
NSW1,2026-08-11 12:10:00,5957.13,10.85,TRADE
NSW1,2026-08-11 12:15:00,5955.15,8.91,TRADE
NSW1,2026-08-11 12:20:00,5913.47,42.55,TRADE
NSW1,2026-08-11 12:25:00,5763.89,42.54,TRADE
NSW1,2026-08-11 12:30:00,5725.65,23.51,TRADE
NSW1,2026-08-11 12:35:00,5700.17,23.51,TRADE
NSW1,2026-08-11 12:40:00,5781.69,23.99,TRADE
NSW1,2026-08-11 12:45:00,5753.11,23.51,TRADE
NSW1,2026-08-11 12:50:00,5713.45,23.51,TRADE
NSW1,2026-08-11 12:55:00,5753.46,23.51,TRADE
NSW1,2026-08-11 13:00:00,5746.14,23.51,TRADE
NSW1,2026-08-11 13:05:00,5726.52,25.89,TRADE
NSW1,2026-08-11 13:10:00,5726.47,23.51,TRADE
NSW1,2026-08-11 13:15:00,5712.78,23.51,TRADE
NSW1,2026-08-11 13:20:00,5601.85,20.28,TRADE
NSW1,2026-08-11 13:25:00,5663.52,23.51,TRADE
NSW1,2026-08-11 13:30:00,5637.69,23.51,TRADE
NSW1,2026-08-11 13:35:00,5678.35,23.51,TRADE
NSW1,2026-08-11 13:40:00,5655.77,23.51,TRADE
NSW1,2026-08-11 13:45:00,5689.59,23.51,TRADE
NSW1,2026-08-11 13:50:00,5753.8,5.82,TRADE
NSW1,2026-08-11 13:55:00,5844.37,23.51,TRADE
NSW1,2026-08-11 14:00:00,5782.69,21.99,TRADE
NSW1,2026-08-11 14:05:00,5799.91,19.47,TRADE
NSW1,2026-08-11 14:10:00,5803.92,5.35,TRADE
NSW1,2026-08-11 14:15:00,5945.51,23.51,TRADE
NSW1,2026-08-11 14:20:00,5863.84,11.4,TRADE
NSW1,2026-08-11 14:25:00,5996.05,20.98,TRADE
NSW1,2026-08-11 14:30:00,5959.29,21.09,TRADE
NSW1,2026-08-11 14:35:00,6111.6,23.51,TRADE
NSW1,2026-08-11 14:40:00,6139.52,23.51,TRADE
NSW1,2026-08-11 14:45:00,6185.82,25.8,TRADE
NSW1,2026-08-11 14:50:00,6290.79,27.88,TRADE
NSW1,2026-08-11 14:55:00,6428.79,28.95,TRADE
NSW1,2026-08-11 15:00:00,6415.24,4.91,TRADE
NSW1,2026-08-11 15:05:00,6539.23,9.4,TRADE
NSW1,2026-08-11 15:10:00,6587.53,11.32,TRADE
NSW1,2026-08-11 15:15:00,6648.33,22.84,TRADE
NSW1,2026-08-11 15:20:00,6737.93,21.41,TRADE
NSW1,2026-08-11 15:25:00,6843.44,21.07,TRADE
NSW1,2026-08-11 15:30:00,6983.3,23.56,TRADE
NSW1,2026-08-11 15:35:00,7110.37,23.22,TRADE
NSW1,2026-08-11 15:40:00,7226.82,41.76,TRADE
NSW1,2026-08-11 15:45:00,7370.5,80.0,TRADE
NSW1,2026-08-11 15:50:00,7414.39,88.88,TRADE
NSW1,2026-08-11 15:55:00,7487.31,76.28,TRADE
NSW1,2026-08-11 16:00:00,7668.53,84.79,TRADE
NSW1,2026-08-11 16:05:00,7765.35,80.0,TRADE
NSW1,2026-08-11 16:10:00,7920.38,80.0,TRADE
NSW1,2026-08-11 16:15:00,7988.61,80.0,TRADE
NSW1,2026-08-11 16:20:00,8045.05,76.92,TRADE
NSW1,2026-08-11 16:25:00,8239.48,79.65,TRADE
NSW1,2026-08-11 16:30:00,8430.07,81.64,TRADE
NSW1,2026-08-11 16:35:00,8478.55,68.13,TRADE
NSW1,2026-08-11 16:40:00,8644.0,70.43,TRADE
NSW1,2026-08-11 16:45:00,8742.43,82.07,TRADE
NSW1,2026-08-11 16:50:00,8876.62,88.87,TRADE
NSW1,2026-08-11 16:55:00,8968.08,88.87,TRADE
NSW1,2026-08-11 17:00:00,9027.59,88.87,TRADE
NSW1,2026-08-11 17:05:00,9108.11,82.47,TRADE
NSW1,2026-08-11 17:10:00,9164.88,88.87,TRADE
NSW1,2026-08-11 17:15:00,9275.12,81.33,TRADE
NSW1,2026-08-11 17:20:00,9395.04,88.87,TRADE
NSW1,2026-08-11 17:25:00,9544.34,88.87,TRADE
NSW1,2026-08-11 17:30:00,9669.14,88.87,TRADE
NSW1,2026-08-11 17:35:00,9740.75,74.38,TRADE
NSW1,2026-08-11 17:40:00,9917.04,77.01,TRADE
NSW1,2026-08-11 17:45:00,9998.42,85.0,TRADE
NSW1,2026-08-11 17:50:00,10107.83,86.39,TRADE
NSW1,2026-08-11 17:55:00,10216.51,83.67,TRADE
NSW1,2026-08-11 18:00:00,10303.23,85.84,TRADE
NSW1,2026-08-11 18:05:00,10290.83,88.87,TRADE
NSW1,2026-08-11 18:10:00,10240.33,82.95,TRADE
NSW1,2026-08-11 18:15:00,10224.89,79.17,TRADE
NSW1,2026-08-11 18:20:00,10287.42,81.08,TRADE
NSW1,2026-08-11 18:25:00,10299.81,87.06,TRADE
NSW1,2026-08-11 18:30:00,10252.05,83.72,TRADE
NSW1,2026-08-11 18:35:00,10258.54,83.72,TRADE
NSW1,2026-08-11 18:40:00,10291.24,83.99,TRADE
NSW1,2026-08-11 18:45:00,10311.41,83.22,TRADE
NSW1,2026-08-11 18:50:00,10283.36,81.61,TRADE
NSW1,2026-08-11 18:55:00,10300.81,84.79,TRADE
NSW1,2026-08-11 19:00:00,10244.29,83.3,TRADE
NSW1,2026-08-11 19:05:00,10268.4,81.78,TRADE
NSW1,2026-08-11 19:10:00,10208.3,72.15,TRADE
NSW1,2026-08-11 19:15:00,10175.63,80.0,TRADE
NSW1,2026-08-11 19:20:00,10166.2,79.14,TRADE
NSW1,2026-08-11 19:25:00,10185.57,77.64,TRADE
NSW1,2026-08-11 19:30:00,10172.2,70.5,TRADE
NSW1,2026-08-11 19:35:00,10196.37,77.66,TRADE
NSW1,2026-08-11 19:40:00,10204.04,78.25,TRADE
NSW1,2026-08-11 19:45:00,10165.16,72.94,TRADE
NSW1,2026-08-11 19:50:00,10207.41,83.3,TRADE
NSW1,2026-08-11 19:55:00,10127.2,80.0,TRADE
NSW1,2026-08-11 20:00:00,10115.3,80.0,TRADE
NSW1,2026-08-11 20:05:00,10064.1,80.0,TRADE
NSW1,2026-08-11 20:10:00,10061.66,74.73,TRADE
NSW1,2026-08-11 20:15:00,10077.59,71.78,TRADE
NSW1,2026-08-11 20:20:00,10053.9,73.0,TRADE
NSW1,2026-08-11 20:25:00,10075.12,42.81,TRADE
NSW1,2026-08-11 20:30:00,9982.91,86.73,TRADE
NSW1,2026-08-11 20:35:00,9878.29,75.73,TRADE
NSW1,2026-08-11 20:40:00,9963.42,75.97,TRADE
NSW1,2026-08-11 20:45:00,9903.43,79.75,TRADE
NSW1,2026-08-11 20:50:00,9821.45,70.94,TRADE
NSW1,2026-08-11 20:55:00,9855.05,76.7,TRADE
NSW1,2026-08-11 21:00:00,9795.12,76.01,TRADE
NSW1,2026-08-11 21:05:00,9762.81,98.93,TRADE
NSW1,2026-08-11 21:10:00,9636.02,94.28,TRADE
NSW1,2026-08-11 21:15:00,9543.08,87.92,TRADE
NSW1,2026-08-11 21:20:00,9451.99,90.06,TRADE
NSW1,2026-08-11 21:25:00,9492.28,88.23,TRADE
NSW1,2026-08-11 21:30:00,9409.02,80.0,TRADE
NSW1,2026-08-11 21:35:00,9360.81,82.95,TRADE
NSW1,2026-08-11 21:40:00,9316.68,89.49,TRADE
NSW1,2026-08-11 21:45:00,9228.46,89.76,TRADE
NSW1,2026-08-11 21:50:00,9181.5,89.88,TRADE
NSW1,2026-08-11 21:55:00,9110.4,89.61,TRADE
NSW1,2026-08-11 22:00:00,9081.92,90.01,TRADE
NSW1,2026-08-11 22:05:00,8952.65,80.69,TRADE
NSW1,2026-08-11 22:10:00,9086.99,91.44,TRADE
NSW1,2026-08-11 22:15:00,9012.62,96.89,TRADE
NSW1,2026-08-11 22:20:00,8944.06,89.67,TRADE
NSW1,2026-08-11 22:25:00,8908.87,88.66,TRADE
NSW1,2026-08-11 22:30:00,8902.37,88.81,TRADE
NSW1,2026-08-11 22:35:00,8862.79,85.87,TRADE
NSW1,2026-08-11 22:40:00,8802.8,84.39,TRADE
NSW1,2026-08-11 22:45:00,8728.2,89.22,TRADE
NSW1,2026-08-11 22:50:00,8644.45,84.45,TRADE
NSW1,2026-08-11 22:55:00,8633.26,84.79,TRADE
NSW1,2026-08-11 23:00:00,8598.93,82.27,TRADE
NSW1,2026-08-11 23:05:00,8570.93,89.88,TRADE
NSW1,2026-08-11 23:10:00,8470.1,85.68,TRADE
NSW1,2026-08-11 23:15:00,8421.3,85.68,TRADE
NSW1,2026-08-11 23:20:00,8425.65,84.79,TRADE
NSW1,2026-08-11 23:25:00,8396.91,84.79,TRADE
NSW1,2026-08-11 23:30:00,8364.87,84.68,TRADE
NSW1,2026-08-11 23:35:00,8294.92,84.79,TRADE
NSW1,2026-08-11 23:40:00,8258.64,84.79,TRADE
NSW1,2026-08-11 23:45:00,8225.75,83.99,TRADE
NSW1,2026-08-11 23:50:00,8147.91,80.0,TRADE
NSW1,2026-08-11 23:55:00,8088.08,80.0,TRADE
NSW1,2026-08-12 00:00:00,8148.95,83.99,TRADE
NSW1,2026-08-12 00:05:00,8109.95,83.99,TRADE
NSW1,2026-08-12 00:10:00,8177.43,84.79,TRADE
NSW1,2026-08-12 00:15:00,8186.11,84.79,TRADE
NSW1,2026-08-12 00:20:00,8184.04,84.79,TRADE
NSW1,2026-08-12 00:25:00,8169.68,83.99,TRADE
NSW1,2026-08-12 00:30:00,8164.07,83.99,TRADE
NSW1,2026-08-12 00:35:00,8118.65,88.37,TRADE
NSW1,2026-08-12 00:40:00,8059.37,84.79,TRADE
NSW1,2026-08-12 00:45:00,8080.75,84.79,TRADE
NSW1,2026-08-12 00:50:00,7987.73,84.79,TRADE
NSW1,2026-08-12 00:55:00,7964.45,80.0,TRADE
NSW1,2026-08-12 01:00:00,7922.76,83.34,TRADE
NSW1,2026-08-12 01:05:00,7882.18,84.79,TRADE
NSW1,2026-08-12 01:10:00,7842.4,83.99,TRADE
NSW1,2026-08-12 01:15:00,7782.27,84.79,TRADE
NSW1,2026-08-12 01:20:00,7683.45,80.48,TRADE
NSW1,2026-08-12 01:25:00,7674.86,80.33,TRADE
NSW1,2026-08-12 01:30:00,7625.59,81.03,TRADE
NSW1,2026-08-12 01:35:00,7568.81,83.99,TRADE
NSW1,2026-08-12 01:40:00,7560.05,83.99,TRADE
NSW1,2026-08-12 01:45:00,7515.95,80.0,TRADE
NSW1,2026-08-12 01:50:00,7455.8,80.0,TRADE
NSW1,2026-08-12 01:55:00,7456.14,80.0,TRADE
NSW1,2026-08-12 02:00:00,7396.06,73.2,TRADE
NSW1,2026-08-12 02:05:00,7411.34,80.0,TRADE
NSW1,2026-08-12 02:10:00,7396.32,80.0,TRADE
NSW1,2026-08-12 02:15:00,7389.35,80.0,TRADE
NSW1,2026-08-12 02:20:00,7365.5,80.0,TRADE
NSW1,2026-08-12 02:25:00,7322.71,80.0,TRADE
NSW1,2026-08-12 02:30:00,7296.11,78.3,TRADE
NSW1,2026-08-12 02:35:00,7261.77,78.3,TRADE
NSW1,2026-08-12 02:40:00,7219.57,78.63,TRADE
NSW1,2026-08-12 02:45:00,7209.53,76.81,TRADE
NSW1,2026-08-12 02:50:00,7202.27,75.34,TRADE
NSW1,2026-08-12 02:55:00,7216.71,75.39,TRADE
NSW1,2026-08-12 03:00:00,7235.29,75.44,TRADE
NSW1,2026-08-12 03:05:00,7215.26,74.87,TRADE
NSW1,2026-08-12 03:10:00,7275.79,76.78,TRADE
NSW1,2026-08-12 03:15:00,7291.81,73.2,TRADE
NSW1,2026-08-12 03:20:00,7299.72,73.2,TRADE
NSW1,2026-08-12 03:25:00,7351.72,76.58,TRADE
NSW1,2026-08-12 03:30:00,7290.38,76.54,TRADE
NSW1,2026-08-12 03:35:00,7262.73,77.08,TRADE
NSW1,2026-08-12 03:40:00,7276.29,77.82,TRADE
NSW1,2026-08-12 03:45:00,7292.77,79.6,TRADE
NSW1,2026-08-12 03:50:00,7296.94,80.0,TRADE
NSW1,2026-08-12 03:55:00,7291.95,79.48,TRADE
NSW1,2026-08-12 04:00:00,7289.6,80.0,TRADE
NSW1,2026-08-12 04:05:00,7262.88,80.47,TRADE
NSW1,2026-08-12 04:10:00,7308.24,80.0,TRADE
NSW1,2026-08-12 04:15:00,7300.69,83.99,TRADE
NSW1,2026-08-12 04:20:00,7295.15,84.16,TRADE
NSW1,2026-08-12 04:25:00,7345.24,84.15,TRADE
NSW1,2026-08-12 04:30:00,7278.41,80.0,TRADE
NSW1,2026-08-12 04:35:00,7345.56,83.99,TRADE
NSW1,2026-08-12 04:40:00,7361.51,83.99,TRADE
NSW1,2026-08-12 04:45:00,7366.3,86.66,TRADE
NSW1,2026-08-12 04:50:00,7454.79,88.88,TRADE
NSW1,2026-08-12 04:55:00,7468.63,83.99,TRADE
NSW1,2026-08-12 05:00:00,7542.17,91.93,TRADE
NSW1,2026-08-12 05:05:00,7559.36,82.52,TRADE
NSW1,2026-08-12 05:10:00,7609.29,84.79,TRADE
NSW1,2026-08-12 05:15:00,7710.13,85.86,TRADE
NSW1,2026-08-12 05:20:00,7773.64,90.49,TRADE
NSW1,2026-08-12 05:25:00,7812.47,91.72,TRADE
NSW1,2026-08-12 05:30:00,7827.28,91.66,TRADE
NSW1,2026-08-12 05:35:00,7966.6,100.82,TRADE
NSW1,2026-08-12 05:40:00,8054.33,101.1,TRADE
NSW1,2026-08-12 05:45:00,8128.01,102.92,TRADE
NSW1,2026-08-12 05:50:00,8181.87,101.1,TRADE
NSW1,2026-08-12 05:55:00,8258.32,90.49,TRADE
NSW1,2026-08-12 06:00:00,8371.82,110.01,TRADE
NSW1,2026-08-12 06:05:00,8502.25,97.95,TRADE
NSW1,2026-08-12 06:10:00,8642.38,108.8,TRADE
NSW1,2026-08-12 06:15:00,8825.2,99.98,TRADE
NSW1,2026-08-12 06:20:00,8894.47,114.9,TRADE
NSW1,2026-08-12 06:25:00,9091.93,110.78,TRADE
NSW1,2026-08-12 06:30:00,9183.27,130.54,TRADE
NSW1,2026-08-12 06:35:00,9338.02,110.01,TRADE
NSW1,2026-08-12 06:40:00,9410.66,108.77,TRADE
NSW1,2026-08-12 06:45:00,9521.27,135.46,TRADE
NSW1,2026-08-12 06:50:00,9601.21,119.33,TRADE
NSW1,2026-08-12 06:55:00,9663.19,164.92,TRADE
NSW1,2026-08-12 07:00:00,9641.77,114.54,TRADE
NSW1,2026-08-12 07:05:00,9819.76,121.0,TRADE
NSW1,2026-08-12 07:10:00,9823.1,121.0,TRADE
NSW1,2026-08-12 07:15:00,9881.72,144.64,TRADE
NSW1,2026-08-12 07:20:00,9881.41,113.99,TRADE
NSW1,2026-08-12 07:25:00,9946.45,134.86,TRADE
NSW1,2026-08-12 07:30:00,9976.06,138.21,TRADE
NSW1,2026-08-12 07:35:00,9948.86,114.54,TRADE
NSW1,2026-08-12 07:40:00,9902.42,134.86,TRADE
NSW1,2026-08-12 07:45:00,9881.35,183.64,TRADE
NSW1,2026-08-12 07:50:00,9772.45,162.35,TRADE
NSW1,2026-08-12 07:55:00,9766.96,181.6,TRADE
NSW1,2026-08-12 08:00:00,9789.38,165.0,TRADE
NSW1,2026-08-12 08:05:00,9873.44,163.02,TRADE
NSW1,2026-08-12 08:10:00,9931.45,161.66,TRADE
NSW1,2026-08-12 08:15:00,9828.42,129.71,TRADE
NSW1,2026-08-12 08:20:00,9705.24,110.01,TRADE
NSW1,2026-08-12 08:25:00,9618.93,106.52,TRADE
NSW1,2026-08-12 08:30:00,9425.57,106.52,TRADE
NSW1,2026-08-12 08:35:00,9319.84,110.01,TRADE
NSW1,2026-08-12 08:40:00,9185.37,110.01,TRADE
NSW1,2026-08-12 08:45:00,9061.61,110.01,TRADE
NSW1,2026-08-12 08:50:00,9008.85,92.05,TRADE
NSW1,2026-08-12 08:55:00,8824.96,83.99,TRADE
NSW1,2026-08-12 09:00:00,8699.37,80.0,TRADE
NSW1,2026-08-12 09:05:00,8572.89,52.25,TRADE
NSW1,2026-08-12 09:10:00,8559.15,49.5,TRADE
NSW1,2026-08-12 09:15:00,8446.33,48.42,TRADE
NSW1,2026-08-12 09:20:00,8360.07,43.05,TRADE
NSW1,2026-08-12 09:25:00,8321.22,44.06,TRADE
NSW1,2026-08-12 09:30:00,8163.7,43.05,TRADE
NSW1,2026-08-12 09:35:00,7980.71,43.05,TRADE
NSW1,2026-08-12 09:40:00,8009.17,52.25,TRADE
NSW1,2026-08-12 09:45:00,7974.15,43.05,TRADE
NSW1,2026-08-12 09:50:00,7899.7,34.17,TRADE
NSW1,2026-08-12 09:55:00,7762.67,43.05,TRADE
NSW1,2026-08-12 10:00:00,7638.49,52.25,TRADE
NSW1,2026-08-12 10:05:00,7465.3,73.15,TRADE
NSW1,2026-08-12 10:10:00,7476.33,61.02,TRADE
NSW1,2026-08-12 10:15:00,7377.97,52.25,TRADE
NSW1,2026-08-12 10:20:00,7314.35,41.76,TRADE
NSW1,2026-08-12 10:25:00,7189.22,23.95,TRADE
NSW1,2026-08-12 10:30:00,7217.57,23.95,TRADE
NSW1,2026-08-12 10:35:00,7105.12,30.6,TRADE
NSW1,2026-08-12 10:40:00,7010.24,43.05,TRADE
NSW1,2026-08-12 10:45:00,6907.52,43.05,TRADE
NSW1,2026-08-12 10:50:00,6871.38,29.75,TRADE
NSW1,2026-08-12 10:55:00,6880.27,43.05,TRADE
NSW1,2026-08-12 11:00:00,6770.61,34.44,TRADE
NSW1,2026-08-12 11:05:00,6799.55,43.05,TRADE
NSW1,2026-08-12 11:10:00,6964.76,45.06,TRADE
NSW1,2026-08-12 11:15:00,7010.91,43.05,TRADE
NSW1,2026-08-12 11:20:00,7011.83,66.53,TRADE
NSW1,2026-08-12 11:25:00,7069.76,73.15,TRADE
NSW1,2026-08-12 11:30:00,7152.26,73.15,TRADE
NSW1,2026-08-12 11:35:00,7234.69,66.53,TRADE
NSW1,2026-08-12 11:40:00,7158.17,51.6,TRADE
NSW1,2026-08-12 11:45:00,7382.57,73.2,TRADE
NSW1,2026-08-12 11:50:00,7435.9,88.88,TRADE
NSW1,2026-08-12 11:55:00,7479.17,73.15,TRADE
NSW1,2026-08-12 12:00:00,7514.71,66.53,TRADE
NSW1,2026-08-12 12:05:00,7574.86,97.63,TRADE
NSW1,2026-08-12 12:10:00,7626.15,72.0,TRADE
NSW1,2026-08-12 12:15:00,7620.12,47.83,TRADE
NSW1,2026-08-12 12:20:00,7793.36,52.25,TRADE
NSW1,2026-08-12 12:25:00,7800.93,73.2,TRADE
NSW1,2026-08-12 12:30:00,7786.58,54.52,TRADE
NSW1,2026-08-12 12:35:00,7834.29,66.53,TRADE
NSW1,2026-08-12 12:40:00,7819.86,66.53,TRADE
NSW1,2026-08-12 12:45:00,7703.17,66.53,TRADE
NSW1,2026-08-12 12:50:00,7665.56,61.66,TRADE
NSW1,2026-08-12 12:55:00,7451.63,57.43,TRADE
NSW1,2026-08-12 13:00:00,7288.22,63.72,TRADE
NSW1,2026-08-12 13:05:00,7089.53,63.72,TRADE
NSW1,2026-08-12 13:10:00,6939.45,61.93,TRADE
NSW1,2026-08-12 13:15:00,6849.65,52.41,TRADE
NSW1,2026-08-12 13:20:00,6789.13,50.47,TRADE
NSW1,2026-08-12 13:25:00,6716.61,71.11,TRADE
NSW1,2026-08-12 13:30:00,6692.05,73.2,TRADE
NSW1,2026-08-12 13:35:00,6693.81,72.1,TRADE
NSW1,2026-08-12 13:40:00,6815.34,73.2,TRADE
NSW1,2026-08-12 13:45:00,6918.42,73.2,TRADE
NSW1,2026-08-12 13:50:00,6893.17,73.2,TRADE
NSW1,2026-08-12 13:55:00,7052.03,73.53,TRADE
NSW1,2026-08-12 14:00:00,7052.63,73.2,TRADE
NSW1,2026-08-12 14:05:00,7027.05,73.2,TRADE
NSW1,2026-08-12 14:10:00,7170.87,77.86,TRADE
NSW1,2026-08-12 14:15:00,7209.12,73.2,TRADE
NSW1,2026-08-12 14:20:00,7180.78,63.72,TRADE
NSW1,2026-08-12 14:25:00,7263.36,73.2,TRADE
NSW1,2026-08-12 14:30:00,7116.57,73.2,TRADE
NSW1,2026-08-12 14:35:00,7105.69,63.72,TRADE
NSW1,2026-08-12 14:40:00,7143.37,73.2,TRADE
NSW1,2026-08-12 14:45:00,7157.69,73.2,TRADE
NSW1,2026-08-12 14:50:00,7275.43,80.03,TRADE
NSW1,2026-08-12 14:55:00,7318.01,80.46,TRADE
NSW1,2026-08-12 15:00:00,7297.4,85.64,TRADE
NSW1,2026-08-12 15:05:00,7397.63,79.29,TRADE
NSW1,2026-08-12 15:10:00,7477.17,81.17,TRADE
NSW1,2026-08-12 15:15:00,7559.98,76.41,TRADE
NSW1,2026-08-12 15:20:00,7676.84,76.18,TRADE
NSW1,2026-08-12 15:25:00,7754.93,76.66,TRADE
NSW1,2026-08-12 15:30:00,7825.36,79.13,TRADE
NSW1,2026-08-12 15:35:00,7870.21,77.14,TRADE
NSW1,2026-08-12 15:40:00,8000.32,73.2,TRADE
NSW1,2026-08-12 15:45:00,8075.3,73.3,TRADE
NSW1,2026-08-12 15:50:00,8150.75,76.58,TRADE
NSW1,2026-08-12 15:55:00,8251.33,80.0,TRADE
NSW1,2026-08-12 16:00:00,8341.22,80.23,TRADE
NSW1,2026-08-12 16:05:00,8355.84,80.0,TRADE
NSW1,2026-08-12 16:10:00,8447.95,81.76,TRADE
NSW1,2026-08-12 16:15:00,8477.85,77.33,TRADE
NSW1,2026-08-12 16:20:00,8639.89,80.0,TRADE
NSW1,2026-08-12 16:25:00,8745.65,94.23,TRADE
NSW1,2026-08-12 16:30:00,8816.23,97.55,TRADE
NSW1,2026-08-12 16:35:00,8943.43,88.16,TRADE
NSW1,2026-08-12 16:40:00,9069.51,97.55,TRADE
NSW1,2026-08-12 16:45:00,9257.07,97.55,TRADE
NSW1,2026-08-12 16:50:00,9330.86,97.55,TRADE
NSW1,2026-08-12 16:55:00,9525.22,102.14,TRADE
NSW1,2026-08-12 17:00:00,9623.99,97.55,TRADE
NSW1,2026-08-12 17:05:00,9647.54,87.85,TRADE
NSW1,2026-08-12 17:10:00,9743.42,89.88,TRADE
NSW1,2026-08-12 17:15:00,9856.52,97.55,TRADE
NSW1,2026-08-12 17:20:00,9902.76,100.46,TRADE
NSW1,2026-08-12 17:25:00,10067.84,101.1,TRADE
NSW1,2026-08-12 17:30:00,10209.55,107.18,TRADE
NSW1,2026-08-12 17:35:00,10324.97,89.0,TRADE
NSW1,2026-08-12 17:40:00,10450.98,90.17,TRADE
NSW1,2026-08-12 17:45:00,10555.3,90.49,TRADE
NSW1,2026-08-12 17:50:00,10600.54,97.31,TRADE
NSW1,2026-08-12 17:55:00,10747.54,97.88,TRADE
NSW1,2026-08-12 18:00:00,10776.82,101.1,TRADE
NSW1,2026-08-12 18:05:00,10824.51,101.15,TRADE
NSW1,2026-08-12 18:10:00,10697.62,102.99,TRADE
NSW1,2026-08-12 18:15:00,10713.9,106.85,TRADE
NSW1,2026-08-12 18:20:00,10699.85,109.96,TRADE
NSW1,2026-08-12 18:25:00,10766.8,105.89,TRADE
NSW1,2026-08-12 18:30:00,10824.17,102.38,TRADE
NSW1,2026-08-12 18:35:00,10767.27,110.03,TRADE
NSW1,2026-08-12 18:40:00,10766.12,110.03,TRADE
NSW1,2026-08-12 18:45:00,10692.51,97.63,TRADE
NSW1,2026-08-12 18:50:00,10659.43,101.42,TRADE
NSW1,2026-08-12 18:55:00,10704.84,110.03,TRADE
NSW1,2026-08-12 19:00:00,10657.79,109.96,TRADE
NSW1,2026-08-12 19:05:00,10666.94,105.89,TRADE
NSW1,2026-08-12 19:10:00,10661.74,110.03,TRADE
NSW1,2026-08-12 19:15:00,10633.79,114.69,TRADE
NSW1,2026-08-12 19:20:00,10615.6,106.73,TRADE
NSW1,2026-08-12 19:25:00,10656.82,109.72,TRADE
NSW1,2026-08-12 19:30:00,10586.53,109.96,TRADE
NSW1,2026-08-12 19:35:00,10524.59,109.08,TRADE
NSW1,2026-08-12 19:40:00,10462.1,96.17,TRADE
NSW1,2026-08-12 19:45:00,10447.39,102.45,TRADE
NSW1,2026-08-12 19:50:00,10459.8,105.89,TRADE
NSW1,2026-08-12 19:55:00,10452.58,99.56,TRADE
NSW1,2026-08-12 20:00:00,10410.21,97.63,TRADE
NSW1,2026-08-12 20:05:00,10347.38,109.81,TRADE
NSW1,2026-08-12 20:10:00,10311.99,105.33,TRADE
NSW1,2026-08-12 20:15:00,10271.71,97.63,TRADE
NSW1,2026-08-12 20:20:00,10271.3,97.63,TRADE
NSW1,2026-08-12 20:25:00,10232.89,97.63,TRADE
NSW1,2026-08-12 20:30:00,10189.41,94.01,TRADE
NSW1,2026-08-12 20:35:00,10157.84,97.63,TRADE
NSW1,2026-08-12 20:40:00,10114.82,98.72,TRADE
NSW1,2026-08-12 20:45:00,10098.58,97.63,TRADE
NSW1,2026-08-12 20:50:00,10112.87,101.24,TRADE
NSW1,2026-08-12 20:55:00,10069.42,103.26,TRADE
NSW1,2026-08-12 21:00:00,10011.34,104.88,TRADE
NSW1,2026-08-12 21:05:00,10010.12,103.07,TRADE
NSW1,2026-08-12 21:10:00,9938.06,97.55,TRADE
NSW1,2026-08-12 21:15:00,9857.63,83.99,TRADE
NSW1,2026-08-12 21:20:00,9773.7,88.8,TRADE
NSW1,2026-08-12 21:25:00,9728.36,84.79,TRADE
NSW1,2026-08-12 21:30:00,9703.0,81.54,TRADE
NSW1,2026-08-12 21:35:00,9627.29,97.63,TRADE
NSW1,2026-08-12 21:40:00,9502.25,97.55,TRADE
NSW1,2026-08-12 21:45:00,9393.91,86.55,TRADE
NSW1,2026-08-12 21:50:00,9379.75,80.0,TRADE
NSW1,2026-08-12 21:55:00,9356.28,80.0,TRADE
NSW1,2026-08-12 22:00:00,9243.79,77.47,TRADE
NSW1,2026-08-12 22:05:00,9115.76,76.99,TRADE
NSW1,2026-08-12 22:10:00,9249.85,82.16,TRADE
NSW1,2026-08-12 22:15:00,9226.68,81.91,TRADE
NSW1,2026-08-12 22:20:00,9174.18,78.12,TRADE
NSW1,2026-08-12 22:25:00,9089.42,71.87,TRADE
NSW1,2026-08-12 22:30:00,9034.11,65.59,TRADE
NSW1,2026-08-12 22:35:00,8969.63,69.99,TRADE
NSW1,2026-08-12 22:40:00,8943.45,72.78,TRADE
NSW1,2026-08-12 22:45:00,8907.36,79.14,TRADE
NSW1,2026-08-12 22:50:00,8832.05,73.01,TRADE
NSW1,2026-08-12 22:55:00,8735.13,69.99,TRADE
NSW1,2026-08-12 23:00:00,8777.58,69.99,TRADE
NSW1,2026-08-12 23:05:00,8705.7,69.99,TRADE
NSW1,2026-08-12 23:10:00,8694.01,66.53,TRADE
NSW1,2026-08-12 23:15:00,8673.25,72.02,TRADE
NSW1,2026-08-12 23:20:00,8613.09,71.27,TRADE
NSW1,2026-08-12 23:25:00,8467.63,66.53,TRADE
NSW1,2026-08-12 23:30:00,8546.16,73.2,TRADE
NSW1,2026-08-12 23:35:00,8473.97,73.22,TRADE
NSW1,2026-08-12 23:40:00,8397.57,71.79,TRADE
NSW1,2026-08-12 23:45:00,8296.94,67.99,TRADE
NSW1,2026-08-12 23:50:00,8269.62,69.99,TRADE
NSW1,2026-08-12 23:55:00,8227.85,73.15,TRADE
NSW1,2026-08-13 00:00:00,8316.94,73.15,TRADE
NSW1,2026-08-13 00:05:00,8200.29,66.53,TRADE
NSW1,2026-08-13 00:10:00,8410.84,66.53,TRADE
NSW1,2026-08-13 00:15:00,8420.61,66.53,TRADE
NSW1,2026-08-13 00:20:00,8319.28,69.99,TRADE
NSW1,2026-08-13 00:25:00,8316.13,72.0,TRADE
NSW1,2026-08-13 00:30:00,8322.62,66.53,TRADE
NSW1,2026-08-13 00:35:00,8251.19,66.53,TRADE
NSW1,2026-08-13 00:40:00,8341.39,73.15,TRADE
NSW1,2026-08-13 00:45:00,8340.51,66.53,TRADE
NSW1,2026-08-13 00:50:00,8236.69,66.53,TRADE
NSW1,2026-08-13 00:55:00,8271.67,66.53,TRADE
NSW1,2026-08-13 01:00:00,8155.75,63.66,TRADE
NSW1,2026-08-13 01:05:00,8168.28,69.99,TRADE
NSW1,2026-08-13 01:10:00,8033.19,72.0,TRADE
NSW1,2026-08-13 01:15:00,8008.08,69.99,TRADE
NSW1,2026-08-13 01:20:00,7915.24,66.53,TRADE
NSW1,2026-08-13 01:25:00,7852.88,66.53,TRADE
NSW1,2026-08-13 01:30:00,7817.94,66.53,TRADE
NSW1,2026-08-13 01:35:00,7838.91,73.15,TRADE
NSW1,2026-08-13 01:40:00,7849.93,73.15,TRADE
NSW1,2026-08-13 01:45:00,7790.69,66.53,TRADE
NSW1,2026-08-13 01:50:00,7846.13,66.53,TRADE
NSW1,2026-08-13 01:55:00,7781.71,73.2,TRADE
NSW1,2026-08-13 02:00:00,7768.34,73.15,TRADE
NSW1,2026-08-13 02:05:00,7697.63,73.15,TRADE
NSW1,2026-08-13 02:10:00,7690.62,69.99,TRADE
NSW1,2026-08-13 02:15:00,7633.91,69.99,TRADE
NSW1,2026-08-13 02:20:00,7561.05,69.99,TRADE
NSW1,2026-08-13 02:25:00,7504.79,73.2,TRADE
NSW1,2026-08-13 02:30:00,7566.25,73.2,TRADE
NSW1,2026-08-13 02:35:00,7578.59,73.2,TRADE
NSW1,2026-08-13 02:40:00,7568.65,73.2,TRADE
NSW1,2026-08-13 02:45:00,7484.18,73.2,TRADE
NSW1,2026-08-13 02:50:00,7466.84,79.32,TRADE
NSW1,2026-08-13 02:55:00,7376.44,77.13,TRADE
NSW1,2026-08-13 03:00:00,7346.08,66.53,TRADE
NSW1,2026-08-13 03:05:00,7366.01,66.53,TRADE
NSW1,2026-08-13 03:10:00,7354.81,66.53,TRADE
NSW1,2026-08-13 03:15:00,7366.49,66.53,TRADE
NSW1,2026-08-13 03:20:00,7327.93,69.99,TRADE
NSW1,2026-08-13 03:25:00,7359.4,69.99,TRADE
NSW1,2026-08-13 03:30:00,7246.42,66.53,TRADE
NSW1,2026-08-13 03:35:00,7237.36,66.53,TRADE
NSW1,2026-08-13 03:40:00,7312.06,66.53,TRADE
NSW1,2026-08-13 03:45:00,7277.85,66.53,TRADE
NSW1,2026-08-13 03:50:00,7332.65,66.53,TRADE
NSW1,2026-08-13 03:55:00,7350.76,66.53,TRADE
NSW1,2026-08-13 04:00:00,7310.53,66.53,TRADE
NSW1,2026-08-13 04:05:00,7379.29,73.2,TRADE
NSW1,2026-08-13 04:10:00,7406.14,73.2,TRADE
NSW1,2026-08-13 04:15:00,7402.17,73.2,TRADE
NSW1,2026-08-13 04:20:00,7267.97,73.2,TRADE
NSW1,2026-08-13 04:25:00,7291.51,73.2,TRADE
NSW1,2026-08-13 04:30:00,7321.06,65.89,TRADE
NSW1,2026-08-13 04:35:00,7354.03,65.89,TRADE
NSW1,2026-08-13 04:40:00,7342.67,66.53,TRADE
NSW1,2026-08-13 04:45:00,7340.25,66.53,TRADE
NSW1,2026-08-13 04:50:00,7445.85,74.83,TRADE
NSW1,2026-08-13 04:55:00,7467.35,75.28,TRADE
NSW1,2026-08-13 05:00:00,7486.61,74.77,TRADE
NSW1,2026-08-13 05:05:00,7473.77,69.99,TRADE
NSW1,2026-08-13 05:10:00,7645.8,73.73,TRADE
NSW1,2026-08-13 05:15:00,7680.4,80.0,TRADE
NSW1,2026-08-13 05:20:00,7791.03,80.0,TRADE
NSW1,2026-08-13 05:25:00,7826.96,83.37,TRADE
NSW1,2026-08-13 05:30:00,7861.58,88.88,TRADE
NSW1,2026-08-13 05:35:00,7952.39,80.0,TRADE
NSW1,2026-08-13 05:40:00,8129.11,84.79,TRADE
NSW1,2026-08-13 05:45:00,8213.36,85.38,TRADE
NSW1,2026-08-13 05:50:00,8281.83,83.99,TRADE
NSW1,2026-08-13 05:55:00,8356.15,84.29,TRADE
NSW1,2026-08-13 06:00:00,8438.41,100.19,TRADE
NSW1,2026-08-13 06:05:00,8535.75,88.88,TRADE
NSW1,2026-08-13 06:10:00,8776.91,97.55,TRADE
NSW1,2026-08-13 06:15:00,8939.14,100.24,TRADE
NSW1,2026-08-13 06:20:00,8953.92,88.88,TRADE
NSW1,2026-08-13 06:25:00,9082.29,96.62,TRADE
NSW1,2026-08-13 06:30:00,9234.55,87.85,TRADE
NSW1,2026-08-13 06:35:00,9398.16,87.85,TRADE
NSW1,2026-08-13 06:40:00,9521.39,97.55,TRADE
NSW1,2026-08-13 06:45:00,9653.05,97.55,TRADE
NSW1,2026-08-13 06:50:00,9782.16,97.1,TRADE
NSW1,2026-08-13 06:55:00,9901.05,97.63,TRADE
NSW1,2026-08-13 07:00:00,9939.48,97.55,TRADE
NSW1,2026-08-13 07:05:00,9940.37,97.55,TRADE
NSW1,2026-08-13 07:10:00,9994.26,106.85,TRADE
NSW1,2026-08-13 07:15:00,9972.53,113.07,TRADE
NSW1,2026-08-13 07:20:00,10024.79,101.61,TRADE
NSW1,2026-08-13 07:25:00,10070.49,89.87,TRADE
NSW1,2026-08-13 07:30:00,10018.34,87.85,TRADE
NSW1,2026-08-13 07:35:00,9969.76,87.85,TRADE
NSW1,2026-08-13 07:40:00,9903.41,87.85,TRADE
NSW1,2026-08-13 07:45:00,9888.09,87.85,TRADE
NSW1,2026-08-13 07:50:00,9804.73,87.85,TRADE
NSW1,2026-08-13 07:55:00,9753.35,97.63,TRADE
NSW1,2026-08-13 08:00:00,9535.06,87.85,TRADE
NSW1,2026-08-13 08:05:00,9492.73,97.63,TRADE
NSW1,2026-08-13 08:10:00,9459.45,87.85,TRADE
NSW1,2026-08-13 08:15:00,9389.7,87.85,TRADE
NSW1,2026-08-13 08:20:00,9153.08,87.85,TRADE
NSW1,2026-08-13 08:25:00,9129.4,87.85,TRADE
NSW1,2026-08-13 08:30:00,8946.83,61.58,TRADE
NSW1,2026-08-13 08:35:00,8840.8,68.02,TRADE
NSW1,2026-08-13 08:40:00,8763.75,69.99,TRADE
NSW1,2026-08-13 08:45:00,8576.11,64.95,TRADE
NSW1,2026-08-13 08:50:00,8350.81,66.53,TRADE
NSW1,2026-08-13 08:55:00,8325.29,68.02,TRADE
NSW1,2026-08-13 09:00:00,8193.06,68.02,TRADE
NSW1,2026-08-13 09:05:00,8096.32,80.0,TRADE
NSW1,2026-08-13 09:10:00,8031.25,87.85,TRADE
NSW1,2026-08-13 09:15:00,7902.49,84.79,TRADE
NSW1,2026-08-13 09:20:00,7797.36,80.0,TRADE
NSW1,2026-08-13 09:25:00,7741.34,78.08,TRADE
NSW1,2026-08-13 09:30:00,7611.21,66.53,TRADE
NSW1,2026-08-13 09:35:00,7423.02,66.53,TRADE
NSW1,2026-08-13 09:40:00,7522.56,73.2,TRADE
NSW1,2026-08-13 09:45:00,7425.37,69.99,TRADE
NSW1,2026-08-13 09:50:00,7381.79,76.09,TRADE
NSW1,2026-08-13 09:55:00,7247.9,69.99,TRADE
NSW1,2026-08-13 10:00:00,7210.08,69.99,TRADE
NSW1,2026-08-13 10:05:00,7104.4,72.74,TRADE
NSW1,2026-08-13 10:10:00,7110.44,83.99,TRADE
NSW1,2026-08-13 10:15:00,6999.23,73.2,TRADE
NSW1,2026-08-13 10:20:00,6813.37,67.99,TRADE
NSW1,2026-08-13 10:25:00,6796.71,66.53,TRADE
NSW1,2026-08-13 10:30:00,6729.8,66.53,TRADE
NSW1,2026-08-13 10:35:00,6648.4,68.02,TRADE
NSW1,2026-08-13 10:40:00,6639.42,66.53,TRADE
NSW1,2026-08-13 10:45:00,6493.43,63.28,TRADE
NSW1,2026-08-13 10:50:00,6456.76,66.53,TRADE
NSW1,2026-08-13 10:55:00,6378.56,56.23,TRADE
NSW1,2026-08-13 11:00:00,6356.2,52.25,TRADE
NSW1,2026-08-13 11:05:00,6232.92,52.22,TRADE
NSW1,2026-08-13 11:10:00,6389.08,66.53,TRADE
NSW1,2026-08-13 11:15:00,6286.75,66.53,TRADE
NSW1,2026-08-13 11:20:00,6254.07,52.29,TRADE
NSW1,2026-08-13 11:25:00,6265.9,52.3,TRADE
NSW1,2026-08-13 11:30:00,6269.13,52.3,TRADE
NSW1,2026-08-13 11:35:00,6190.57,66.53,TRADE
NSW1,2026-08-13 11:40:00,6076.73,66.53,TRADE
NSW1,2026-08-13 11:45:00,6055.78,64.95,TRADE
NSW1,2026-08-13 11:50:00,6047.13,66.53,TRADE
NSW1,2026-08-13 11:55:00,5920.82,52.27,TRADE
NSW1,2026-08-13 12:00:00,5861.57,52.29,TRADE
NSW1,2026-08-13 12:05:00,5927.14,60.1,TRADE
NSW1,2026-08-13 12:10:00,5779.52,52.3,TRADE
NSW1,2026-08-13 12:15:00,5733.2,36.87,TRADE
NSW1,2026-08-13 12:20:00,5785.31,-8.0,TRADE
NSW1,2026-08-13 12:25:00,5896.65,57.39,TRADE
NSW1,2026-08-13 12:30:00,5787.56,52.29,TRADE
NSW1,2026-08-13 12:35:00,5724.84,42.8,TRADE
NSW1,2026-08-13 12:40:00,5728.18,52.29,TRADE
NSW1,2026-08-13 12:45:00,5705.97,52.3,TRADE
NSW1,2026-08-13 12:50:00,5690.89,52.3,TRADE
NSW1,2026-08-13 12:55:00,5730.13,52.29,TRADE
NSW1,2026-08-13 13:00:00,5683.41,42.8,TRADE
NSW1,2026-08-13 13:05:00,5680.67,52.21,TRADE
NSW1,2026-08-13 13:10:00,5598.51,52.21,TRADE
NSW1,2026-08-13 13:15:00,5614.38,52.29,TRADE
NSW1,2026-08-13 13:20:00,5588.91,52.21,TRADE
NSW1,2026-08-13 13:25:00,5656.77,0.9,TRADE
NSW1,2026-08-13 13:30:00,5660.53,1.2,TRADE
NSW1,2026-08-13 13:35:00,5734.47,52.21,TRADE
NSW1,2026-08-13 13:40:00,5651.56,52.21,TRADE
NSW1,2026-08-13 13:45:00,5647.29,52.21,TRADE
NSW1,2026-08-13 13:50:00,5689.69,52.21,TRADE
NSW1,2026-08-13 13:55:00,5701.85,42.8,TRADE
NSW1,2026-08-13 14:00:00,5641.95,35.97,TRADE
NSW1,2026-08-13 14:05:00,5756.52,-7.91,TRADE
NSW1,2026-08-13 14:10:00,5843.79,-5.51,TRADE
NSW1,2026-08-13 14:15:00,5826.32,-9.32,TRADE
NSW1,2026-08-13 14:20:00,5920.09,-4.54,TRADE
NSW1,2026-08-13 14:25:00,5919.69,-3.76,TRADE
NSW1,2026-08-13 14:30:00,5986.74,57.23,TRADE
NSW1,2026-08-13 14:35:00,5874.43,-4.31,TRADE
NSW1,2026-08-13 14:40:00,6085.12,0.0,TRADE
NSW1,2026-08-13 14:45:00,6166.79,66.53,TRADE
NSW1,2026-08-13 14:50:00,6196.34,1.2,TRADE
NSW1,2026-08-13 14:55:00,6352.86,1.2,TRADE
NSW1,2026-08-13 15:00:00,6334.65,-10.5,TRADE
NSW1,2026-08-13 15:05:00,6484.59,-9.5,TRADE
NSW1,2026-08-13 15:10:00,6570.23,-10.5,TRADE
NSW1,2026-08-13 15:15:00,6569.81,-5.43,TRADE
NSW1,2026-08-13 15:20:00,6691.29,51.79,TRADE
NSW1,2026-08-13 15:25:00,6851.89,69.99,TRADE
NSW1,2026-08-13 15:30:00,6796.27,42.8,TRADE
NSW1,2026-08-13 15:35:00,6966.76,47.73,TRADE
NSW1,2026-08-13 15:40:00,7121.82,47.89,TRADE
NSW1,2026-08-13 15:45:00,7295.32,46.69,TRADE
NSW1,2026-08-13 15:50:00,7397.11,42.8,TRADE
NSW1,2026-08-13 15:55:00,7444.52,42.8,TRADE
NSW1,2026-08-13 16:00:00,7556.22,67.99,TRADE
NSW1,2026-08-13 16:05:00,7661.43,48.99,TRADE
NSW1,2026-08-13 16:10:00,7871.19,67.99,TRADE
NSW1,2026-08-13 16:15:00,7962.01,79.54,TRADE
NSW1,2026-08-13 16:20:00,8023.23,80.44,TRADE
NSW1,2026-08-13 16:25:00,8217.45,94.07,TRADE
NSW1,2026-08-13 16:30:00,8375.58,102.72,TRADE
NSW1,2026-08-13 16:35:00,8470.27,102.87,TRADE
NSW1,2026-08-13 16:40:00,8627.47,120.53,TRADE
NSW1,2026-08-13 16:45:00,8544.16,110.07,TRADE
NSW1,2026-08-13 16:50:00,8651.47,101.1,TRADE
NSW1,2026-08-13 16:55:00,8900.26,101.1,TRADE
NSW1,2026-08-13 17:00:00,9006.03,106.52,TRADE
NSW1,2026-08-13 17:05:00,9095.19,99.9,TRADE
NSW1,2026-08-13 17:10:00,9127.67,90.49,TRADE
NSW1,2026-08-13 17:15:00,9253.86,100.18,TRADE
NSW1,2026-08-13 17:20:00,9417.26,105.02,TRADE
NSW1,2026-08-13 17:25:00,9523.0,112.45,TRADE
NSW1,2026-08-13 17:30:00,9531.78,114.46,TRADE
NSW1,2026-08-13 17:35:00,9705.05,97.63,TRADE
NSW1,2026-08-13 17:40:00,9912.28,97.63,TRADE
NSW1,2026-08-13 17:45:00,10042.69,121.0,TRADE
NSW1,2026-08-13 17:50:00,9963.4,117.07,TRADE
NSW1,2026-08-13 17:55:00,10008.31,98.69,TRADE
NSW1,2026-08-13 18:00:00,10253.96,109.96,TRADE
NSW1,2026-08-13 18:05:00,10230.77,118.11,TRADE
NSW1,2026-08-13 18:10:00,10152.25,110.03,TRADE
NSW1,2026-08-13 18:15:00,10136.27,109.96,TRADE
NSW1,2026-08-13 18:20:00,10273.59,109.96,TRADE
NSW1,2026-08-13 18:25:00,10293.64,110.03,TRADE
NSW1,2026-08-13 18:30:00,10282.74,110.03,TRADE
NSW1,2026-08-13 18:35:00,10303.0,110.03,TRADE
NSW1,2026-08-13 18:40:00,10268.01,109.26,TRADE
NSW1,2026-08-13 18:45:00,10242.2,109.96,TRADE
NSW1,2026-08-13 18:50:00,10280.95,109.96,TRADE
NSW1,2026-08-13 18:55:00,10395.68,109.96,TRADE
NSW1,2026-08-13 19:00:00,10352.72,109.96,TRADE
NSW1,2026-08-13 19:05:00,10302.98,107.72,TRADE
NSW1,2026-08-13 19:10:00,10300.07,110.01,TRADE
NSW1,2026-08-13 19:15:00,10247.15,113.94,TRADE
NSW1,2026-08-13 19:20:00,10217.09,111.03,TRADE
NSW1,2026-08-13 19:25:00,10272.03,109.96,TRADE
NSW1,2026-08-13 19:30:00,10249.4,105.53,TRADE
NSW1,2026-08-13 19:35:00,10257.34,113.94,TRADE
NSW1,2026-08-13 19:40:00,10220.47,114.71,TRADE
NSW1,2026-08-13 19:45:00,10230.42,116.9,TRADE
NSW1,2026-08-13 19:50:00,10232.11,107.13,TRADE
NSW1,2026-08-13 19:55:00,10212.05,117.0,TRADE
NSW1,2026-08-13 20:00:00,10189.61,113.5,TRADE
NSW1,2026-08-13 20:05:00,10143.7,109.96,TRADE
NSW1,2026-08-13 20:10:00,10241.33,109.96,TRADE
NSW1,2026-08-13 20:15:00,10184.96,120.2,TRADE
NSW1,2026-08-13 20:20:00,10121.89,115.93,TRADE
NSW1,2026-08-13 20:25:00,10127.59,117.21,TRADE
NSW1,2026-08-13 20:30:00,10126.21,116.36,TRADE
NSW1,2026-08-13 20:35:00,10077.04,120.3,TRADE
NSW1,2026-08-13 20:40:00,10036.64,120.08,TRADE
NSW1,2026-08-13 20:45:00,9986.35,112.88,TRADE
NSW1,2026-08-13 20:50:00,9990.11,112.88,TRADE
NSW1,2026-08-13 20:55:00,9992.26,113.94,TRADE
NSW1,2026-08-13 21:00:00,9959.36,110.25,TRADE
NSW1,2026-08-13 21:05:00,9875.25,109.96,TRADE
NSW1,2026-08-13 21:10:00,9809.0,111.48,TRADE
NSW1,2026-08-13 21:15:00,9805.26,109.96,TRADE
NSW1,2026-08-13 21:20:00,9763.52,109.88,TRADE
NSW1,2026-08-13 21:25:00,9771.49,109.96,TRADE
NSW1,2026-08-13 21:30:00,9629.87,107.29,TRADE
NSW1,2026-08-13 21:35:00,9652.7,110.68,TRADE
NSW1,2026-08-13 21:40:00,9612.86,109.96,TRADE
NSW1,2026-08-13 21:45:00,9516.81,107.61,TRADE
NSW1,2026-08-13 21:50:00,9469.51,106.61,TRADE
NSW1,2026-08-13 21:55:00,9433.84,106.85,TRADE
NSW1,2026-08-13 22:00:00,9270.2,105.53,TRADE
NSW1,2026-08-13 22:05:00,9252.12,106.36,TRADE
NSW1,2026-08-13 22:10:00,9362.23,115.25,TRADE
NSW1,2026-08-13 22:15:00,9272.22,109.96,TRADE
NSW1,2026-08-13 22:20:00,9258.72,108.86,TRADE
NSW1,2026-08-13 22:25:00,9281.38,107.69,TRADE
NSW1,2026-08-13 22:30:00,9187.55,95.75,TRADE
NSW1,2026-08-13 22:35:00,9065.11,100.64,TRADE
NSW1,2026-08-13 22:40:00,9064.71,106.52,TRADE
NSW1,2026-08-13 22:45:00,9012.17,95.64,TRADE
NSW1,2026-08-13 22:50:00,8963.95,93.54,TRADE
NSW1,2026-08-13 22:55:00,8854.25,94.83,TRADE
NSW1,2026-08-13 23:00:00,8858.67,93.13,TRADE
NSW1,2026-08-13 23:05:00,8785.42,88.51,TRADE
NSW1,2026-08-13 23:10:00,8804.84,102.66,TRADE
NSW1,2026-08-13 23:15:00,8721.79,101.35,TRADE
NSW1,2026-08-13 23:20:00,8727.08,97.63,TRADE
NSW1,2026-08-13 23:25:00,8601.38,91.02,TRADE
NSW1,2026-08-13 23:30:00,8616.53,97.63,TRADE
NSW1,2026-08-13 23:35:00,8519.04,106.33,TRADE
NSW1,2026-08-13 23:40:00,8457.25,97.63,TRADE
NSW1,2026-08-13 23:45:00,8396.18,97.63,TRADE
NSW1,2026-08-13 23:50:00,8366.21,89.28,TRADE
NSW1,2026-08-13 23:55:00,8431.8,103.02,TRADE
NSW1,2026-08-14 00:00:00,8345.3,88.88,TRADE
NSW1,2026-08-14 00:05:00,8330.7,90.98,TRADE
NSW1,2026-08-14 00:10:00,8516.05,108.25,TRADE
NSW1,2026-08-14 00:15:00,8468.84,99.91,TRADE
NSW1,2026-08-14 00:20:00,8457.85,100.6,TRADE
NSW1,2026-08-14 00:25:00,8485.06,97.63,TRADE
NSW1,2026-08-14 00:30:00,8358.46,83.03,TRADE
NSW1,2026-08-14 00:35:00,8345.84,90.82,TRADE
NSW1,2026-08-14 00:40:00,8275.03,84.85,TRADE
NSW1,2026-08-14 00:45:00,8269.33,109.07,TRADE
NSW1,2026-08-14 00:50:00,8286.68,97.63,TRADE
NSW1,2026-08-14 00:55:00,8166.32,91.65,TRADE
NSW1,2026-08-14 01:00:00,8120.63,91.67,TRADE
NSW1,2026-08-14 01:05:00,8123.62,110.01,TRADE
NSW1,2026-08-14 01:10:00,8118.04,102.12,TRADE
NSW1,2026-08-14 01:15:00,8061.95,106.52,TRADE
NSW1,2026-08-14 01:20:00,8032.91,97.63,TRADE
NSW1,2026-08-14 01:25:00,7926.85,93.42,TRADE
NSW1,2026-08-14 01:30:00,7900.86,102.24,TRADE
NSW1,2026-08-14 01:35:00,7867.7,106.52,TRADE
NSW1,2026-08-14 01:40:00,7885.31,94.83,TRADE
NSW1,2026-08-14 01:45:00,7879.11,106.52,TRADE
NSW1,2026-08-14 01:50:00,7796.32,102.34,TRADE
NSW1,2026-08-14 01:55:00,7851.67,104.08,TRADE
NSW1,2026-08-14 02:00:00,7833.55,101.95,TRADE
NSW1,2026-08-14 02:05:00,7834.84,106.52,TRADE
NSW1,2026-08-14 02:10:00,7721.73,106.52,TRADE
NSW1,2026-08-14 02:15:00,7691.17,93.65,TRADE
NSW1,2026-08-14 02:20:00,7689.59,88.9,TRADE
NSW1,2026-08-14 02:25:00,7643.15,106.74,TRADE
NSW1,2026-08-14 02:30:00,7643.58,106.52,TRADE
NSW1,2026-08-14 02:35:00,7573.46,88.9,TRADE
NSW1,2026-08-14 02:40:00,7664.49,97.63,TRADE
NSW1,2026-08-14 02:45:00,7644.56,97.63,TRADE
NSW1,2026-08-14 02:50:00,7617.1,106.52,TRADE
NSW1,2026-08-14 02:55:00,7592.78,106.52,TRADE
NSW1,2026-08-14 03:00:00,7540.54,93.62,TRADE
NSW1,2026-08-14 03:05:00,7482.87,92.47,TRADE
NSW1,2026-08-14 03:10:00,7532.46,106.23,TRADE
NSW1,2026-08-14 03:15:00,7524.38,89.02,TRADE
NSW1,2026-08-14 03:20:00,7444.42,88.9,TRADE
NSW1,2026-08-14 03:25:00,7417.43,106.97,TRADE
NSW1,2026-08-14 03:30:00,7454.77,97.63,TRADE
NSW1,2026-08-14 03:35:00,7467.07,98.76,TRADE
NSW1,2026-08-14 03:40:00,7526.09,106.52,TRADE
NSW1,2026-08-14 03:45:00,7599.66,98.75,TRADE
NSW1,2026-08-14 03:50:00,7566.32,97.63,TRADE
NSW1,2026-08-14 03:55:00,7587.08,88.9,TRADE
NSW1,2026-08-14 04:00:00,7531.58,85.76,TRADE
NSW1,2026-08-14 04:05:00,7569.73,91.79,TRADE
NSW1,2026-08-14 04:10:00,7577.62,100.63,TRADE
NSW1,2026-08-14 04:15:00,7583.82,97.63,TRADE
NSW1,2026-08-14 04:20:00,7536.54,88.35,TRADE
NSW1,2026-08-14 04:25:00,7572.74,88.22,TRADE
NSW1,2026-08-14 04:30:00,7598.45,88.94,TRADE
NSW1,2026-08-14 04:35:00,7663.97,93.87,TRADE
NSW1,2026-08-14 04:40:00,7732.53,92.74,TRADE
NSW1,2026-08-14 04:45:00,7671.26,86.36,TRADE
NSW1,2026-08-14 04:50:00,7697.36,85.33,TRADE
NSW1,2026-08-14 04:55:00,7774.13,88.9,TRADE
NSW1,2026-08-14 05:00:00,7892.68,88.9,TRADE
NSW1,2026-08-14 05:05:00,7923.35,88.33,TRADE
NSW1,2026-08-14 05:10:00,7990.9,90.31,TRADE
NSW1,2026-08-14 05:15:00,8048.22,89.23,TRADE
NSW1,2026-08-14 05:20:00,8186.94,89.97,TRADE
NSW1,2026-08-14 05:25:00,8198.41,93.56,TRADE
NSW1,2026-08-14 05:30:00,8296.82,110.01,TRADE
NSW1,2026-08-14 05:35:00,8233.95,87.43,TRADE
NSW1,2026-08-14 05:40:00,8415.19,90.93,TRADE
NSW1,2026-08-14 05:45:00,8448.43,90.88,TRADE
NSW1,2026-08-14 05:50:00,8519.76,92.12,TRADE
NSW1,2026-08-14 05:55:00,8574.72,96.16,TRADE
NSW1,2026-08-14 06:00:00,8611.81,106.74,TRADE
NSW1,2026-08-14 06:05:00,8737.05,80.0,TRADE
NSW1,2026-08-14 06:10:00,8965.87,107.49,TRADE
NSW1,2026-08-14 06:15:00,9060.29,109.46,TRADE
NSW1,2026-08-14 06:20:00,9164.43,93.79,TRADE
NSW1,2026-08-14 06:25:00,9279.4,94.83,TRADE
NSW1,2026-08-14 06:30:00,9414.7,110.01,TRADE
NSW1,2026-08-14 06:35:00,9531.98,99.41,TRADE
NSW1,2026-08-14 06:40:00,9646.85,99.65,TRADE
NSW1,2026-08-14 06:45:00,9812.5,113.5,TRADE
NSW1,2026-08-14 06:50:00,9908.43,117.67,TRADE
NSW1,2026-08-14 06:55:00,9980.1,110.25,TRADE
NSW1,2026-08-14 07:00:00,9984.19,117.19,TRADE
NSW1,2026-08-14 07:05:00,10019.94,103.32,TRADE
NSW1,2026-08-14 07:10:00,10020.33,89.96,TRADE
NSW1,2026-08-14 07:15:00,10149.14,92.53,TRADE
NSW1,2026-08-14 07:20:00,10233.34,90.65,TRADE
NSW1,2026-08-14 07:25:00,10294.04,90.14,TRADE
NSW1,2026-08-14 07:30:00,10229.12,80.99,TRADE
NSW1,2026-08-14 07:35:00,10112.17,83.34,TRADE
NSW1,2026-08-14 07:40:00,10107.5,76.95,TRADE
NSW1,2026-08-14 07:45:00,10108.43,86.02,TRADE
NSW1,2026-08-14 07:50:00,10014.33,86.75,TRADE
NSW1,2026-08-14 07:55:00,9978.69,85.11,TRADE
NSW1,2026-08-14 08:00:00,9792.08,69.66,TRADE
NSW1,2026-08-14 08:05:00,9781.77,82.95,TRADE
NSW1,2026-08-14 08:10:00,9761.83,89.41,TRADE
NSW1,2026-08-14 08:15:00,9618.96,88.08,TRADE
NSW1,2026-08-14 08:20:00,9528.85,88.09,TRADE
NSW1,2026-08-14 08:25:00,9335.09,72.65,TRADE
NSW1,2026-08-14 08:30:00,9273.18,72.02,TRADE
NSW1,2026-08-14 08:35:00,9166.91,71.5,TRADE
NSW1,2026-08-14 08:40:00,9080.54,84.79,TRADE
NSW1,2026-08-14 08:45:00,8933.05,80.0,TRADE
NSW1,2026-08-14 08:50:00,8721.71,79.57,TRADE
NSW1,2026-08-14 08:55:00,8726.07,83.99,TRADE
NSW1,2026-08-14 09:00:00,8568.76,72.23,TRADE
NSW1,2026-08-14 09:05:00,8506.14,84.79,TRADE
NSW1,2026-08-14 09:10:00,8420.82,83.99,TRADE
NSW1,2026-08-14 09:15:00,8321.82,72.0,TRADE
NSW1,2026-08-14 09:20:00,8287.94,101.08,TRADE
NSW1,2026-08-14 09:25:00,8152.62,83.99,TRADE
NSW1,2026-08-14 09:30:00,8084.25,72.0,TRADE
NSW1,2026-08-14 09:35:00,7966.29,72.0,TRADE
NSW1,2026-08-14 09:40:00,7952.62,69.99,TRADE
NSW1,2026-08-14 09:45:00,7738.92,64.95,TRADE
NSW1,2026-08-14 09:50:00,7720.74,80.0,TRADE
NSW1,2026-08-14 09:55:00,7679.1,80.0,TRADE
NSW1,2026-08-14 10:00:00,7499.79,67.99,TRADE
NSW1,2026-08-14 10:05:00,7450.79,69.99,TRADE
NSW1,2026-08-14 10:10:00,7448.54,69.99,TRADE
NSW1,2026-08-14 10:15:00,7369.55,81.49,TRADE
NSW1,2026-08-14 10:20:00,7229.7,72.0,TRADE
NSW1,2026-08-14 10:25:00,7175.82,67.99,TRADE
NSW1,2026-08-14 10:30:00,7068.58,57.39,TRADE
NSW1,2026-08-14 10:35:00,7050.13,73.2,TRADE
NSW1,2026-08-14 10:40:00,6925.29,73.2,TRADE
NSW1,2026-08-14 10:45:00,6813.04,73.2,TRADE
NSW1,2026-08-14 10:50:00,6626.86,72.0,TRADE
NSW1,2026-08-14 10:55:00,6720.12,70.71,TRADE
NSW1,2026-08-14 11:00:00,6599.82,67.99,TRADE
NSW1,2026-08-14 11:05:00,6561.24,78.5,TRADE
NSW1,2026-08-14 11:10:00,6543.93,83.99,TRADE
NSW1,2026-08-14 11:15:00,6578.88,78.11,TRADE
NSW1,2026-08-14 11:20:00,6546.38,81.82,TRADE
NSW1,2026-08-14 11:25:00,6493.7,85.66,TRADE
NSW1,2026-08-14 11:30:00,6478.07,84.56,TRADE
NSW1,2026-08-14 11:35:00,6357.42,73.2,TRADE
NSW1,2026-08-14 11:40:00,6392.32,80.03,TRADE
NSW1,2026-08-14 11:45:00,6330.14,73.3,TRADE
NSW1,2026-08-14 11:50:00,6207.04,69.99,TRADE
NSW1,2026-08-14 11:55:00,6216.13,73.2,TRADE
NSW1,2026-08-14 12:00:00,6206.73,78.02,TRADE
NSW1,2026-08-14 12:05:00,6075.23,73.3,TRADE
NSW1,2026-08-14 12:10:00,6127.71,80.05,TRADE
NSW1,2026-08-14 12:15:00,6008.2,73.2,TRADE
NSW1,2026-08-14 12:20:00,5984.74,76.32,TRADE
NSW1,2026-08-14 12:25:00,5999.2,68.02,TRADE
NSW1,2026-08-14 12:30:00,6027.02,73.2,TRADE
NSW1,2026-08-14 12:35:00,5915.5,68.02,TRADE
NSW1,2026-08-14 12:40:00,5960.11,64.77,TRADE
NSW1,2026-08-14 12:45:00,5928.29,73.2,TRADE
NSW1,2026-08-14 12:50:00,5898.0,73.94,TRADE
NSW1,2026-08-14 12:55:00,5861.52,79.5,TRADE
NSW1,2026-08-14 13:00:00,5732.23,68.02,TRADE
NSW1,2026-08-14 13:05:00,5810.15,1.2,TRADE
NSW1,2026-08-14 13:10:00,5939.0,57.38,TRADE
NSW1,2026-08-14 13:15:00,5845.07,59.5,TRADE
NSW1,2026-08-14 13:20:00,5757.06,-2.0,TRADE
NSW1,2026-08-14 13:25:00,5902.34,59.61,TRADE
NSW1,2026-08-14 13:30:00,5793.82,62.65,TRADE
NSW1,2026-08-14 13:35:00,5764.7,58.99,TRADE
NSW1,2026-08-14 13:40:00,5797.99,52.25,TRADE
NSW1,2026-08-14 13:45:00,5797.19,61.57,TRADE
NSW1,2026-08-14 13:50:00,5821.4,59.95,TRADE
NSW1,2026-08-14 13:55:00,5887.09,57.39,TRADE
NSW1,2026-08-14 14:00:00,5847.6,57.39,TRADE
NSW1,2026-08-14 14:05:00,5826.1,46.86,TRADE
NSW1,2026-08-14 14:10:00,5826.22,42.56,TRADE
NSW1,2026-08-14 14:15:00,5856.32,50.74,TRADE
NSW1,2026-08-14 14:20:00,5916.8,61.04,TRADE
NSW1,2026-08-14 14:25:00,5954.53,61.61,TRADE
NSW1,2026-08-14 14:30:00,5912.89,57.39,TRADE
NSW1,2026-08-14 14:35:00,6037.77,60.48,TRADE
NSW1,2026-08-14 14:40:00,6104.68,36.06,TRADE
NSW1,2026-08-14 14:45:00,6161.75,28.95,TRADE
NSW1,2026-08-14 14:50:00,6244.04,28.95,TRADE
NSW1,2026-08-14 14:55:00,6266.63,16.38,TRADE
NSW1,2026-08-14 15:00:00,6291.01,52.57,TRADE
NSW1,2026-08-14 15:05:00,6395.52,42.1,TRADE
NSW1,2026-08-14 15:10:00,6437.58,42.8,TRADE
NSW1,2026-08-14 15:15:00,6561.1,58.49,TRADE
NSW1,2026-08-14 15:20:00,6614.98,62.29,TRADE
NSW1,2026-08-14 15:25:00,6676.42,55.52,TRADE
NSW1,2026-08-14 15:30:00,6862.6,66.37,TRADE
NSW1,2026-08-14 15:35:00,6974.1,63.68,TRADE
NSW1,2026-08-14 15:40:00,7120.92,69.99,TRADE
NSW1,2026-08-14 15:45:00,7302.38,80.2,TRADE
NSW1,2026-08-14 15:50:00,7406.01,81.56,TRADE
NSW1,2026-08-14 15:55:00,7491.09,80.2,TRADE
NSW1,2026-08-14 16:00:00,7603.01,88.88,TRADE
NSW1,2026-08-14 16:05:00,7725.55,78.98,TRADE
NSW1,2026-08-14 16:10:00,7832.99,82.58,TRADE
NSW1,2026-08-14 16:15:00,7984.65,119.81,TRADE
NSW1,2026-08-14 16:20:00,8063.59,128.16,TRADE
NSW1,2026-08-14 16:25:00,8290.29,135.55,TRADE
NSW1,2026-08-14 16:30:00,8375.95,143.9,TRADE
NSW1,2026-08-14 16:35:00,8430.16,137.99,TRADE
NSW1,2026-08-14 16:40:00,8618.45,136.14,TRADE
NSW1,2026-08-14 16:45:00,8726.05,143.9,TRADE
NSW1,2026-08-14 16:50:00,8860.61,145.98,TRADE
NSW1,2026-08-14 16:55:00,8954.16,157.78,TRADE
NSW1,2026-08-14 17:00:00,9041.67,163.8,TRADE
NSW1,2026-08-14 17:05:00,9022.36,146.0,TRADE
NSW1,2026-08-14 17:10:00,9097.63,146.0,TRADE
NSW1,2026-08-14 17:15:00,9242.63,147.93,TRADE
NSW1,2026-08-14 17:20:00,9369.22,163.8,TRADE
NSW1,2026-08-14 17:25:00,9474.17,163.8,TRADE
NSW1,2026-08-14 17:30:00,9537.52,174.59,TRADE
NSW1,2026-08-14 17:35:00,9610.42,163.8,TRADE
NSW1,2026-08-14 17:40:00,9729.46,169.25,TRADE
NSW1,2026-08-14 17:45:00,9831.09,175.33,TRADE
NSW1,2026-08-14 17:50:00,9823.72,176.79,TRADE
NSW1,2026-08-14 17:55:00,9910.94,169.54,TRADE
NSW1,2026-08-14 18:00:00,10022.37,182.0,TRADE
NSW1,2026-08-14 18:05:00,9963.0,155.98,TRADE
NSW1,2026-08-14 18:10:00,10014.71,162.97,TRADE
NSW1,2026-08-14 18:15:00,9943.17,153.94,TRADE
NSW1,2026-08-14 18:20:00,9964.04,146.0,TRADE
NSW1,2026-08-14 18:25:00,10020.98,146.0,TRADE
NSW1,2026-08-14 18:30:00,9973.82,146.0,TRADE
NSW1,2026-08-14 18:35:00,9985.81,151.94,TRADE
NSW1,2026-08-14 18:40:00,9937.94,146.0,TRADE
NSW1,2026-08-14 18:45:00,9895.44,137.23,TRADE
NSW1,2026-08-14 18:50:00,9990.24,135.21,TRADE
NSW1,2026-08-14 18:55:00,9938.78,132.91,TRADE
NSW1,2026-08-14 19:00:00,9929.57,137.89,TRADE
NSW1,2026-08-14 19:05:00,9928.28,135.2,TRADE
NSW1,2026-08-14 19:10:00,9887.12,130.85,TRADE
NSW1,2026-08-14 19:15:00,9861.35,121.1,TRADE
NSW1,2026-08-14 19:20:00,9881.39,121.1,TRADE
NSW1,2026-08-14 19:25:00,9909.21,125.21,TRADE
NSW1,2026-08-14 19:30:00,9873.93,121.1,TRADE
NSW1,2026-08-14 19:35:00,9939.89,122.27,TRADE
NSW1,2026-08-14 19:40:00,9882.02,123.74,TRADE
NSW1,2026-08-14 19:45:00,9885.73,121.0,TRADE
NSW1,2026-08-14 19:50:00,9847.69,114.7,TRADE
NSW1,2026-08-14 19:55:00,9830.69,111.17,TRADE
NSW1,2026-08-14 20:00:00,9864.19,113.5,TRADE
NSW1,2026-08-14 20:05:00,9835.04,115.74,TRADE
NSW1,2026-08-14 20:10:00,9893.54,113.94,TRADE
NSW1,2026-08-14 20:15:00,9877.21,112.36,TRADE
NSW1,2026-08-14 20:20:00,9798.71,109.96,TRADE
NSW1,2026-08-14 20:25:00,9868.91,121.1,TRADE
NSW1,2026-08-14 20:30:00,9760.16,110.25,TRADE
NSW1,2026-08-14 20:35:00,9766.46,121.0,TRADE
NSW1,2026-08-14 20:40:00,9732.06,110.01,TRADE
NSW1,2026-08-14 20:45:00,9683.49,121.0,TRADE
NSW1,2026-08-14 20:50:00,9656.41,121.0,TRADE
NSW1,2026-08-14 20:55:00,9664.53,121.1,TRADE
NSW1,2026-08-14 21:00:00,9637.75,113.94,TRADE
NSW1,2026-08-14 21:05:00,9624.85,109.84,TRADE
NSW1,2026-08-14 21:10:00,9599.85,120.06,TRADE
NSW1,2026-08-14 21:15:00,9539.53,109.96,TRADE
NSW1,2026-08-14 21:20:00,9528.98,109.96,TRADE
NSW1,2026-08-14 21:25:00,9545.82,113.5,TRADE
NSW1,2026-08-14 21:30:00,9454.28,110.81,TRADE
NSW1,2026-08-14 21:35:00,9416.69,109.96,TRADE
NSW1,2026-08-14 21:40:00,9462.83,110.14,TRADE
NSW1,2026-08-14 21:45:00,9380.87,121.0,TRADE
NSW1,2026-08-14 21:50:00,9286.27,109.96,TRADE
NSW1,2026-08-14 21:55:00,9310.45,121.1,TRADE
NSW1,2026-08-14 22:00:00,9222.65,111.39,TRADE
NSW1,2026-08-14 22:05:00,9242.59,106.78,TRADE
NSW1,2026-08-14 22:10:00,9230.09,120.34,TRADE
NSW1,2026-08-14 22:15:00,9210.97,109.96,TRADE
NSW1,2026-08-14 22:20:00,9277.15,121.1,TRADE
NSW1,2026-08-14 22:25:00,9101.26,120.4,TRADE
NSW1,2026-08-14 22:30:00,9158.89,121.0,TRADE
NSW1,2026-08-14 22:35:00,9139.41,113.5,TRADE
NSW1,2026-08-14 22:40:00,9067.89,120.55,TRADE
NSW1,2026-08-14 22:45:00,9003.14,113.5,TRADE
NSW1,2026-08-14 22:50:00,8972.64,114.83,TRADE
NSW1,2026-08-14 22:55:00,8920.34,111.03,TRADE
NSW1,2026-08-14 23:00:00,8930.91,110.32,TRADE
NSW1,2026-08-14 23:05:00,8821.27,107.67,TRADE
NSW1,2026-08-14 23:10:00,8805.03,107.69,TRADE
NSW1,2026-08-14 23:15:00,8777.66,100.23,TRADE
NSW1,2026-08-14 23:20:00,8776.44,106.52,TRADE
NSW1,2026-08-14 23:25:00,8722.47,102.79,TRADE
NSW1,2026-08-14 23:30:00,8780.69,102.38,TRADE
NSW1,2026-08-14 23:35:00,8723.5,97.63,TRADE
NSW1,2026-08-14 23:40:00,8602.89,97.63,TRADE
NSW1,2026-08-14 23:45:00,8601.27,96.81,TRADE
NSW1,2026-08-14 23:50:00,8617.75,96.79,TRADE
NSW1,2026-08-14 23:55:00,8537.08,95.63,TRADE
NSW1,2026-08-15 00:00:00,8471.46,88.88,TRADE
NSW1,2026-08-15 00:05:00,8519.92,106.52,TRADE
NSW1,2026-08-15 00:10:00,8569.07,108.14,TRADE
NSW1,2026-08-15 00:15:00,8613.88,108.23,TRADE
NSW1,2026-08-15 00:20:00,8508.62,119.77,TRADE
NSW1,2026-08-15 00:25:00,8574.64,107.2,TRADE
NSW1,2026-08-15 00:30:00,8487.99,106.29,TRADE
NSW1,2026-08-15 00:35:00,8466.86,108.03,TRADE
NSW1,2026-08-15 00:40:00,8503.94,120.62,TRADE
NSW1,2026-08-15 00:45:00,8451.5,114.68,TRADE
NSW1,2026-08-15 00:50:00,8300.62,102.96,TRADE
NSW1,2026-08-15 00:55:00,8322.0,103.03,TRADE
NSW1,2026-08-15 01:00:00,8272.06,101.33,TRADE
NSW1,2026-08-15 01:05:00,8215.92,100.62,TRADE
NSW1,2026-08-15 01:10:00,8164.79,97.63,TRADE
NSW1,2026-08-15 01:15:00,8119.75,94.2,TRADE
NSW1,2026-08-15 01:20:00,8069.08,97.63,TRADE
NSW1,2026-08-15 01:25:00,8021.61,94.22,TRADE
NSW1,2026-08-15 01:30:00,7981.49,88.25,TRADE
NSW1,2026-08-15 01:35:00,7940.5,86.4,TRADE
NSW1,2026-08-15 01:40:00,7890.82,93.66,TRADE
NSW1,2026-08-15 01:45:00,7860.52,89.4,TRADE
NSW1,2026-08-15 01:50:00,7814.05,97.49,TRADE
NSW1,2026-08-15 01:55:00,7726.17,87.15,TRADE
NSW1,2026-08-15 02:00:00,7714.53,88.88,TRADE
NSW1,2026-08-15 02:05:00,7746.48,98.48,TRADE
NSW1,2026-08-15 02:10:00,7737.34,106.52,TRADE
NSW1,2026-08-15 02:15:00,7629.21,88.29,TRADE
NSW1,2026-08-15 02:20:00,7637.4,100.14,TRADE
NSW1,2026-08-15 02:25:00,7577.48,85.97,TRADE
NSW1,2026-08-15 02:30:00,7649.54,88.88,TRADE
NSW1,2026-08-15 02:35:00,7562.98,93.43,TRADE
NSW1,2026-08-15 02:40:00,7513.21,90.32,TRADE
NSW1,2026-08-15 02:45:00,7473.42,94.73,TRADE
NSW1,2026-08-15 02:50:00,7527.71,96.44,TRADE
NSW1,2026-08-15 02:55:00,7470.75,94.93,TRADE
NSW1,2026-08-15 03:00:00,7367.83,88.29,TRADE
NSW1,2026-08-15 03:05:00,7375.61,90.24,TRADE
NSW1,2026-08-15 03:10:00,7362.41,88.88,TRADE
NSW1,2026-08-15 03:15:00,7329.54,88.39,TRADE
NSW1,2026-08-15 03:20:00,7374.18,93.75,TRADE
NSW1,2026-08-15 03:25:00,7413.95,99.21,TRADE
NSW1,2026-08-15 03:30:00,7345.19,85.2,TRADE
NSW1,2026-08-15 03:35:00,7352.54,88.88,TRADE
NSW1,2026-08-15 03:40:00,7340.34,86.05,TRADE
NSW1,2026-08-15 03:45:00,7293.88,86.35,TRADE
NSW1,2026-08-15 03:50:00,7324.26,88.88,TRADE
NSW1,2026-08-15 03:55:00,7325.31,99.98,TRADE
NSW1,2026-08-15 04:00:00,7270.6,91.41,TRADE
NSW1,2026-08-15 04:05:00,7326.82,88.82,TRADE
NSW1,2026-08-15 04:10:00,7263.52,88.9,TRADE
NSW1,2026-08-15 04:15:00,7267.66,88.9,TRADE
NSW1,2026-08-15 04:20:00,7235.84,87.73,TRADE
NSW1,2026-08-15 04:25:00,7256.18,89.52,TRADE
NSW1,2026-08-15 04:30:00,7341.12,91.31,TRADE
NSW1,2026-08-15 04:35:00,7220.38,88.9,TRADE
NSW1,2026-08-15 04:40:00,7345.31,90.75,TRADE
NSW1,2026-08-15 04:45:00,7283.74,89.07,TRADE
NSW1,2026-08-15 04:50:00,7244.75,88.82,TRADE
NSW1,2026-08-15 04:55:00,7265.29,89.48,TRADE
NSW1,2026-08-15 05:00:00,7251.7,101.1,TRADE
NSW1,2026-08-15 05:05:00,7287.07,101.1,TRADE
NSW1,2026-08-15 05:10:00,7415.47,98.75,TRADE
NSW1,2026-08-15 05:15:00,7448.27,106.8,TRADE
NSW1,2026-08-15 05:20:00,7545.25,106.52,TRADE
NSW1,2026-08-15 05:25:00,7572.79,108.58,TRADE
NSW1,2026-08-15 05:30:00,7524.02,114.26,TRADE
NSW1,2026-08-15 05:35:00,7607.2,110.18,TRADE
NSW1,2026-08-15 05:40:00,7658.54,114.14,TRADE
NSW1,2026-08-15 05:45:00,7678.18,113.12,TRADE
NSW1,2026-08-15 05:50:00,7663.57,114.02,TRADE
NSW1,2026-08-15 05:55:00,7679.01,115.1,TRADE
NSW1,2026-08-15 06:00:00,7638.76,113.12,TRADE
NSW1,2026-08-15 06:05:00,7739.09,97.25,TRADE
NSW1,2026-08-15 06:10:00,7858.48,106.72,TRADE
NSW1,2026-08-15 06:15:00,7925.54,106.52,TRADE
NSW1,2026-08-15 06:20:00,7903.54,106.52,TRADE
NSW1,2026-08-15 06:25:00,8023.01,109.96,TRADE
NSW1,2026-08-15 06:30:00,8039.73,110.11,TRADE
NSW1,2026-08-15 06:35:00,8045.72,97.63,TRADE
NSW1,2026-08-15 06:40:00,8151.79,112.15,TRADE
NSW1,2026-08-15 06:45:00,8196.29,105.5,TRADE
NSW1,2026-08-15 06:50:00,8296.82,109.96,TRADE
NSW1,2026-08-15 06:55:00,8355.48,113.73,TRADE
NSW1,2026-08-15 07:00:00,8427.63,114.62,TRADE
NSW1,2026-08-15 07:05:00,8480.65,114.56,TRADE
NSW1,2026-08-15 07:10:00,8465.59,113.65,TRADE
NSW1,2026-08-15 07:15:00,8422.7,111.64,TRADE
NSW1,2026-08-15 07:20:00,8581.21,124.07,TRADE
NSW1,2026-08-15 07:25:00,8629.83,129.83,TRADE
NSW1,2026-08-15 07:30:00,8584.01,120.02,TRADE
NSW1,2026-08-15 07:35:00,8639.51,119.03,TRADE
NSW1,2026-08-15 07:40:00,8600.42,106.52,TRADE
NSW1,2026-08-15 07:45:00,8696.39,97.63,TRADE
NSW1,2026-08-15 07:50:00,8572.62,28.01,TRADE
NSW1,2026-08-15 07:55:00,8615.59,67.11,TRADE
NSW1,2026-08-15 08:00:00,8555.48,67.11,TRADE
NSW1,2026-08-15 08:05:00,8530.97,67.11,TRADE
NSW1,2026-08-15 08:10:00,8602.35,67.11,TRADE
NSW1,2026-08-15 08:15:00,8474.9,41.76,TRADE
NSW1,2026-08-15 08:20:00,8457.18,42.8,TRADE
NSW1,2026-08-15 08:25:00,8419.85,53.2,TRADE
NSW1,2026-08-15 08:30:00,8270.7,52.21,TRADE
NSW1,2026-08-15 08:35:00,8283.64,43.05,TRADE
NSW1,2026-08-15 08:40:00,8259.36,64.95,TRADE
NSW1,2026-08-15 08:45:00,8170.62,52.21,TRADE
NSW1,2026-08-15 08:50:00,8101.84,45.88,TRADE
NSW1,2026-08-15 08:55:00,8135.47,52.29,TRADE
NSW1,2026-08-15 09:00:00,8015.52,42.08,TRADE
NSW1,2026-08-15 09:05:00,8095.38,43.05,TRADE
NSW1,2026-08-15 09:10:00,8159.46,72.75,TRADE
NSW1,2026-08-15 09:15:00,8026.6,72.85,TRADE
NSW1,2026-08-15 09:20:00,7982.28,64.65,TRADE
NSW1,2026-08-15 09:25:00,7917.45,63.75,TRADE
NSW1,2026-08-15 09:30:00,7847.32,45.65,TRADE
NSW1,2026-08-15 09:35:00,7871.11,47.85,TRADE
NSW1,2026-08-15 09:40:00,7900.89,64.95,TRADE
NSW1,2026-08-15 09:45:00,7897.56,82.05,TRADE
NSW1,2026-08-15 09:50:00,7876.1,67.49,TRADE
NSW1,2026-08-15 09:55:00,7987.66,88.82,TRADE
NSW1,2026-08-15 10:00:00,7988.94,109.86,TRADE
NSW1,2026-08-15 10:05:00,7982.94,124.29,TRADE
NSW1,2026-08-15 10:10:00,7985.74,106.52,TRADE
NSW1,2026-08-15 10:15:00,8020.52,71.4,TRADE
NSW1,2026-08-15 10:20:00,8001.23,64.95,TRADE
NSW1,2026-08-15 10:25:00,7941.34,73.15,TRADE
NSW1,2026-08-15 10:30:00,7891.73,73.15,TRADE
NSW1,2026-08-15 10:35:00,7880.24,73.15,TRADE
NSW1,2026-08-15 10:40:00,7765.36,66.51,TRADE
NSW1,2026-08-15 10:45:00,7770.0,66.53,TRADE
NSW1,2026-08-15 10:50:00,7767.47,66.53,TRADE
NSW1,2026-08-15 10:55:00,7707.83,73.15,TRADE
NSW1,2026-08-15 11:00:00,7711.58,64.95,TRADE
NSW1,2026-08-15 11:05:00,7716.46,60.82,TRADE
NSW1,2026-08-15 11:10:00,7889.51,66.53,TRADE
NSW1,2026-08-15 11:15:00,7912.21,66.53,TRADE
NSW1,2026-08-15 11:20:00,7904.93,66.53,TRADE
NSW1,2026-08-15 11:25:00,7914.01,66.53,TRADE
NSW1,2026-08-15 11:30:00,7880.72,66.53,TRADE
NSW1,2026-08-15 11:35:00,7907.0,66.53,TRADE
NSW1,2026-08-15 11:40:00,7909.2,66.53,TRADE
NSW1,2026-08-15 11:45:00,7897.63,66.53,TRADE
NSW1,2026-08-15 11:50:00,7913.69,66.53,TRADE
NSW1,2026-08-15 11:55:00,7892.54,66.53,TRADE
NSW1,2026-08-15 12:00:00,7874.26,66.53,TRADE
NSW1,2026-08-15 12:05:00,7807.71,68.02,TRADE
NSW1,2026-08-15 12:10:00,7878.87,66.53,TRADE
NSW1,2026-08-15 12:15:00,7892.22,66.94,TRADE
NSW1,2026-08-15 12:20:00,7881.47,84.79,TRADE
NSW1,2026-08-15 12:25:00,7842.94,84.79,TRADE
NSW1,2026-08-15 12:30:00,7738.8,88.82,TRADE
NSW1,2026-08-15 12:35:00,7754.17,83.99,TRADE
NSW1,2026-08-15 12:40:00,7736.96,83.99,TRADE
NSW1,2026-08-15 12:45:00,7804.68,124.29,TRADE
NSW1,2026-08-15 12:50:00,7775.53,120.0,TRADE
NSW1,2026-08-15 12:55:00,7742.39,88.9,TRADE
NSW1,2026-08-15 13:00:00,7713.4,88.9,TRADE
NSW1,2026-08-15 13:05:00,7674.09,73.2,TRADE
NSW1,2026-08-15 13:10:00,7761.05,84.79,TRADE
NSW1,2026-08-15 13:15:00,7654.73,83.99,TRADE
NSW1,2026-08-15 13:20:00,7565.06,73.2,TRADE
NSW1,2026-08-15 13:25:00,7575.06,83.99,TRADE
NSW1,2026-08-15 13:30:00,7533.08,84.79,TRADE
NSW1,2026-08-15 13:35:00,7478.13,73.2,TRADE
NSW1,2026-08-15 13:40:00,7466.23,65.04,TRADE
NSW1,2026-08-15 13:45:00,7533.48,83.99,TRADE
NSW1,2026-08-15 13:50:00,7411.83,73.2,TRADE
NSW1,2026-08-15 13:55:00,7392.54,73.2,TRADE
NSW1,2026-08-15 14:00:00,7479.11,73.2,TRADE
NSW1,2026-08-15 14:05:00,7355.59,67.7,TRADE
NSW1,2026-08-15 14:10:00,7358.66,73.2,TRADE
NSW1,2026-08-15 14:15:00,7412.94,88.82,TRADE
NSW1,2026-08-15 14:20:00,7319.78,73.2,TRADE
NSW1,2026-08-15 14:25:00,7413.36,84.79,TRADE
NSW1,2026-08-15 14:30:00,7420.52,84.79,TRADE
NSW1,2026-08-15 14:35:00,7382.88,80.55,TRADE
NSW1,2026-08-15 14:40:00,7432.52,81.99,TRADE
NSW1,2026-08-15 14:45:00,7546.98,73.2,TRADE
NSW1,2026-08-15 14:50:00,7528.49,65.03,TRADE
NSW1,2026-08-15 14:55:00,7626.04,52.52,TRADE
NSW1,2026-08-15 15:00:00,7643.01,64.72,TRADE
NSW1,2026-08-15 15:05:00,7657.55,65.09,TRADE
NSW1,2026-08-15 15:10:00,7587.27,65.02,TRADE
NSW1,2026-08-15 15:15:00,7683.04,47.5,TRADE
NSW1,2026-08-15 15:20:00,7847.68,66.19,TRADE
NSW1,2026-08-15 15:25:00,7916.25,69.99,TRADE
NSW1,2026-08-15 15:30:00,7926.27,73.15,TRADE
NSW1,2026-08-15 15:35:00,7941.35,52.21,TRADE
NSW1,2026-08-15 15:40:00,8046.88,64.95,TRADE
NSW1,2026-08-15 15:45:00,8109.48,68.02,TRADE
NSW1,2026-08-15 15:50:00,8196.69,65.89,TRADE
NSW1,2026-08-15 15:55:00,8211.64,56.28,TRADE
NSW1,2026-08-15 16:00:00,8169.18,59.44,TRADE
NSW1,2026-08-15 16:05:00,8276.52,69.9,TRADE
NSW1,2026-08-15 16:10:00,8355.81,73.2,TRADE
NSW1,2026-08-15 16:15:00,8453.94,73.2,TRADE
NSW1,2026-08-15 16:20:00,8457.07,73.2,TRADE
NSW1,2026-08-15 16:25:00,8660.28,73.2,TRADE
NSW1,2026-08-15 16:30:00,8666.36,87.93,TRADE
NSW1,2026-08-15 16:35:00,8744.28,73.2,TRADE
NSW1,2026-08-15 16:40:00,8815.14,86.41,TRADE
NSW1,2026-08-15 16:45:00,8849.04,89.13,TRADE
NSW1,2026-08-15 16:50:00,8957.93,97.63,TRADE
NSW1,2026-08-15 16:55:00,9075.21,101.1,TRADE
NSW1,2026-08-15 17:00:00,9134.21,97.55,TRADE
NSW1,2026-08-15 17:05:00,9191.96,93.1,TRADE
NSW1,2026-08-15 17:10:00,9208.64,93.19,TRADE
NSW1,2026-08-15 17:15:00,9355.26,97.49,TRADE
NSW1,2026-08-15 17:20:00,9427.4,106.0,TRADE
NSW1,2026-08-15 17:25:00,9414.75,105.84,TRADE
NSW1,2026-08-15 17:30:00,9505.88,104.51,TRADE
NSW1,2026-08-15 17:35:00,9584.05,97.55,TRADE
NSW1,2026-08-15 17:40:00,9772.98,99.73,TRADE
NSW1,2026-08-15 17:45:00,9853.84,101.96,TRADE
NSW1,2026-08-15 17:50:00,9870.81,100.38,TRADE
NSW1,2026-08-15 17:55:00,9933.67,99.72,TRADE
NSW1,2026-08-15 18:00:00,9992.01,109.3,TRADE
NSW1,2026-08-15 18:05:00,9950.7,101.1,TRADE
NSW1,2026-08-15 18:10:00,9978.44,97.55,TRADE
NSW1,2026-08-15 18:15:00,9945.56,101.06,TRADE
NSW1,2026-08-15 18:20:00,9956.63,97.02,TRADE
NSW1,2026-08-15 18:25:00,10008.41,97.55,TRADE
NSW1,2026-08-15 18:30:00,9926.06,97.55,TRADE
NSW1,2026-08-15 18:35:00,9935.43,97.92,TRADE
NSW1,2026-08-15 18:40:00,9888.86,97.49,TRADE
NSW1,2026-08-15 18:45:00,9912.12,91.09,TRADE
NSW1,2026-08-15 18:50:00,9944.02,95.46,TRADE
NSW1,2026-08-15 18:55:00,9913.18,97.51,TRADE
NSW1,2026-08-15 19:00:00,9877.99,90.49,TRADE
NSW1,2026-08-15 19:05:00,9784.25,89.27,TRADE
NSW1,2026-08-15 19:10:00,9811.05,94.64,TRADE
NSW1,2026-08-15 19:15:00,9815.05,90.49,TRADE
NSW1,2026-08-15 19:20:00,9782.83,93.45,TRADE
NSW1,2026-08-15 19:25:00,9750.59,92.01,TRADE
NSW1,2026-08-15 19:30:00,9759.08,93.17,TRADE
NSW1,2026-08-15 19:35:00,9794.03,94.78,TRADE
NSW1,2026-08-15 19:40:00,9661.21,90.49,TRADE
NSW1,2026-08-15 19:45:00,9664.66,93.25,TRADE
NSW1,2026-08-15 19:50:00,9702.69,90.49,TRADE
NSW1,2026-08-15 19:55:00,9725.44,90.49,TRADE
NSW1,2026-08-15 20:00:00,9633.99,90.49,TRADE
NSW1,2026-08-15 20:05:00,9618.93,91.29,TRADE
NSW1,2026-08-15 20:10:00,9640.83,90.49,TRADE
NSW1,2026-08-15 20:15:00,9663.77,90.49,TRADE
NSW1,2026-08-15 20:20:00,9670.45,90.49,TRADE
NSW1,2026-08-15 20:25:00,9681.99,90.49,TRADE
NSW1,2026-08-15 20:30:00,9612.52,90.49,TRADE
NSW1,2026-08-15 20:35:00,9611.39,90.49,TRADE
NSW1,2026-08-15 20:40:00,9607.22,90.49,TRADE
NSW1,2026-08-15 20:45:00,9601.98,90.49,TRADE
NSW1,2026-08-15 20:50:00,9470.01,90.49,TRADE
NSW1,2026-08-15 20:55:00,9467.22,90.49,TRADE
NSW1,2026-08-15 21:00:00,9526.51,90.49,TRADE
NSW1,2026-08-15 21:05:00,9465.56,90.49,TRADE
NSW1,2026-08-15 21:10:00,9367.47,90.49,TRADE
NSW1,2026-08-15 21:15:00,9422.61,93.6,TRADE
NSW1,2026-08-15 21:20:00,9364.49,97.55,TRADE
NSW1,2026-08-15 21:25:00,9310.66,91.52,TRADE
NSW1,2026-08-15 21:30:00,9228.57,93.33,TRADE
NSW1,2026-08-15 21:35:00,9174.23,97.55,TRADE
NSW1,2026-08-15 21:40:00,9148.06,97.55,TRADE
NSW1,2026-08-15 21:45:00,9211.06,97.55,TRADE
NSW1,2026-08-15 21:50:00,9125.81,97.63,TRADE
NSW1,2026-08-15 21:55:00,9049.64,92.4,TRADE
NSW1,2026-08-15 22:00:00,8994.71,87.85,TRADE
NSW1,2026-08-15 22:05:00,9027.61,92.86,TRADE
NSW1,2026-08-15 22:10:00,9081.11,97.55,TRADE
NSW1,2026-08-15 22:15:00,8988.7,97.55,TRADE
NSW1,2026-08-15 22:20:00,8982.6,96.73,TRADE
NSW1,2026-08-15 22:25:00,8991.56,94.01,TRADE
NSW1,2026-08-15 22:30:00,8927.39,90.91,TRADE
NSW1,2026-08-15 22:35:00,8925.7,87.85,TRADE
NSW1,2026-08-15 22:40:00,8920.49,87.58,TRADE
NSW1,2026-08-15 22:45:00,8832.34,87.85,TRADE
NSW1,2026-08-15 22:50:00,8798.5,85.12,TRADE
NSW1,2026-08-15 22:55:00,8796.38,84.51,TRADE
NSW1,2026-08-15 23:00:00,8709.17,77.11,TRADE
NSW1,2026-08-15 23:05:00,8702.44,83.99,TRADE
NSW1,2026-08-15 23:10:00,8681.48,90.28,TRADE
NSW1,2026-08-15 23:15:00,8622.24,90.5,TRADE
NSW1,2026-08-15 23:20:00,8523.01,83.28,TRADE
NSW1,2026-08-15 23:25:00,8524.41,83.33,TRADE
NSW1,2026-08-15 23:30:00,8470.08,82.6,TRADE
NSW1,2026-08-15 23:35:00,8450.69,81.2,TRADE
NSW1,2026-08-15 23:40:00,8381.18,81.72,TRADE
NSW1,2026-08-15 23:45:00,8409.65,82.5,TRADE
NSW1,2026-08-15 23:50:00,8403.86,77.9,TRADE
NSW1,2026-08-15 23:55:00,8310.6,68.03,TRADE
NSW1,2026-08-16 00:00:00,8249.82,66.53,TRADE
NSW1,2026-08-16 00:05:00,8220.03,66.53,TRADE
NSW1,2026-08-16 00:10:00,8254.67,69.99,TRADE
NSW1,2026-08-16 00:15:00,8195.64,69.99,TRADE
NSW1,2026-08-16 00:20:00,8178.17,68.53,TRADE
NSW1,2026-08-16 00:25:00,8196.2,66.61,TRADE
NSW1,2026-08-16 00:30:00,8273.28,66.53,TRADE
NSW1,2026-08-16 00:35:00,8277.97,83.99,TRADE
NSW1,2026-08-16 00:40:00,8149.38,72.89,TRADE
NSW1,2026-08-16 00:45:00,8095.16,66.53,TRADE
NSW1,2026-08-16 00:50:00,8135.71,73.42,TRADE
NSW1,2026-08-16 00:55:00,8143.49,80.31,TRADE
NSW1,2026-08-16 01:00:00,8104.0,67.0,TRADE
NSW1,2026-08-16 01:05:00,8011.0,79.17,TRADE
NSW1,2026-08-16 01:10:00,7944.22,71.71,TRADE
NSW1,2026-08-16 01:15:00,7944.25,71.16,TRADE
NSW1,2026-08-16 01:20:00,7903.47,70.64,TRADE
NSW1,2026-08-16 01:25:00,7758.67,67.03,TRADE
NSW1,2026-08-16 01:30:00,7813.05,68.88,TRADE
NSW1,2026-08-16 01:35:00,7690.93,67.0,TRADE
NSW1,2026-08-16 01:40:00,7667.17,66.53,TRADE
NSW1,2026-08-16 01:45:00,7671.22,67.58,TRADE
NSW1,2026-08-16 01:50:00,7582.38,66.53,TRADE
NSW1,2026-08-16 01:55:00,7604.51,68.73,TRADE
NSW1,2026-08-16 02:00:00,7532.57,67.12,TRADE
NSW1,2026-08-16 02:05:00,7546.0,66.53,TRADE
NSW1,2026-08-16 02:10:00,7476.96,66.53,TRADE
NSW1,2026-08-16 02:15:00,7448.05,66.53,TRADE
NSW1,2026-08-16 02:20:00,7439.35,66.53,TRADE
NSW1,2026-08-16 02:25:00,7384.52,66.53,TRADE
NSW1,2026-08-16 02:30:00,7370.37,66.53,TRADE
NSW1,2026-08-16 02:35:00,7386.63,66.69,TRADE
NSW1,2026-08-16 02:40:00,7370.3,70.51,TRADE
NSW1,2026-08-16 02:45:00,7329.27,67.0,TRADE
NSW1,2026-08-16 02:50:00,7275.5,66.53,TRADE
NSW1,2026-08-16 02:55:00,7211.05,66.53,TRADE
NSW1,2026-08-16 03:00:00,7221.34,71.33,TRADE
NSW1,2026-08-16 03:05:00,7201.15,66.53,TRADE
NSW1,2026-08-16 03:10:00,7166.73,66.53,TRADE
NSW1,2026-08-16 03:15:00,7210.79,69.7,TRADE
NSW1,2026-08-16 03:20:00,7276.75,71.88,TRADE
NSW1,2026-08-16 03:25:00,7288.42,71.33,TRADE
NSW1,2026-08-16 03:30:00,7251.69,66.53,TRADE
NSW1,2026-08-16 03:35:00,7190.58,66.53,TRADE
NSW1,2026-08-16 03:40:00,7158.37,66.53,TRADE
NSW1,2026-08-16 03:45:00,7193.19,66.53,TRADE
NSW1,2026-08-16 03:50:00,7167.19,66.53,TRADE
NSW1,2026-08-16 03:55:00,7195.37,66.53,TRADE
NSW1,2026-08-16 04:00:00,7102.77,66.53,TRADE
NSW1,2026-08-16 04:05:00,7141.12,66.53,TRADE
NSW1,2026-08-16 04:10:00,7140.43,66.53,TRADE
NSW1,2026-08-16 04:15:00,7154.33,68.88,TRADE
NSW1,2026-08-16 04:20:00,7136.72,66.53,TRADE
NSW1,2026-08-16 04:25:00,7078.88,66.53,TRADE
NSW1,2026-08-16 04:30:00,7059.61,66.53,TRADE
NSW1,2026-08-16 04:35:00,7075.94,66.53,TRADE
NSW1,2026-08-16 04:40:00,7100.96,66.53,TRADE
NSW1,2026-08-16 04:45:00,7183.82,66.53,TRADE
NSW1,2026-08-16 04:50:00,7220.17,66.53,TRADE
NSW1,2026-08-16 04:55:00,7228.36,66.53,TRADE
NSW1,2026-08-16 05:00:00,7195.49,66.53,TRADE
NSW1,2026-08-16 05:05:00,7184.52,66.53,TRADE
NSW1,2026-08-16 05:10:00,7229.61,66.53,TRADE
NSW1,2026-08-16 05:15:00,7257.79,66.53,TRADE
NSW1,2026-08-16 05:20:00,7194.54,66.53,TRADE
NSW1,2026-08-16 05:25:00,7193.82,66.53,TRADE
NSW1,2026-08-16 05:30:00,7246.75,66.53,TRADE
NSW1,2026-08-16 05:35:00,7304.91,66.53,TRADE
NSW1,2026-08-16 05:40:00,7331.41,66.53,TRADE
NSW1,2026-08-16 05:45:00,7274.6,66.53,TRADE
NSW1,2026-08-16 05:50:00,7337.5,66.53,TRADE
NSW1,2026-08-16 05:55:00,7361.61,66.53,TRADE
NSW1,2026-08-16 06:00:00,7387.92,66.53,TRADE
NSW1,2026-08-16 06:05:00,7418.04,66.53,TRADE
NSW1,2026-08-16 06:10:00,7428.95,79.4,TRADE
NSW1,2026-08-16 06:15:00,7457.7,78.88,TRADE
NSW1,2026-08-16 06:20:00,7570.97,78.36,TRADE
NSW1,2026-08-16 06:25:00,7594.84,78.86,TRADE
NSW1,2026-08-16 06:30:00,7625.7,79.37,TRADE
NSW1,2026-08-16 06:35:00,7656.1,79.4,TRADE
NSW1,2026-08-16 06:40:00,7692.43,82.43,TRADE
NSW1,2026-08-16 06:45:00,7703.97,76.81,TRADE
NSW1,2026-08-16 06:50:00,7785.38,77.69,TRADE
NSW1,2026-08-16 06:55:00,7822.84,77.63,TRADE
NSW1,2026-08-16 07:00:00,7891.83,67.65,TRADE
NSW1,2026-08-16 07:05:00,7837.14,65.41,TRADE
NSW1,2026-08-16 07:10:00,7908.86,57.54,TRADE
NSW1,2026-08-16 07:15:00,7987.44,55.35,TRADE
NSW1,2026-08-16 07:20:00,8055.61,49.37,TRADE
NSW1,2026-08-16 07:25:00,7998.51,44.99,TRADE
NSW1,2026-08-16 07:30:00,8044.47,44.22,TRADE
NSW1,2026-08-16 07:35:00,8051.66,52.21,TRADE
NSW1,2026-08-16 07:40:00,8070.86,50.98,TRADE
NSW1,2026-08-16 07:45:00,8063.5,42.82,TRADE
NSW1,2026-08-16 07:50:00,8088.28,52.21,TRADE
NSW1,2026-08-16 07:55:00,7983.93,51.93,TRADE
NSW1,2026-08-16 08:00:00,8001.72,42.82,TRADE
NSW1,2026-08-16 08:05:00,7926.57,42.8,TRADE
NSW1,2026-08-16 08:10:00,8004.65,43.05,TRADE
NSW1,2026-08-16 08:15:00,8027.21,42.82,TRADE
NSW1,2026-08-16 08:20:00,8052.57,43.05,TRADE
NSW1,2026-08-16 08:25:00,8079.8,42.82,TRADE
NSW1,2026-08-16 08:30:00,8011.87,43.05,TRADE
NSW1,2026-08-16 08:35:00,7925.66,42.82,TRADE
NSW1,2026-08-16 08:40:00,7919.88,42.82,TRADE
NSW1,2026-08-16 08:45:00,7834.29,43.05,TRADE
NSW1,2026-08-16 08:50:00,7861.88,52.21,TRADE
NSW1,2026-08-16 08:55:00,7765.62,42.8,TRADE
NSW1,2026-08-16 09:00:00,7787.75,25.12,TRADE
NSW1,2026-08-16 09:05:00,7789.57,42.8,TRADE
NSW1,2026-08-16 09:10:00,7717.9,25.12,TRADE
NSW1,2026-08-16 09:15:00,7609.18,25.12,TRADE
NSW1,2026-08-16 09:20:00,7551.16,43.05,TRADE
NSW1,2026-08-16 09:25:00,7423.51,42.8,TRADE
NSW1,2026-08-16 09:30:00,7302.02,42.08,TRADE
NSW1,2026-08-16 09:35:00,7209.01,28.78,TRADE
NSW1,2026-08-16 09:40:00,7206.69,42.08,TRADE
NSW1,2026-08-16 09:45:00,7101.49,30.6,TRADE
NSW1,2026-08-16 09:50:00,7096.79,42.8,TRADE
NSW1,2026-08-16 09:55:00,6927.11,41.88,TRADE
NSW1,2026-08-16 10:00:00,6873.55,27.88,TRADE
NSW1,2026-08-16 10:05:00,6854.18,25.12,TRADE
NSW1,2026-08-16 10:10:00,7002.91,42.52,TRADE
NSW1,2026-08-16 10:15:00,6813.18,42.54,TRADE
NSW1,2026-08-16 10:20:00,6809.71,25.12,TRADE
NSW1,2026-08-16 10:25:00,6866.2,42.54,TRADE
NSW1,2026-08-16 10:30:00,6765.57,42.54,TRADE
NSW1,2026-08-16 10:35:00,6736.7,42.54,TRADE
NSW1,2026-08-16 10:40:00,6769.67,43.05,TRADE
NSW1,2026-08-16 10:45:00,6909.73,25.12,TRADE
NSW1,2026-08-16 10:50:00,6987.33,25.12,TRADE
NSW1,2026-08-16 10:55:00,7082.54,61.02,TRADE
NSW1,2026-08-16 11:00:00,6870.59,42.54,TRADE
NSW1,2026-08-16 11:05:00,6789.91,25.12,TRADE
NSW1,2026-08-16 11:10:00,7171.97,42.66,TRADE
NSW1,2026-08-16 11:15:00,7096.87,42.54,TRADE
NSW1,2026-08-16 11:20:00,7080.18,25.12,TRADE
NSW1,2026-08-16 11:25:00,7081.85,42.54,TRADE
NSW1,2026-08-16 11:30:00,7043.34,42.54,TRADE
NSW1,2026-08-16 11:35:00,7027.67,43.05,TRADE
NSW1,2026-08-16 11:40:00,7091.87,43.05,TRADE
NSW1,2026-08-16 11:45:00,7081.21,68.02,TRADE
NSW1,2026-08-16 11:50:00,7013.67,43.05,TRADE
NSW1,2026-08-16 11:55:00,6928.61,25.12,TRADE
NSW1,2026-08-16 12:00:00,7116.6,43.05,TRADE
NSW1,2026-08-16 12:05:00,7074.3,42.54,TRADE
NSW1,2026-08-16 12:10:00,7028.29,42.66,TRADE
NSW1,2026-08-16 12:15:00,7020.06,25.12,TRADE
NSW1,2026-08-16 12:20:00,7059.98,25.12,TRADE
NSW1,2026-08-16 12:25:00,7143.96,42.65,TRADE
NSW1,2026-08-16 12:30:00,7072.27,25.12,TRADE
NSW1,2026-08-16 12:35:00,6991.58,42.8,TRADE
NSW1,2026-08-16 12:40:00,7019.55,43.05,TRADE
NSW1,2026-08-16 12:45:00,6838.0,42.54,TRADE
NSW1,2026-08-16 12:50:00,6770.27,42.8,TRADE
NSW1,2026-08-16 12:55:00,6929.23,43.05,TRADE
NSW1,2026-08-16 13:00:00,6915.83,42.8,TRADE
NSW1,2026-08-16 13:05:00,6909.74,66.53,TRADE
NSW1,2026-08-16 13:10:00,6840.93,42.8,TRADE
NSW1,2026-08-16 13:15:00,6913.64,42.08,TRADE
NSW1,2026-08-16 13:20:00,6941.3,42.54,TRADE
NSW1,2026-08-16 13:25:00,6918.84,16.5,TRADE
NSW1,2026-08-16 13:30:00,6860.0,28.06,TRADE
NSW1,2026-08-16 13:35:00,6774.15,23.99,TRADE
NSW1,2026-08-16 13:40:00,6816.57,30.42,TRADE
NSW1,2026-08-16 13:45:00,6831.33,27.87,TRADE
NSW1,2026-08-16 13:50:00,6819.03,23.99,TRADE
NSW1,2026-08-16 13:55:00,6873.22,23.94,TRADE
NSW1,2026-08-16 14:00:00,6908.65,42.55,TRADE
NSW1,2026-08-16 14:05:00,6844.82,42.53,TRADE
NSW1,2026-08-16 14:10:00,6750.31,42.55,TRADE
NSW1,2026-08-16 14:15:00,6897.93,42.54,TRADE
NSW1,2026-08-16 14:20:00,6785.55,42.55,TRADE
NSW1,2026-08-16 14:25:00,6926.21,42.54,TRADE
NSW1,2026-08-16 14:30:00,6873.12,42.52,TRADE
NSW1,2026-08-16 14:35:00,6913.53,23.99,TRADE
NSW1,2026-08-16 14:40:00,7072.3,42.54,TRADE
NSW1,2026-08-16 14:45:00,7150.26,42.54,TRADE
NSW1,2026-08-16 14:50:00,7191.91,41.88,TRADE
NSW1,2026-08-16 14:55:00,7257.17,36.04,TRADE
NSW1,2026-08-16 15:00:00,7321.12,45.86,TRADE
NSW1,2026-08-16 15:05:00,7213.4,42.52,TRADE
NSW1,2026-08-16 15:10:00,7220.05,64.07,TRADE
NSW1,2026-08-16 15:15:00,7323.0,36.24,TRADE
NSW1,2026-08-16 15:20:00,7374.17,64.07,TRADE
NSW1,2026-08-16 15:25:00,7451.46,35.06,TRADE
NSW1,2026-08-16 15:30:00,7440.19,42.55,TRADE
NSW1,2026-08-16 15:35:00,7477.03,36.62,TRADE
NSW1,2026-08-16 15:40:00,7599.03,42.82,TRADE
NSW1,2026-08-16 15:45:00,7651.25,42.55,TRADE
NSW1,2026-08-16 15:50:00,7735.44,52.21,TRADE
NSW1,2026-08-16 15:55:00,7724.24,42.54,TRADE
NSW1,2026-08-16 16:00:00,7921.99,42.82,TRADE
NSW1,2026-08-16 16:05:00,7999.88,42.82,TRADE
NSW1,2026-08-16 16:10:00,8059.45,42.82,TRADE
NSW1,2026-08-16 16:15:00,8193.99,43.27,TRADE
NSW1,2026-08-16 16:20:00,8257.23,58.13,TRADE
NSW1,2026-08-16 16:25:00,8376.63,88.88,TRADE
NSW1,2026-08-16 16:30:00,8420.98,90.08,TRADE
NSW1,2026-08-16 16:35:00,8553.36,85.05,TRADE
NSW1,2026-08-16 16:40:00,8570.39,71.4,TRADE
NSW1,2026-08-16 16:45:00,8760.89,75.83,TRADE
NSW1,2026-08-16 16:50:00,8818.15,81.01,TRADE
NSW1,2026-08-16 16:55:00,8963.75,87.85,TRADE
NSW1,2026-08-16 17:00:00,8978.6,84.79,TRADE
NSW1,2026-08-16 17:05:00,9097.89,77.97,TRADE
NSW1,2026-08-16 17:10:00,9201.28,75.86,TRADE
NSW1,2026-08-16 17:15:00,9194.68,72.97,TRADE
NSW1,2026-08-16 17:20:00,9350.44,87.11,TRADE
NSW1,2026-08-16 17:25:00,9327.68,87.85,TRADE
NSW1,2026-08-16 17:30:00,9400.05,80.0,TRADE
NSW1,2026-08-16 17:35:00,9575.91,69.64,TRADE
NSW1,2026-08-16 17:40:00,9794.84,77.35,TRADE
NSW1,2026-08-16 17:45:00,9908.06,79.68,TRADE
NSW1,2026-08-16 17:50:00,9969.65,78.17,TRADE
NSW1,2026-08-16 17:55:00,9979.94,73.29,TRADE
NSW1,2026-08-16 18:00:00,10060.41,81.44,TRADE
NSW1,2026-08-16 18:05:00,10085.37,80.36,TRADE
NSW1,2026-08-16 18:10:00,10114.58,79.14,TRADE
NSW1,2026-08-16 18:15:00,10140.7,82.55,TRADE
NSW1,2026-08-16 18:20:00,10030.21,76.49,TRADE
NSW1,2026-08-16 18:25:00,10161.64,76.53,TRADE
NSW1,2026-08-16 18:30:00,10155.25,81.88,TRADE
NSW1,2026-08-16 18:35:00,10126.28,79.32,TRADE
NSW1,2026-08-16 18:40:00,10085.44,77.31,TRADE
NSW1,2026-08-16 18:45:00,10096.27,77.58,TRADE
NSW1,2026-08-16 18:50:00,10087.23,78.58,TRADE
NSW1,2026-08-16 18:55:00,10083.25,77.97,TRADE
NSW1,2026-08-16 19:00:00,10074.46,77.22,TRADE
NSW1,2026-08-16 19:05:00,9975.42,76.55,TRADE
NSW1,2026-08-16 19:10:00,9951.4,77.17,TRADE
NSW1,2026-08-16 19:15:00,9894.21,81.01,TRADE
NSW1,2026-08-16 19:20:00,9894.3,78.49,TRADE
NSW1,2026-08-16 19:25:00,9927.81,70.41,TRADE
NSW1,2026-08-16 19:30:00,9890.94,79.31,TRADE
NSW1,2026-08-16 19:35:00,9912.75,77.61,TRADE
NSW1,2026-08-16 19:40:00,9849.88,76.55,TRADE
NSW1,2026-08-16 19:45:00,9838.34,75.18,TRADE
NSW1,2026-08-16 19:50:00,9810.49,73.34,TRADE
NSW1,2026-08-16 19:55:00,9688.15,72.01,TRADE
NSW1,2026-08-16 20:00:00,9662.13,71.06,TRADE
NSW1,2026-08-16 20:05:00,9691.97,76.01,TRADE
NSW1,2026-08-16 20:10:00,9643.82,74.7,TRADE
NSW1,2026-08-16 20:15:00,9666.99,73.49,TRADE
NSW1,2026-08-16 20:20:00,9585.21,69.8,TRADE
NSW1,2026-08-16 20:25:00,9598.32,69.78,TRADE
NSW1,2026-08-16 20:30:00,9554.07,70.03,TRADE
NSW1,2026-08-16 20:35:00,9585.61,74.82,TRADE
NSW1,2026-08-16 20:40:00,9512.29,73.09,TRADE
NSW1,2026-08-16 20:45:00,9566.76,74.05,TRADE
NSW1,2026-08-16 20:50:00,9435.9,73.55,TRADE
NSW1,2026-08-16 20:55:00,9382.43,73.53,TRADE
NSW1,2026-08-16 21:00:00,9319.36,68.55,TRADE
NSW1,2026-08-16 21:05:00,9268.08,71.77,TRADE
NSW1,2026-08-16 21:10:00,9247.5,72.75,TRADE
NSW1,2026-08-16 21:15:00,9211.28,72.4,TRADE
NSW1,2026-08-16 21:20:00,9139.66,68.21,TRADE
NSW1,2026-08-16 21:25:00,9117.07,69.99,TRADE
NSW1,2026-08-16 21:30:00,9061.88,68.18,TRADE
NSW1,2026-08-16 21:35:00,9010.01,69.99,TRADE
NSW1,2026-08-16 21:40:00,8975.77,69.99,TRADE
NSW1,2026-08-16 21:45:00,8917.68,68.67,TRADE
NSW1,2026-08-16 21:50:00,8829.64,69.6,TRADE
NSW1,2026-08-16 21:55:00,8790.09,69.18,TRADE
NSW1,2026-08-16 22:00:00,8725.74,70.09,TRADE
NSW1,2026-08-16 22:05:00,8558.57,68.78,TRADE
NSW1,2026-08-16 22:10:00,8680.92,71.17,TRADE
NSW1,2026-08-16 22:15:00,8725.18,71.4,TRADE
NSW1,2026-08-16 22:20:00,8623.19,70.71,TRADE
NSW1,2026-08-16 22:25:00,8627.18,71.19,TRADE
NSW1,2026-08-16 22:30:00,8502.75,64.95,TRADE
NSW1,2026-08-16 22:35:00,8532.88,50.97,TRADE
NSW1,2026-08-16 22:40:00,8507.72,59.07,TRADE
NSW1,2026-08-16 22:45:00,8474.08,65.03,TRADE
NSW1,2026-08-16 22:50:00,8389.67,64.95,TRADE
NSW1,2026-08-16 22:55:00,8276.54,58.09,TRADE
NSW1,2026-08-16 23:00:00,8297.35,59.45,TRADE
NSW1,2026-08-16 23:05:00,8289.57,64.95,TRADE
NSW1,2026-08-16 23:10:00,8241.19,64.95,TRADE
NSW1,2026-08-16 23:15:00,8165.28,73.81,TRADE
NSW1,2026-08-16 23:20:00,8083.09,57.15,TRADE
NSW1,2026-08-16 23:25:00,8072.49,58.73,TRADE
NSW1,2026-08-16 23:30:00,8045.37,59.64,TRADE
NSW1,2026-08-16 23:35:00,7996.21,55.16,TRADE
NSW1,2026-08-16 23:40:00,7986.94,57.87,TRADE
NSW1,2026-08-16 23:45:00,7868.2,57.96,TRADE
NSW1,2026-08-16 23:50:00,7861.4,55.84,TRADE
NSW1,2026-08-16 23:55:00,7828.41,66.53,TRADE
NSW1,2026-08-17 00:00:00,7775.42,56.54,TRADE
NSW1,2026-08-17 00:05:00,7764.17,57.39,TRADE
NSW1,2026-08-17 00:10:00,7874.7,69.72,TRADE
NSW1,2026-08-17 00:15:00,7852.08,59.28,TRADE
NSW1,2026-08-17 00:20:00,7870.8,63.34,TRADE
NSW1,2026-08-17 00:25:00,7879.3,60.47,TRADE
NSW1,2026-08-17 00:30:00,7851.86,60.48,TRADE
NSW1,2026-08-17 00:35:00,7824.24,60.88,TRADE
NSW1,2026-08-17 00:40:00,7780.59,61.69,TRADE
NSW1,2026-08-17 00:45:00,7799.56,57.39,TRADE
NSW1,2026-08-17 00:50:00,7768.98,57.39,TRADE
NSW1,2026-08-17 00:55:00,7731.69,57.39,TRADE
NSW1,2026-08-17 01:00:00,7682.25,56.53,TRADE
NSW1,2026-08-17 01:05:00,7622.99,56.07,TRADE
NSW1,2026-08-17 01:10:00,7573.82,57.39,TRADE
NSW1,2026-08-17 01:15:00,7519.89,55.6,TRADE
NSW1,2026-08-17 01:20:00,7528.46,56.11,TRADE
NSW1,2026-08-17 01:25:00,7407.33,53.6,TRADE
NSW1,2026-08-17 01:30:00,7419.64,54.1,TRADE
NSW1,2026-08-17 01:35:00,7342.31,55.44,TRADE
NSW1,2026-08-17 01:40:00,7395.6,55.93,TRADE
NSW1,2026-08-17 01:45:00,7281.08,53.69,TRADE
NSW1,2026-08-17 01:50:00,7286.32,49.98,TRADE
NSW1,2026-08-17 01:55:00,7278.43,54.63,TRADE
NSW1,2026-08-17 02:00:00,7239.97,50.66,TRADE
NSW1,2026-08-17 02:05:00,7230.14,59.72,TRADE
NSW1,2026-08-17 02:10:00,7199.83,57.81,TRADE
NSW1,2026-08-17 02:15:00,7200.95,50.59,TRADE
NSW1,2026-08-17 02:20:00,7112.59,52.8,TRADE
NSW1,2026-08-17 02:25:00,7082.3,51.63,TRADE
NSW1,2026-08-17 02:30:00,7079.38,52.17,TRADE
NSW1,2026-08-17 02:35:00,7033.52,54.55,TRADE
NSW1,2026-08-17 02:40:00,7010.49,52.07,TRADE
NSW1,2026-08-17 02:45:00,7011.25,52.52,TRADE
NSW1,2026-08-17 02:50:00,7008.7,52.95,TRADE
NSW1,2026-08-17 02:55:00,6987.05,52.41,TRADE
NSW1,2026-08-17 03:00:00,7010.78,52.89,TRADE
NSW1,2026-08-17 03:05:00,7021.95,62.63,TRADE
NSW1,2026-08-17 03:10:00,7003.32,57.39,TRADE
NSW1,2026-08-17 03:15:00,6979.08,57.39,TRADE
NSW1,2026-08-17 03:20:00,7030.33,57.39,TRADE
NSW1,2026-08-17 03:25:00,7016.02,57.39,TRADE
NSW1,2026-08-17 03:30:00,6976.71,57.39,TRADE
NSW1,2026-08-17 03:35:00,6968.99,52.89,TRADE
NSW1,2026-08-17 03:40:00,6982.72,52.89,TRADE
NSW1,2026-08-17 03:45:00,6946.49,54.68,TRADE
NSW1,2026-08-17 03:50:00,6991.58,54.2,TRADE
NSW1,2026-08-17 03:55:00,6970.51,48.75,TRADE
NSW1,2026-08-17 04:00:00,6948.16,53.31,TRADE
NSW1,2026-08-17 04:05:00,6928.33,53.02,TRADE
NSW1,2026-08-17 04:10:00,7032.83,54.08,TRADE
NSW1,2026-08-17 04:15:00,7046.33,52.49,TRADE
NSW1,2026-08-17 04:20:00,7075.37,45.54,TRADE
NSW1,2026-08-17 04:25:00,7095.51,45.23,TRADE
NSW1,2026-08-17 04:30:00,7084.21,43.67,TRADE
NSW1,2026-08-17 04:35:00,7111.43,43.05,TRADE
NSW1,2026-08-17 04:40:00,7191.22,43.05,TRADE
NSW1,2026-08-17 04:45:00,7201.59,43.05,TRADE
NSW1,2026-08-17 04:50:00,7174.78,43.05,TRADE
NSW1,2026-08-17 04:55:00,7237.83,43.05,TRADE
NSW1,2026-08-17 05:00:00,7249.41,51.05,TRADE
NSW1,2026-08-17 05:05:00,7265.63,42.82,TRADE
NSW1,2026-08-17 05:10:00,7431.69,45.24,TRADE
NSW1,2026-08-17 05:15:00,7514.89,43.92,TRADE
NSW1,2026-08-17 05:20:00,7568.98,43.05,TRADE
NSW1,2026-08-17 05:25:00,7667.87,48.88,TRADE
NSW1,2026-08-17 05:30:00,7662.92,43.05,TRADE
NSW1,2026-08-17 05:35:00,7731.28,42.8,TRADE
NSW1,2026-08-17 05:40:00,7816.27,44.94,TRADE
NSW1,2026-08-17 05:45:00,7841.83,45.07,TRADE
NSW1,2026-08-17 05:50:00,7909.99,48.82,TRADE
NSW1,2026-08-17 05:55:00,7964.08,50.4,TRADE
NSW1,2026-08-17 06:00:00,8078.88,51.27,TRADE
NSW1,2026-08-17 06:05:00,8211.13,50.24,TRADE
NSW1,2026-08-17 06:10:00,8275.29,57.33,TRADE
NSW1,2026-08-17 06:15:00,8407.06,58.05,TRADE
NSW1,2026-08-17 06:20:00,8582.33,56.9,TRADE
NSW1,2026-08-17 06:25:00,8701.05,57.92,TRADE
NSW1,2026-08-17 06:30:00,8752.76,64.95,TRADE
NSW1,2026-08-17 06:35:00,8822.93,62.25,TRADE
NSW1,2026-08-17 06:40:00,8897.24,62.73,TRADE
NSW1,2026-08-17 06:45:00,9039.69,66.62,TRADE
NSW1,2026-08-17 06:50:00,9175.46,64.89,TRADE
NSW1,2026-08-17 06:55:00,9208.63,64.95,TRADE
NSW1,2026-08-17 07:00:00,9267.07,64.89,TRADE
NSW1,2026-08-17 07:05:00,9319.29,57.39,TRADE
NSW1,2026-08-17 07:10:00,9344.99,61.25,TRADE
NSW1,2026-08-17 07:15:00,9474.62,61.98,TRADE
NSW1,2026-08-17 07:20:00,9558.29,62.53,TRADE
NSW1,2026-08-17 07:25:00,9606.74,60.97,TRADE
NSW1,2026-08-17 07:30:00,9601.07,64.89,TRADE
NSW1,2026-08-17 07:35:00,9490.78,61.8,TRADE
NSW1,2026-08-17 07:40:00,9588.54,59.68,TRADE
NSW1,2026-08-17 07:45:00,9515.25,58.63,TRADE
NSW1,2026-08-17 07:50:00,9523.99,56.56,TRADE
NSW1,2026-08-17 07:55:00,9490.9,42.57,TRADE
NSW1,2026-08-17 08:00:00,9463.88,38.68,TRADE
NSW1,2026-08-17 08:05:00,9397.79,28.01,TRADE
NSW1,2026-08-17 08:10:00,9406.09,46.87,TRADE
NSW1,2026-08-17 08:15:00,9333.85,42.08,TRADE
NSW1,2026-08-17 08:20:00,9293.1,23.95,TRADE
NSW1,2026-08-17 08:25:00,9303.05,27.87,TRADE
NSW1,2026-08-17 08:30:00,9277.86,36.52,TRADE
NSW1,2026-08-17 08:35:00,9227.2,42.8,TRADE
NSW1,2026-08-17 08:40:00,9143.24,52.21,TRADE
NSW1,2026-08-17 08:45:00,9046.12,11.05,TRADE
NSW1,2026-08-17 08:50:00,9119.95,23.95,TRADE
NSW1,2026-08-17 08:55:00,8987.78,48.06,TRADE
NSW1,2026-08-17 09:00:00,8791.67,41.79,TRADE
NSW1,2026-08-17 09:05:00,8674.02,23.95,TRADE
NSW1,2026-08-17 09:10:00,8915.05,23.95,TRADE
NSW1,2026-08-17 09:15:00,8868.39,50.18,TRADE
NSW1,2026-08-17 09:20:00,8714.94,52.21,TRADE
NSW1,2026-08-17 09:25:00,8629.78,23.95,TRADE
NSW1,2026-08-17 09:30:00,8762.99,23.95,TRADE
NSW1,2026-08-17 09:35:00,8748.71,42.82,TRADE
NSW1,2026-08-17 09:40:00,8735.57,42.82,TRADE
NSW1,2026-08-17 09:45:00,8637.73,23.95,TRADE
NSW1,2026-08-17 09:50:00,8571.29,23.95,TRADE
NSW1,2026-08-17 09:55:00,8565.4,40.25,TRADE
NSW1,2026-08-17 10:00:00,8466.81,43.65,TRADE
NSW1,2026-08-17 10:05:00,8421.21,42.8,TRADE
NSW1,2026-08-17 10:10:00,8513.31,42.8,TRADE
NSW1,2026-08-17 10:15:00,8392.59,41.7,TRADE
NSW1,2026-08-17 10:20:00,8416.94,27.85,TRADE
NSW1,2026-08-17 10:25:00,8399.46,31.16,TRADE
NSW1,2026-08-17 10:30:00,8334.73,42.8,TRADE
NSW1,2026-08-17 10:35:00,8224.4,42.82,TRADE
NSW1,2026-08-17 10:40:00,8151.38,27.82,TRADE
NSW1,2026-08-17 10:45:00,8246.68,42.82,TRADE
NSW1,2026-08-17 10:50:00,8220.91,23.95,TRADE
NSW1,2026-08-17 10:55:00,8233.24,42.82,TRADE
NSW1,2026-08-17 11:00:00,8225.87,42.8,TRADE
NSW1,2026-08-17 11:05:00,8084.6,24.94,TRADE
NSW1,2026-08-17 11:10:00,8456.13,52.21,TRADE
NSW1,2026-08-17 11:15:00,8383.57,69.99,TRADE
NSW1,2026-08-17 11:20:00,8327.61,42.82,TRADE
NSW1,2026-08-17 11:25:00,8409.36,65.86,TRADE
NSW1,2026-08-17 11:30:00,8242.6,27.83,TRADE
NSW1,2026-08-17 11:35:00,8430.92,80.0,TRADE
NSW1,2026-08-17 11:40:00,8309.82,52.21,TRADE
NSW1,2026-08-17 11:45:00,8273.38,69.99,TRADE
NSW1,2026-08-17 11:50:00,8212.55,27.88,TRADE
NSW1,2026-08-17 11:55:00,8354.35,69.99,TRADE
NSW1,2026-08-17 12:00:00,8228.11,73.15,TRADE
NSW1,2026-08-17 12:05:00,8208.55,69.69,TRADE
NSW1,2026-08-17 12:10:00,8296.23,73.15,TRADE
NSW1,2026-08-17 12:15:00,8217.96,33.41,TRADE
NSW1,2026-08-17 12:20:00,8173.78,31.91,TRADE
NSW1,2026-08-17 12:25:00,8133.14,64.18,TRADE
NSW1,2026-08-17 12:30:00,8114.55,65.02,TRADE
NSW1,2026-08-17 12:35:00,8064.83,42.54,TRADE
NSW1,2026-08-17 12:40:00,8009.29,23.95,TRADE
NSW1,2026-08-17 12:45:00,8152.43,32.65,TRADE
NSW1,2026-08-17 12:50:00,8227.36,28.95,TRADE
NSW1,2026-08-17 12:55:00,8190.83,32.93,TRADE
NSW1,2026-08-17 13:00:00,8201.22,33.1,TRADE
NSW1,2026-08-17 13:05:00,8195.78,42.54,TRADE
NSW1,2026-08-17 13:10:00,8118.03,67.11,TRADE
NSW1,2026-08-17 13:15:00,8161.33,67.59,TRADE
NSW1,2026-08-17 13:20:00,8037.16,45.68,TRADE
NSW1,2026-08-17 13:25:00,7996.66,34.04,TRADE
NSW1,2026-08-17 13:30:00,8140.91,42.54,TRADE
NSW1,2026-08-17 13:35:00,8076.46,48.81,TRADE
NSW1,2026-08-17 13:40:00,8138.44,45.24,TRADE
NSW1,2026-08-17 13:45:00,8139.18,44.84,TRADE
NSW1,2026-08-17 13:50:00,8109.45,43.14,TRADE
NSW1,2026-08-17 13:55:00,8057.53,42.08,TRADE
NSW1,2026-08-17 14:00:00,8065.46,32.69,TRADE
NSW1,2026-08-17 14:05:00,8141.38,27.88,TRADE
NSW1,2026-08-17 14:10:00,7996.86,27.88,TRADE
NSW1,2026-08-17 14:15:00,8010.23,32.45,TRADE
NSW1,2026-08-17 14:20:00,7920.52,42.8,TRADE
NSW1,2026-08-17 14:25:00,7781.61,49.84,TRADE
NSW1,2026-08-17 14:30:00,7846.53,34.81,TRADE
NSW1,2026-08-17 14:35:00,7963.25,46.1,TRADE
NSW1,2026-08-17 14:40:00,8019.98,46.76,TRADE
NSW1,2026-08-17 14:45:00,8035.91,50.14,TRADE
NSW1,2026-08-17 14:50:00,8058.98,49.04,TRADE
NSW1,2026-08-17 14:55:00,8180.55,52.21,TRADE
NSW1,2026-08-17 15:00:00,8180.17,30.46,TRADE
NSW1,2026-08-17 15:05:00,8294.8,41.74,TRADE
NSW1,2026-08-17 15:10:00,8242.41,19.16,TRADE
NSW1,2026-08-17 15:15:00,8266.13,8.21,TRADE
NSW1,2026-08-17 15:20:00,8284.3,27.84,TRADE
NSW1,2026-08-17 15:25:00,8279.67,80.0,TRADE
NSW1,2026-08-17 15:30:00,8272.4,78.36,TRADE
NSW1,2026-08-17 15:35:00,8293.57,42.82,TRADE
NSW1,2026-08-17 15:40:00,8354.89,52.3,TRADE
NSW1,2026-08-17 15:45:00,8429.8,44.61,TRADE
NSW1,2026-08-17 15:50:00,8589.16,28.95,TRADE
NSW1,2026-08-17 15:55:00,8703.85,68.02,TRADE
NSW1,2026-08-17 16:00:00,8768.32,75.02,TRADE
NSW1,2026-08-17 16:05:00,8774.65,49.1,TRADE
NSW1,2026-08-17 16:10:00,8899.64,45.64,TRADE
NSW1,2026-08-17 16:15:00,9085.9,58.79,TRADE
NSW1,2026-08-17 16:20:00,9195.35,69.55,TRADE
NSW1,2026-08-17 16:25:00,9233.36,73.37,TRADE
NSW1,2026-08-17 16:30:00,9436.92,86.99,TRADE
NSW1,2026-08-17 16:35:00,9358.26,72.36,TRADE
NSW1,2026-08-17 16:40:00,9558.44,71.4,TRADE
NSW1,2026-08-17 16:45:00,9627.84,85.46,TRADE
NSW1,2026-08-17 16:50:00,9692.27,87.56,TRADE
NSW1,2026-08-17 16:55:00,9804.78,81.01,TRADE
NSW1,2026-08-17 17:00:00,9942.51,86.11,TRADE
NSW1,2026-08-17 17:05:00,9987.84,78.51,TRADE
NSW1,2026-08-17 17:10:00,10128.39,80.63,TRADE
NSW1,2026-08-17 17:15:00,10025.07,81.01,TRADE
NSW1,2026-08-17 17:20:00,10208.67,82.02,TRADE
NSW1,2026-08-17 17:25:00,10362.24,86.74,TRADE
NSW1,2026-08-17 17:30:00,10480.98,90.48,TRADE
NSW1,2026-08-17 17:35:00,10467.36,83.82,TRADE
NSW1,2026-08-17 17:40:00,10610.61,82.8,TRADE
NSW1,2026-08-17 17:45:00,10768.04,84.79,TRADE
NSW1,2026-08-17 17:50:00,10769.0,87.85,TRADE
NSW1,2026-08-17 17:55:00,10848.62,86.56,TRADE
NSW1,2026-08-17 18:00:00,10832.28,87.85,TRADE
NSW1,2026-08-17 18:05:00,10853.71,85.81,TRADE
NSW1,2026-08-17 18:10:00,10885.18,85.99,TRADE
NSW1,2026-08-17 18:15:00,10869.98,75.97,TRADE
NSW1,2026-08-17 18:20:00,10908.66,77.97,TRADE
NSW1,2026-08-17 18:25:00,10952.05,88.27,TRADE
NSW1,2026-08-17 18:30:00,10893.01,87.84,TRADE
NSW1,2026-08-17 18:35:00,10878.83,76.53,TRADE
NSW1,2026-08-17 18:40:00,10870.87,77.05,TRADE
NSW1,2026-08-17 18:45:00,10792.46,90.04,TRADE
NSW1,2026-08-17 18:50:00,10758.13,86.3,TRADE
NSW1,2026-08-17 18:55:00,10805.02,79.73,TRADE
NSW1,2026-08-17 19:00:00,10818.57,81.01,TRADE
NSW1,2026-08-17 19:05:00,10840.98,86.76,TRADE
NSW1,2026-08-17 19:10:00,10688.15,83.72,TRADE
NSW1,2026-08-17 19:15:00,10719.46,76.77,TRADE
NSW1,2026-08-17 19:20:00,10711.49,87.85,TRADE
NSW1,2026-08-17 19:25:00,10613.57,87.85,TRADE
NSW1,2026-08-17 19:30:00,10576.16,87.21,TRADE
NSW1,2026-08-17 19:35:00,10601.17,78.09,TRADE
NSW1,2026-08-17 19:40:00,10547.91,84.14,TRADE
NSW1,2026-08-17 19:45:00,10488.12,83.9,TRADE
NSW1,2026-08-17 19:50:00,10485.24,80.4,TRADE
NSW1,2026-08-17 19:55:00,10541.56,81.34,TRADE
NSW1,2026-08-17 20:00:00,10426.32,80.0,TRADE
NSW1,2026-08-17 20:05:00,10406.6,88.34,TRADE
NSW1,2026-08-17 20:10:00,10390.83,89.74,TRADE
NSW1,2026-08-17 20:15:00,10304.45,86.34,TRADE
NSW1,2026-08-17 20:20:00,10312.41,87.85,TRADE
NSW1,2026-08-17 20:25:00,10281.98,87.85,TRADE
NSW1,2026-08-17 20:30:00,10164.41,84.79,TRADE
NSW1,2026-08-17 20:35:00,10138.72,84.79,TRADE
NSW1,2026-08-17 20:40:00,10157.28,86.25,TRADE
NSW1,2026-08-17 20:45:00,10035.05,79.52,TRADE
NSW1,2026-08-17 20:50:00,10041.3,87.85,TRADE
NSW1,2026-08-17 20:55:00,9964.83,80.1,TRADE
NSW1,2026-08-17 21:00:00,9903.12,85.33,TRADE
NSW1,2026-08-17 21:05:00,9871.98,84.79,TRADE
NSW1,2026-08-17 21:10:00,9802.99,82.17,TRADE
NSW1,2026-08-17 21:15:00,9782.8,81.68,TRADE
NSW1,2026-08-17 21:20:00,9718.82,79.61,TRADE
NSW1,2026-08-17 21:25:00,9631.06,80.0,TRADE
NSW1,2026-08-17 21:30:00,9601.73,74.47,TRADE
NSW1,2026-08-17 21:35:00,9576.9,78.74,TRADE
NSW1,2026-08-17 21:40:00,9528.54,73.99,TRADE
NSW1,2026-08-17 21:45:00,9401.41,67.88,TRADE
NSW1,2026-08-17 21:50:00,9377.7,68.44,TRADE
NSW1,2026-08-17 21:55:00,9261.64,68.45,TRADE
NSW1,2026-08-17 22:00:00,9241.33,65.78,TRADE
NSW1,2026-08-17 22:05:00,9112.0,64.95,TRADE
NSW1,2026-08-17 22:10:00,9165.34,71.3,TRADE
NSW1,2026-08-17 22:15:00,9112.03,66.42,TRADE
NSW1,2026-08-17 22:20:00,9189.87,67.34,TRADE
NSW1,2026-08-17 22:25:00,9093.67,64.25,TRADE
NSW1,2026-08-17 22:30:00,9030.39,60.8,TRADE
NSW1,2026-08-17 22:35:00,8893.52,60.47,TRADE
NSW1,2026-08-17 22:40:00,8886.98,60.33,TRADE
NSW1,2026-08-17 22:45:00,8855.0,60.16,TRADE
NSW1,2026-08-17 22:50:00,8744.62,58.53,TRADE
NSW1,2026-08-17 22:55:00,8747.97,58.9,TRADE
NSW1,2026-08-17 23:00:00,8732.77,58.71,TRADE
NSW1,2026-08-17 23:05:00,8597.96,62.2,TRADE
NSW1,2026-08-17 23:10:00,8552.27,64.95,TRADE
NSW1,2026-08-17 23:15:00,8529.91,64.95,TRADE
NSW1,2026-08-17 23:20:00,8444.86,57.8,TRADE
NSW1,2026-08-17 23:25:00,8441.85,57.12,TRADE
NSW1,2026-08-17 23:30:00,8376.02,56.79,TRADE
NSW1,2026-08-17 23:35:00,8342.65,58.47,TRADE
NSW1,2026-08-17 23:40:00,8334.08,64.89,TRADE
NSW1,2026-08-17 23:45:00,8287.89,67.18,TRADE
NSW1,2026-08-17 23:50:00,8279.4,61.8,TRADE
NSW1,2026-08-17 23:55:00,8183.64,58.31,TRADE
NSW1,2026-08-18 00:00:00,8217.95,57.39,TRADE
NSW1,2026-08-18 00:05:00,8171.69,57.39,TRADE
NSW1,2026-08-18 00:10:00,8384.65,66.52,TRADE
NSW1,2026-08-18 00:15:00,8454.19,64.95,TRADE
NSW1,2026-08-18 00:20:00,8450.09,64.89,TRADE
NSW1,2026-08-18 00:25:00,8349.52,61.59,TRADE
NSW1,2026-08-18 00:30:00,8343.12,61.11,TRADE
NSW1,2026-08-18 00:35:00,8264.27,63.62,TRADE
NSW1,2026-08-18 00:40:00,8271.81,61.95,TRADE
NSW1,2026-08-18 00:45:00,8252.6,64.27,TRADE
NSW1,2026-08-18 00:50:00,8148.05,57.39,TRADE
NSW1,2026-08-18 00:55:00,8112.94,43.05,TRADE
NSW1,2026-08-18 01:00:00,8098.32,43.05,TRADE
NSW1,2026-08-18 01:05:00,8020.61,61.02,TRADE
NSW1,2026-08-18 01:10:00,7998.96,69.99,TRADE
NSW1,2026-08-18 01:15:00,7924.76,64.89,TRADE
NSW1,2026-08-18 01:20:00,7922.76,61.02,TRADE
NSW1,2026-08-18 01:25:00,7852.65,43.05,TRADE
NSW1,2026-08-18 01:30:00,7796.94,61.02,TRADE
NSW1,2026-08-18 01:35:00,7742.71,73.15,TRADE
NSW1,2026-08-18 01:40:00,7655.74,69.99,TRADE
NSW1,2026-08-18 01:45:00,7583.45,43.05,TRADE
NSW1,2026-08-18 01:50:00,7667.05,46.07,TRADE
NSW1,2026-08-18 01:55:00,7609.02,69.8,TRADE
NSW1,2026-08-18 02:00:00,7580.88,64.89,TRADE
NSW1,2026-08-18 02:05:00,7561.64,63.17,TRADE
NSW1,2026-08-18 02:10:00,7496.7,63.17,TRADE
NSW1,2026-08-18 02:15:00,7502.27,66.52,TRADE
NSW1,2026-08-18 02:20:00,7484.27,64.89,TRADE
NSW1,2026-08-18 02:25:00,7468.84,69.99,TRADE
NSW1,2026-08-18 02:30:00,7454.89,66.52,TRADE
NSW1,2026-08-18 02:35:00,7411.82,64.59,TRADE
NSW1,2026-08-18 02:40:00,7335.0,62.88,TRADE
NSW1,2026-08-18 02:45:00,7377.28,64.18,TRADE
NSW1,2026-08-18 02:50:00,7326.32,62.88,TRADE
NSW1,2026-08-18 02:55:00,7293.44,61.02,TRADE
NSW1,2026-08-18 03:00:00,7198.24,61.73,TRADE
NSW1,2026-08-18 03:05:00,7266.61,63.43,TRADE
NSW1,2026-08-18 03:10:00,7236.0,62.56,TRADE
NSW1,2026-08-18 03:15:00,7238.95,63.43,TRADE
NSW1,2026-08-18 03:20:00,7255.6,64.89,TRADE
NSW1,2026-08-18 03:25:00,7210.87,62.59,TRADE
NSW1,2026-08-18 03:30:00,7141.02,61.02,TRADE
NSW1,2026-08-18 03:35:00,7174.74,61.31,TRADE
NSW1,2026-08-18 03:40:00,7226.79,66.52,TRADE
NSW1,2026-08-18 03:45:00,7231.79,64.89,TRADE
NSW1,2026-08-18 03:50:00,7161.55,61.02,TRADE
NSW1,2026-08-18 03:55:00,7158.17,61.02,TRADE
NSW1,2026-08-18 04:00:00,7175.56,45.44,TRADE
NSW1,2026-08-18 04:05:00,7213.96,61.3,TRADE
NSW1,2026-08-18 04:10:00,7245.53,65.51,TRADE
NSW1,2026-08-18 04:15:00,7197.43,69.54,TRADE
NSW1,2026-08-18 04:20:00,7224.47,61.02,TRADE
NSW1,2026-08-18 04:25:00,7313.0,61.24,TRADE
NSW1,2026-08-18 04:30:00,7279.95,60.4,TRADE
NSW1,2026-08-18 04:35:00,7307.83,49.55,TRADE
NSW1,2026-08-18 04:40:00,7391.67,61.11,TRADE
NSW1,2026-08-18 04:45:00,7388.16,65.51,TRADE
NSW1,2026-08-18 04:50:00,7447.48,64.89,TRADE
NSW1,2026-08-18 04:55:00,7468.46,65.51,TRADE
NSW1,2026-08-18 05:00:00,7500.97,67.75,TRADE
NSW1,2026-08-18 05:05:00,7530.93,43.05,TRADE
NSW1,2026-08-18 05:10:00,7698.22,65.51,TRADE
NSW1,2026-08-18 05:15:00,7689.06,66.52,TRADE
NSW1,2026-08-18 05:20:00,7804.66,66.35,TRADE
NSW1,2026-08-18 05:25:00,7849.55,65.39,TRADE
NSW1,2026-08-18 05:30:00,7896.51,65.51,TRADE
NSW1,2026-08-18 05:35:00,7944.22,64.95,TRADE
NSW1,2026-08-18 05:40:00,8056.72,65.51,TRADE
NSW1,2026-08-18 05:45:00,8120.65,66.0,TRADE
NSW1,2026-08-18 05:50:00,8189.29,69.99,TRADE
NSW1,2026-08-18 05:55:00,8276.23,73.45,TRADE
NSW1,2026-08-18 06:00:00,8192.49,71.97,TRADE
NSW1,2026-08-18 06:05:00,8354.06,65.15,TRADE
NSW1,2026-08-18 06:10:00,8597.73,68.25,TRADE
NSW1,2026-08-18 06:15:00,8797.74,69.99,TRADE
NSW1,2026-08-18 06:20:00,8903.99,70.35,TRADE
NSW1,2026-08-18 06:25:00,8957.51,70.31,TRADE
NSW1,2026-08-18 06:30:00,9090.65,72.65,TRADE
NSW1,2026-08-18 06:35:00,9189.65,69.99,TRADE
NSW1,2026-08-18 06:40:00,9324.83,70.22,TRADE
NSW1,2026-08-18 06:45:00,9447.23,70.63,TRADE
NSW1,2026-08-18 06:50:00,9585.25,71.53,TRADE
NSW1,2026-08-18 06:55:00,9608.11,71.4,TRADE
NSW1,2026-08-18 07:00:00,9634.96,64.95,TRADE
NSW1,2026-08-18 07:05:00,9635.06,64.95,TRADE
NSW1,2026-08-18 07:10:00,9653.48,64.89,TRADE
NSW1,2026-08-18 07:15:00,9754.6,65.51,TRADE
NSW1,2026-08-18 07:20:00,9742.0,64.95,TRADE
NSW1,2026-08-18 07:25:00,9773.47,64.05,TRADE
NSW1,2026-08-18 07:30:00,9626.57,59.06,TRADE
NSW1,2026-08-18 07:35:00,9659.75,64.95,TRADE
NSW1,2026-08-18 07:40:00,9486.64,64.05,TRADE
NSW1,2026-08-18 07:45:00,9483.23,49.31,TRADE
NSW1,2026-08-18 07:50:00,9467.92,42.54,TRADE
NSW1,2026-08-18 07:55:00,9405.88,29.81,TRADE
NSW1,2026-08-18 08:00:00,9284.51,25.12,TRADE
NSW1,2026-08-18 08:05:00,9449.91,30.21,TRADE
NSW1,2026-08-18 08:10:00,9369.77,30.03,TRADE
NSW1,2026-08-18 08:15:00,9174.26,25.12,TRADE
NSW1,2026-08-18 08:20:00,9252.2,25.12,TRADE
NSW1,2026-08-18 08:25:00,9120.71,25.12,TRADE
NSW1,2026-08-18 08:30:00,9054.02,18.75,TRADE
NSW1,2026-08-18 08:35:00,8907.62,15.57,TRADE
NSW1,2026-08-18 08:40:00,8983.67,24.96,TRADE
NSW1,2026-08-18 08:45:00,8859.45,25.1,TRADE
NSW1,2026-08-18 08:50:00,8784.25,16.56,TRADE
NSW1,2026-08-18 08:55:00,8872.63,14.03,TRADE
NSW1,2026-08-18 09:00:00,8802.16,13.3,TRADE
NSW1,2026-08-18 09:05:00,8647.84,13.3,TRADE
NSW1,2026-08-18 09:10:00,8697.92,24.96,TRADE
NSW1,2026-08-18 09:15:00,8607.49,23.99,TRADE
NSW1,2026-08-18 09:20:00,8498.05,13.3,TRADE
NSW1,2026-08-18 09:25:00,8459.41,23.99,TRADE
NSW1,2026-08-18 09:30:00,8335.86,13.3,TRADE
NSW1,2026-08-18 09:35:00,8294.15,14.83,TRADE
NSW1,2026-08-18 09:40:00,8353.61,25.1,TRADE
NSW1,2026-08-18 09:45:00,8206.76,12.64,TRADE
NSW1,2026-08-18 09:50:00,8299.61,6.06,TRADE
NSW1,2026-08-18 09:55:00,8224.98,7.83,TRADE
NSW1,2026-08-18 10:00:00,8096.37,13.3,TRADE
NSW1,2026-08-18 10:05:00,7956.62,43.05,TRADE
NSW1,2026-08-18 10:10:00,7853.19,56.51,TRADE
NSW1,2026-08-18 10:15:00,7700.59,42.54,TRADE
NSW1,2026-08-18 10:20:00,7739.78,43.05,TRADE
NSW1,2026-08-18 10:25:00,7648.55,25.12,TRADE
NSW1,2026-08-18 10:30:00,7718.89,25.12,TRADE
NSW1,2026-08-18 10:35:00,7599.12,23.99,TRADE
NSW1,2026-08-18 10:40:00,7573.34,0.82,TRADE
NSW1,2026-08-18 10:45:00,7570.56,43.05,TRADE
NSW1,2026-08-18 10:50:00,7458.59,42.54,TRADE
NSW1,2026-08-18 10:55:00,7431.66,42.54,TRADE
NSW1,2026-08-18 11:00:00,7398.64,7.26,TRADE
NSW1,2026-08-18 11:05:00,7532.49,50.83,TRADE
NSW1,2026-08-18 11:10:00,7620.42,43.05,TRADE
NSW1,2026-08-18 11:15:00,7624.91,73.15,TRADE
NSW1,2026-08-18 11:20:00,7585.35,68.02,TRADE
NSW1,2026-08-18 11:25:00,7582.87,43.05,TRADE
NSW1,2026-08-18 11:30:00,7641.15,54.54,TRADE
NSW1,2026-08-18 11:35:00,7606.99,73.15,TRADE
NSW1,2026-08-18 11:40:00,7569.4,66.53,TRADE
NSW1,2026-08-18 11:45:00,7430.67,43.05,TRADE
NSW1,2026-08-18 11:50:00,7537.85,43.05,TRADE
NSW1,2026-08-18 11:55:00,7454.89,66.53,TRADE
NSW1,2026-08-18 12:00:00,7456.66,64.89,TRADE
NSW1,2026-08-18 12:05:00,7634.04,99.01,TRADE
NSW1,2026-08-18 12:10:00,7608.92,69.99,TRADE
NSW1,2026-08-18 12:15:00,7683.79,64.89,TRADE
NSW1,2026-08-18 12:20:00,7599.81,64.95,TRADE
NSW1,2026-08-18 12:25:00,7511.84,42.54,TRADE
NSW1,2026-08-18 12:30:00,7286.69,42.54,TRADE
NSW1,2026-08-18 12:35:00,7322.77,64.95,TRADE
NSW1,2026-08-18 12:40:00,7475.49,69.99,TRADE
NSW1,2026-08-18 12:45:00,7536.98,73.15,TRADE
NSW1,2026-08-18 12:50:00,7542.67,73.15,TRADE
NSW1,2026-08-18 12:55:00,7424.05,73.15,TRADE
NSW1,2026-08-18 13:00:00,7432.38,73.15,TRADE
NSW1,2026-08-18 13:05:00,7368.68,42.54,TRADE
NSW1,2026-08-18 13:10:00,7438.43,66.53,TRADE
NSW1,2026-08-18 13:15:00,7352.23,28.48,TRADE
NSW1,2026-08-18 13:20:00,7468.56,66.53,TRADE
NSW1,2026-08-18 13:25:00,7238.06,42.54,TRADE
NSW1,2026-08-18 13:30:00,7223.78,27.87,TRADE
NSW1,2026-08-18 13:35:00,7268.24,14.81,TRADE
NSW1,2026-08-18 13:40:00,7338.76,28.95,TRADE
NSW1,2026-08-18 13:45:00,7336.92,28.95,TRADE
NSW1,2026-08-18 13:50:00,7229.92,23.99,TRADE
NSW1,2026-08-18 13:55:00,7292.32,34.55,TRADE
NSW1,2026-08-18 14:00:00,7195.7,26.25,TRADE
NSW1,2026-08-18 14:05:00,7235.58,12.69,TRADE
NSW1,2026-08-18 14:10:00,7179.15,22.43,TRADE
NSW1,2026-08-18 14:15:00,7185.41,27.87,TRADE
NSW1,2026-08-18 14:20:00,7187.74,28.95,TRADE
NSW1,2026-08-18 14:25:00,7262.78,3.03,TRADE
NSW1,2026-08-18 14:30:00,7349.06,-0.12,TRADE
NSW1,2026-08-18 14:35:00,7413.46,0.74,TRADE
NSW1,2026-08-18 14:40:00,7343.27,43.21,TRADE
NSW1,2026-08-18 14:45:00,7283.49,27.95,TRADE
NSW1,2026-08-18 14:50:00,7367.49,27.75,TRADE
NSW1,2026-08-18 14:55:00,7330.28,41.19,TRADE
NSW1,2026-08-18 15:00:00,7220.61,26.16,TRADE
NSW1,2026-08-18 15:05:00,7296.89,46.54,TRADE
NSW1,2026-08-18 15:10:00,7406.78,-0.11,TRADE
NSW1,2026-08-18 15:15:00,7439.87,-1.38,TRADE
NSW1,2026-08-18 15:20:00,7552.22,0.0,TRADE
NSW1,2026-08-18 15:25:00,7621.57,1.2,TRADE
NSW1,2026-08-18 15:30:00,7699.68,27.88,TRADE
NSW1,2026-08-18 15:35:00,7748.37,23.99,TRADE
NSW1,2026-08-18 15:40:00,7770.66,23.99,TRADE
NSW1,2026-08-18 15:45:00,7907.84,24.84,TRADE
NSW1,2026-08-18 15:50:00,8011.07,0.0,TRADE
NSW1,2026-08-18 15:55:00,8176.68,24.96,TRADE
NSW1,2026-08-18 16:00:00,8120.53,23.99,TRADE
NSW1,2026-08-18 16:05:00,8156.34,37.87,TRADE
NSW1,2026-08-18 16:10:00,8312.23,23.99,TRADE
NSW1,2026-08-18 16:15:00,8356.94,23.99,TRADE
NSW1,2026-08-18 16:20:00,8457.4,68.67,TRADE
NSW1,2026-08-18 16:25:00,8583.63,79.69,TRADE
NSW1,2026-08-18 16:30:00,8562.81,79.08,TRADE
NSW1,2026-08-18 16:35:00,8650.7,69.8,TRADE
NSW1,2026-08-18 16:40:00,8867.28,69.84,TRADE
NSW1,2026-08-18 16:45:00,8923.55,75.46,TRADE
NSW1,2026-08-18 16:50:00,9107.98,71.5,TRADE
NSW1,2026-08-18 16:55:00,9096.89,75.31,TRADE
NSW1,2026-08-18 17:00:00,9237.48,75.68,TRADE
NSW1,2026-08-18 17:05:00,9361.87,69.91,TRADE
NSW1,2026-08-18 17:10:00,9457.67,69.51,TRADE
NSW1,2026-08-18 17:15:00,9470.19,82.47,TRADE
NSW1,2026-08-18 17:20:00,9592.78,73.79,TRADE
NSW1,2026-08-18 17:25:00,9770.16,75.91,TRADE
NSW1,2026-08-18 17:30:00,9937.62,87.85,TRADE
NSW1,2026-08-18 17:35:00,9949.16,82.86,TRADE
NSW1,2026-08-18 17:40:00,10026.28,81.01,TRADE
NSW1,2026-08-18 17:45:00,10107.57,65.5,TRADE
NSW1,2026-08-18 17:50:00,10370.18,69.69,TRADE
NSW1,2026-08-18 17:55:00,10407.41,84.12,TRADE
NSW1,2026-08-18 18:00:00,10393.68,82.68,TRADE
NSW1,2026-08-18 18:05:00,10421.82,71.16,TRADE
NSW1,2026-08-18 18:10:00,10409.89,67.69,TRADE
NSW1,2026-08-18 18:15:00,10493.48,73.47,TRADE
NSW1,2026-08-18 18:20:00,10466.84,66.4,TRADE
NSW1,2026-08-18 18:25:00,10433.68,65.79,TRADE
NSW1,2026-08-18 18:30:00,10445.21,66.81,TRADE
NSW1,2026-08-18 18:35:00,10494.95,67.28,TRADE
NSW1,2026-08-18 18:40:00,10407.09,65.51,TRADE
NSW1,2026-08-18 18:45:00,10430.11,65.51,TRADE
NSW1,2026-08-18 18:50:00,10482.21,67.74,TRADE
NSW1,2026-08-18 18:55:00,10373.91,66.89,TRADE
NSW1,2026-08-18 19:00:00,10441.65,65.51,TRADE
NSW1,2026-08-18 19:05:00,10440.64,66.03,TRADE
NSW1,2026-08-18 19:10:00,10343.89,65.51,TRADE
NSW1,2026-08-18 19:15:00,10354.27,69.33,TRADE
NSW1,2026-08-18 19:20:00,10321.21,67.72,TRADE
NSW1,2026-08-18 19:25:00,10219.45,65.51,TRADE
NSW1,2026-08-18 19:30:00,10272.05,71.4,TRADE
NSW1,2026-08-18 19:35:00,10219.58,69.69,TRADE
NSW1,2026-08-18 19:40:00,10142.65,65.51,TRADE
NSW1,2026-08-18 19:45:00,10037.02,65.5,TRADE
NSW1,2026-08-18 19:50:00,10128.11,65.81,TRADE
NSW1,2026-08-18 19:55:00,10076.49,65.51,TRADE
NSW1,2026-08-18 20:00:00,10096.93,69.69,TRADE
NSW1,2026-08-18 20:05:00,9968.82,71.4,TRADE
NSW1,2026-08-18 20:10:00,9979.05,71.4,TRADE
NSW1,2026-08-18 20:15:00,9959.73,71.4,TRADE
NSW1,2026-08-18 20:20:00,9978.62,84.79,TRADE
NSW1,2026-08-18 20:25:00,9883.01,82.61,TRADE
NSW1,2026-08-18 20:30:00,9747.31,65.51,TRADE
NSW1,2026-08-18 20:35:00,9821.14,71.4,TRADE
NSW1,2026-08-18 20:40:00,9831.95,71.4,TRADE
NSW1,2026-08-18 20:45:00,9792.84,71.4,TRADE
NSW1,2026-08-18 20:50:00,9692.28,71.4,TRADE
NSW1,2026-08-18 20:55:00,9729.97,68.61,TRADE
NSW1,2026-08-18 21:00:00,9676.49,66.84,TRADE
NSW1,2026-08-18 21:05:00,9632.83,73.74,TRADE
NSW1,2026-08-18 21:10:00,9576.32,74.19,TRADE
NSW1,2026-08-18 21:15:00,9464.49,73.25,TRADE
NSW1,2026-08-18 21:20:00,9441.04,73.27,TRADE
NSW1,2026-08-18 21:25:00,9445.5,72.8,TRADE
NSW1,2026-08-18 21:30:00,9411.59,72.79,TRADE
NSW1,2026-08-18 21:35:00,9275.57,69.99,TRADE
NSW1,2026-08-18 21:40:00,9258.52,87.85,TRADE
NSW1,2026-08-18 21:45:00,9147.33,84.79,TRADE
NSW1,2026-08-18 21:50:00,9095.69,68.37,TRADE
NSW1,2026-08-18 21:55:00,9103.84,67.72,TRADE
NSW1,2026-08-18 22:00:00,9022.45,65.63,TRADE
NSW1,2026-08-18 22:05:00,8963.47,72.14,TRADE
NSW1,2026-08-18 22:10:00,9048.65,72.62,TRADE
NSW1,2026-08-18 22:15:00,8932.02,66.52,TRADE
NSW1,2026-08-18 22:20:00,8998.13,72.19,TRADE
NSW1,2026-08-18 22:25:00,8924.74,65.51,TRADE
NSW1,2026-08-18 22:30:00,8890.92,65.51,TRADE
NSW1,2026-08-18 22:35:00,8760.76,65.51,TRADE
NSW1,2026-08-18 22:40:00,8714.14,64.95,TRADE
NSW1,2026-08-18 22:45:00,8725.39,65.01,TRADE
NSW1,2026-08-18 22:50:00,8695.16,59.96,TRADE
NSW1,2026-08-18 22:55:00,8689.26,59.22,TRADE
NSW1,2026-08-18 23:00:00,8656.18,42.8,TRADE
NSW1,2026-08-18 23:05:00,8553.85,58.48,TRADE
NSW1,2026-08-18 23:10:00,8545.76,64.95,TRADE
NSW1,2026-08-18 23:15:00,8479.26,60.91,TRADE
NSW1,2026-08-18 23:20:00,8480.06,60.91,TRADE
NSW1,2026-08-18 23:25:00,8409.76,59.7,TRADE
NSW1,2026-08-18 23:30:00,8357.02,42.8,TRADE
NSW1,2026-08-18 23:35:00,8343.41,59.35,TRADE
NSW1,2026-08-18 23:40:00,8296.05,59.72,TRADE
NSW1,2026-08-18 23:45:00,8318.53,60.53,TRADE
NSW1,2026-08-18 23:50:00,8206.76,43.05,TRADE
NSW1,2026-08-18 23:55:00,8114.47,42.54,TRADE
NSW1,2026-08-19 00:00:00,8158.92,42.8,TRADE
NSW1,2026-08-19 00:05:00,8176.8,43.05,TRADE
NSW1,2026-08-19 00:10:00,8205.19,43.44,TRADE
NSW1,2026-08-19 00:15:00,8256.02,44.03,TRADE
NSW1,2026-08-19 00:20:00,8261.29,64.95,TRADE
NSW1,2026-08-19 00:25:00,8275.7,60.7,TRADE
NSW1,2026-08-19 00:30:00,8254.2,43.05,TRADE
NSW1,2026-08-19 00:35:00,8158.51,42.8,TRADE
NSW1,2026-08-19 00:40:00,8203.0,64.95,TRADE
NSW1,2026-08-19 00:45:00,8276.36,44.71,TRADE
NSW1,2026-08-19 00:50:00,8287.33,44.73,TRADE
NSW1,2026-08-19 00:55:00,8171.17,43.55,TRADE
NSW1,2026-08-19 01:00:00,8142.39,43.05,TRADE
NSW1,2026-08-19 01:05:00,8122.43,43.9,TRADE
NSW1,2026-08-19 01:10:00,8071.52,43.62,TRADE
NSW1,2026-08-19 01:15:00,7900.52,42.8,TRADE
NSW1,2026-08-19 01:20:00,7883.11,42.8,TRADE
NSW1,2026-08-19 01:25:00,7758.17,33.33,TRADE
NSW1,2026-08-19 01:30:00,7721.82,43.05,TRADE
NSW1,2026-08-19 01:35:00,7729.19,43.05,TRADE
NSW1,2026-08-19 01:40:00,7704.43,43.05,TRADE
NSW1,2026-08-19 01:45:00,7623.93,43.05,TRADE
NSW1,2026-08-19 01:50:00,7576.43,42.54,TRADE
NSW1,2026-08-19 01:55:00,7599.58,43.05,TRADE
NSW1,2026-08-19 02:00:00,7563.76,43.05,TRADE
NSW1,2026-08-19 02:05:00,7554.7,43.05,TRADE
NSW1,2026-08-19 02:10:00,7494.93,43.05,TRADE
NSW1,2026-08-19 02:15:00,7486.68,43.05,TRADE
NSW1,2026-08-19 02:20:00,7532.87,43.05,TRADE
NSW1,2026-08-19 02:25:00,7519.51,43.05,TRADE
NSW1,2026-08-19 02:30:00,7437.53,43.05,TRADE
NSW1,2026-08-19 02:35:00,7441.36,43.05,TRADE
NSW1,2026-08-19 02:40:00,7316.61,43.05,TRADE
NSW1,2026-08-19 02:45:00,7260.28,42.8,TRADE
NSW1,2026-08-19 02:50:00,7280.34,43.05,TRADE
NSW1,2026-08-19 02:55:00,7226.39,43.05,TRADE
NSW1,2026-08-19 03:00:00,7278.23,43.05,TRADE
NSW1,2026-08-19 03:05:00,7172.26,43.05,TRADE
NSW1,2026-08-19 03:10:00,7156.51,43.05,TRADE
NSW1,2026-08-19 03:15:00,7194.28,43.05,TRADE
NSW1,2026-08-19 03:20:00,7227.02,43.05,TRADE
NSW1,2026-08-19 03:25:00,7230.04,43.05,TRADE
NSW1,2026-08-19 03:30:00,7207.39,43.05,TRADE
NSW1,2026-08-19 03:35:00,7114.39,32.99,TRADE
NSW1,2026-08-19 03:40:00,7108.4,42.8,TRADE
NSW1,2026-08-19 03:45:00,7118.49,46.95,TRADE
NSW1,2026-08-19 03:50:00,7114.03,46.32,TRADE
NSW1,2026-08-19 03:55:00,7110.81,43.05,TRADE
NSW1,2026-08-19 04:00:00,7148.15,43.66,TRADE
NSW1,2026-08-19 04:05:00,7143.32,43.11,TRADE
NSW1,2026-08-19 04:10:00,7199.47,43.38,TRADE
NSW1,2026-08-19 04:15:00,7201.08,43.36,TRADE
NSW1,2026-08-19 04:20:00,7207.66,43.08,TRADE
NSW1,2026-08-19 04:25:00,7239.22,43.08,TRADE
NSW1,2026-08-19 04:30:00,7191.92,43.05,TRADE
NSW1,2026-08-19 04:35:00,7224.86,42.8,TRADE
NSW1,2026-08-19 04:40:00,7237.04,42.8,TRADE
NSW1,2026-08-19 04:45:00,7268.44,42.8,TRADE
NSW1,2026-08-19 04:50:00,7287.4,43.05,TRADE
NSW1,2026-08-19 04:55:00,7315.67,43.05,TRADE
NSW1,2026-08-19 05:00:00,7313.21,57.39,TRADE
NSW1,2026-08-19 05:05:00,7416.78,42.8,TRADE
NSW1,2026-08-19 05:10:00,7515.67,52.3,TRADE
NSW1,2026-08-19 05:15:00,7609.55,64.05,TRADE
NSW1,2026-08-19 05:20:00,7632.22,42.89,TRADE
NSW1,2026-08-19 05:25:00,7710.02,59.02,TRADE
NSW1,2026-08-19 05:30:00,7737.94,60.22,TRADE
NSW1,2026-08-19 05:35:00,7832.11,59.39,TRADE
NSW1,2026-08-19 05:40:00,7939.72,59.77,TRADE
NSW1,2026-08-19 05:45:00,8022.39,65.5,TRADE
NSW1,2026-08-19 05:50:00,8014.36,58.98,TRADE
NSW1,2026-08-19 05:55:00,8133.71,57.39,TRADE
NSW1,2026-08-19 06:00:00,8178.55,65.53,TRADE
NSW1,2026-08-19 06:05:00,8320.76,64.05,TRADE
NSW1,2026-08-19 06:10:00,8494.42,64.05,TRADE
NSW1,2026-08-19 06:15:00,8633.92,64.05,TRADE
NSW1,2026-08-19 06:20:00,8753.67,65.5,TRADE
NSW1,2026-08-19 06:25:00,8843.09,64.05,TRADE
NSW1,2026-08-19 06:30:00,8953.61,64.05,TRADE
NSW1,2026-08-19 06:35:00,9030.5,64.05,TRADE
NSW1,2026-08-19 06:40:00,9142.58,64.95,TRADE
NSW1,2026-08-19 06:45:00,9275.08,65.5,TRADE
NSW1,2026-08-19 06:50:00,9424.6,65.5,TRADE
NSW1,2026-08-19 06:55:00,9423.88,65.5,TRADE
NSW1,2026-08-19 07:00:00,9527.99,65.5,TRADE
NSW1,2026-08-19 07:05:00,9575.13,65.5,TRADE
NSW1,2026-08-19 07:10:00,9559.72,65.5,TRADE
NSW1,2026-08-19 07:15:00,9649.41,65.02,TRADE
NSW1,2026-08-19 07:20:00,9668.51,84.79,TRADE
NSW1,2026-08-19 07:25:00,9650.18,65.51,TRADE
NSW1,2026-08-19 07:30:00,9624.01,64.89,TRADE
NSW1,2026-08-19 07:35:00,9567.76,65.79,TRADE
NSW1,2026-08-19 07:40:00,9431.06,67.09,TRADE
NSW1,2026-08-19 07:45:00,9385.4,69.99,TRADE
NSW1,2026-08-19 07:50:00,9317.96,69.99,TRADE
NSW1,2026-08-19 07:55:00,9221.66,40.0,TRADE
NSW1,2026-08-19 08:00:00,9121.66,42.54,TRADE
NSW1,2026-08-19 08:05:00,9073.33,33.0,TRADE
NSW1,2026-08-19 08:10:00,9085.63,64.89,TRADE
NSW1,2026-08-19 08:15:00,8965.42,62.47,TRADE
NSW1,2026-08-19 08:20:00,8862.47,42.45,TRADE
NSW1,2026-08-19 08:25:00,8707.87,25.12,TRADE
NSW1,2026-08-19 08:30:00,8643.78,25.12,TRADE
NSW1,2026-08-19 08:35:00,8546.72,13.3,TRADE
NSW1,2026-08-19 08:40:00,8431.55,22.29,TRADE
NSW1,2026-08-19 08:45:00,8290.02,25.12,TRADE
NSW1,2026-08-19 08:50:00,8240.69,25.12,TRADE
NSW1,2026-08-19 08:55:00,8082.52,25.12,TRADE
NSW1,2026-08-19 09:00:00,7973.19,23.53,TRADE
NSW1,2026-08-19 09:05:00,7876.61,25.12,TRADE
NSW1,2026-08-19 09:10:00,7857.65,25.12,TRADE
NSW1,2026-08-19 09:15:00,7706.11,22.96,TRADE
NSW1,2026-08-19 09:20:00,7610.75,25.12,TRADE
NSW1,2026-08-19 09:25:00,7613.83,26.18,TRADE
NSW1,2026-08-19 09:30:00,7456.53,23.99,TRADE
NSW1,2026-08-19 09:35:00,7431.92,25.12,TRADE
NSW1,2026-08-19 09:40:00,7287.9,23.76,TRADE
NSW1,2026-08-19 09:45:00,7224.43,21.37,TRADE
NSW1,2026-08-19 09:50:00,7213.18,21.3,TRADE
NSW1,2026-08-19 09:55:00,7105.1,21.15,TRADE
NSW1,2026-08-19 10:00:00,7044.07,13.3,TRADE
NSW1,2026-08-19 10:05:00,6961.79,69.99,TRADE
NSW1,2026-08-19 10:10:00,6836.98,43.05,TRADE
NSW1,2026-08-19 10:15:00,6742.99,25.12,TRADE
NSW1,2026-08-19 10:20:00,6738.84,34.34,TRADE
NSW1,2026-08-19 10:25:00,6656.2,13.3,TRADE
NSW1,2026-08-19 10:30:00,6605.44,12.96,TRADE
NSW1,2026-08-19 10:35:00,6568.51,23.99,TRADE
NSW1,2026-08-19 10:40:00,6454.41,20.34,TRADE
NSW1,2026-08-19 10:45:00,6440.15,23.99,TRADE
NSW1,2026-08-19 10:50:00,6377.75,12.8,TRADE
NSW1,2026-08-19 10:55:00,6399.17,1.39,TRADE
NSW1,2026-08-19 11:00:00,6404.95,9.27,TRADE
NSW1,2026-08-19 11:05:00,6407.64,13.16,TRADE
NSW1,2026-08-19 11:10:00,6568.85,20.51,TRADE
NSW1,2026-08-19 11:15:00,6488.65,13.3,TRADE
NSW1,2026-08-19 11:20:00,6458.8,13.3,TRADE
NSW1,2026-08-19 11:25:00,6471.24,13.3,TRADE
NSW1,2026-08-19 11:30:00,6442.2,13.3,TRADE
NSW1,2026-08-19 11:35:00,6395.48,13.3,TRADE
NSW1,2026-08-19 11:40:00,6318.94,13.3,TRADE
NSW1,2026-08-19 11:45:00,6333.54,10.27,TRADE
NSW1,2026-08-19 11:50:00,6344.96,16.05,TRADE
NSW1,2026-08-19 11:55:00,6219.02,13.3,TRADE
NSW1,2026-08-19 12:00:00,6188.24,9.95,TRADE
NSW1,2026-08-19 12:05:00,6122.09,-1.55,TRADE
NSW1,2026-08-19 12:10:00,6158.25,12.22,TRADE
NSW1,2026-08-19 12:15:00,5982.28,13.3,TRADE
NSW1,2026-08-19 12:20:00,5971.81,13.3,TRADE
NSW1,2026-08-19 12:25:00,6061.38,9.69,TRADE
NSW1,2026-08-19 12:30:00,5876.56,13.2,TRADE
NSW1,2026-08-19 12:35:00,5883.63,23.81,TRADE
NSW1,2026-08-19 12:40:00,5825.25,4.69,TRADE
NSW1,2026-08-19 12:45:00,5848.9,21.41,TRADE
NSW1,2026-08-19 12:50:00,5782.97,25.12,TRADE
NSW1,2026-08-19 12:55:00,5750.21,13.3,TRADE
NSW1,2026-08-19 13:00:00,5804.76,13.3,TRADE
NSW1,2026-08-19 13:05:00,5827.28,0.37,TRADE
NSW1,2026-08-19 13:10:00,5891.5,25.1,TRADE
NSW1,2026-08-19 13:15:00,5764.09,13.3,TRADE
NSW1,2026-08-19 13:20:00,5766.83,-2.3,TRADE
NSW1,2026-08-19 13:25:00,5901.33,13.3,TRADE
NSW1,2026-08-19 13:30:00,5852.18,13.2,TRADE
NSW1,2026-08-19 13:35:00,5939.28,13.3,TRADE
NSW1,2026-08-19 13:40:00,5946.55,-2.99,TRADE
NSW1,2026-08-19 13:45:00,6021.14,13.3,TRADE
NSW1,2026-08-19 13:50:00,5996.31,25.1,TRADE
NSW1,2026-08-19 13:55:00,5952.5,13.3,TRADE
NSW1,2026-08-19 14:00:00,6020.46,13.3,TRADE
NSW1,2026-08-19 14:05:00,6009.75,36.99,TRADE
NSW1,2026-08-19 14:10:00,5990.81,23.99,TRADE
NSW1,2026-08-19 14:15:00,6008.13,13.3,TRADE
NSW1,2026-08-19 14:20:00,5992.53,13.3,TRADE
NSW1,2026-08-19 14:25:00,6078.28,13.3,TRADE
NSW1,2026-08-19 14:30:00,6117.53,13.3,TRADE
NSW1,2026-08-19 14:35:00,6246.59,-2.53,TRADE
NSW1,2026-08-19 14:40:00,6370.1,-7.23,TRADE
NSW1,2026-08-19 14:45:00,6895.36,25.89,TRADE
NSW1,2026-08-19 14:50:00,6473.69,-1.53,TRADE
NSW1,2026-08-19 14:55:00,6454.0,-6.79,TRADE
NSW1,2026-08-19 15:00:00,6552.57,-5.78,TRADE
NSW1,2026-08-19 15:05:00,6605.73,-6.74,TRADE
NSW1,2026-08-19 15:10:00,6680.47,-4.05,TRADE
NSW1,2026-08-19 15:15:00,6672.68,-5.52,TRADE
NSW1,2026-08-19 15:20:00,6783.43,-2.37,TRADE
NSW1,2026-08-19 15:25:00,6857.74,-2.0,TRADE
NSW1,2026-08-19 15:30:00,7020.36,0.0,TRADE
NSW1,2026-08-19 15:35:00,7093.2,0.0,TRADE
NSW1,2026-08-19 15:40:00,7195.56,0.0,TRADE
NSW1,2026-08-19 15:45:00,7313.7,0.0,TRADE
NSW1,2026-08-19 15:50:00,7386.02,23.72,TRADE
NSW1,2026-08-19 15:55:00,7512.38,46.77,TRADE
NSW1,2026-08-19 16:00:00,7613.36,63.72,TRADE
NSW1,2026-08-19 16:05:00,7672.65,0.55,TRADE
NSW1,2026-08-19 16:10:00,7826.37,27.65,TRADE
NSW1,2026-08-19 16:15:00,7829.37,63.72,TRADE
NSW1,2026-08-19 16:20:00,7967.24,84.79,TRADE
NSW1,2026-08-19 16:25:00,7991.85,87.85,TRADE
NSW1,2026-08-19 16:30:00,8114.13,87.85,TRADE
NSW1,2026-08-19 16:35:00,8258.78,84.26,TRADE
NSW1,2026-08-19 16:40:00,8349.12,69.99,TRADE
NSW1,2026-08-19 16:45:00,8522.16,73.1,TRADE
NSW1,2026-08-19 16:50:00,8669.36,75.36,TRADE
NSW1,2026-08-19 16:55:00,8775.55,84.79,TRADE
NSW1,2026-08-19 17:00:00,8765.31,90.0,TRADE
NSW1,2026-08-19 17:05:00,8861.42,70.56,TRADE
NSW1,2026-08-19 17:10:00,9028.41,72.74,TRADE
NSW1,2026-08-19 17:15:00,9061.41,83.99,TRADE
NSW1,2026-08-19 17:20:00,9103.22,71.4,TRADE
NSW1,2026-08-19 17:25:00,9234.79,71.4,TRADE
NSW1,2026-08-19 17:30:00,9383.56,87.98,TRADE
NSW1,2026-08-19 17:35:00,9425.9,68.3,TRADE
NSW1,2026-08-19 17:40:00,9585.32,68.4,TRADE
NSW1,2026-08-19 17:45:00,9681.19,81.01,TRADE
NSW1,2026-08-19 17:50:00,9746.49,76.43,TRADE
NSW1,2026-08-19 17:55:00,9830.95,79.18,TRADE
NSW1,2026-08-19 18:00:00,9886.53,80.7,TRADE
NSW1,2026-08-19 18:05:00,9891.06,69.67,TRADE
NSW1,2026-08-19 18:10:00,9993.59,78.8,TRADE
NSW1,2026-08-19 18:15:00,9881.02,77.22,TRADE
NSW1,2026-08-19 18:20:00,9866.93,67.73,TRADE
NSW1,2026-08-19 18:25:00,10031.6,69.99,TRADE
NSW1,2026-08-19 18:30:00,10078.86,75.13,TRADE
NSW1,2026-08-19 18:35:00,10014.18,65.51,TRADE
NSW1,2026-08-19 18:40:00,9963.21,67.28,TRADE
NSW1,2026-08-19 18:45:00,10069.38,69.46,TRADE
NSW1,2026-08-19 18:50:00,10023.71,65.79,TRADE
NSW1,2026-08-19 18:55:00,9961.1,71.83,TRADE
NSW1,2026-08-19 19:00:00,9931.85,68.72,TRADE
NSW1,2026-08-19 19:05:00,9970.45,71.83,TRADE
NSW1,2026-08-19 19:10:00,9900.79,77.65,TRADE
NSW1,2026-08-19 19:15:00,9861.59,71.4,TRADE
NSW1,2026-08-19 19:20:00,9882.72,73.33,TRADE
NSW1,2026-08-19 19:25:00,9853.73,80.87,TRADE
NSW1,2026-08-19 19:30:00,9796.31,74.09,TRADE
NSW1,2026-08-19 19:35:00,9755.6,73.65,TRADE
NSW1,2026-08-19 19:40:00,9756.03,77.89,TRADE
NSW1,2026-08-19 19:45:00,9700.1,69.7,TRADE
NSW1,2026-08-19 19:50:00,9738.75,69.82,TRADE
NSW1,2026-08-19 19:55:00,9742.2,69.86,TRADE
NSW1,2026-08-19 20:00:00,9731.76,71.61,TRADE
NSW1,2026-08-19 20:05:00,9654.88,70.78,TRADE
NSW1,2026-08-19 20:10:00,9608.37,69.84,TRADE
NSW1,2026-08-19 20:15:00,9661.07,69.87,TRADE
NSW1,2026-08-19 20:20:00,9572.89,70.83,TRADE
NSW1,2026-08-19 20:25:00,9580.62,71.4,TRADE
NSW1,2026-08-19 20:30:00,9585.52,67.77,TRADE
NSW1,2026-08-19 20:35:00,9563.58,71.79,TRADE
NSW1,2026-08-19 20:40:00,9550.16,82.95,TRADE
NSW1,2026-08-19 20:45:00,9372.71,80.06,TRADE
NSW1,2026-08-19 20:50:00,9434.53,74.73,TRADE
NSW1,2026-08-19 20:55:00,9419.26,74.78,TRADE
NSW1,2026-08-19 21:00:00,9394.49,82.89,TRADE
NSW1,2026-08-19 21:05:00,9242.8,77.65,TRADE
NSW1,2026-08-19 21:10:00,9222.68,85.51,TRADE
NSW1,2026-08-19 21:15:00,9142.06,71.4,TRADE
NSW1,2026-08-19 21:20:00,9154.66,85.09,TRADE
NSW1,2026-08-19 21:25:00,9096.46,82.83,TRADE
NSW1,2026-08-19 21:30:00,9040.36,67.8,TRADE
NSW1,2026-08-19 21:35:00,9052.93,71.4,TRADE
NSW1,2026-08-19 21:40:00,9087.02,71.4,TRADE
NSW1,2026-08-19 21:45:00,8973.55,87.12,TRADE
NSW1,2026-08-19 21:50:00,8857.37,84.09,TRADE
NSW1,2026-08-19 21:55:00,8787.26,67.83,TRADE
NSW1,2026-08-19 22:00:00,8821.52,67.52,TRADE
NSW1,2026-08-19 22:05:00,8739.6,72.67,TRADE
NSW1,2026-08-19 22:10:00,8755.19,77.04,TRADE
NSW1,2026-08-19 22:15:00,8775.45,70.37,TRADE
NSW1,2026-08-19 22:20:00,8724.99,76.08,TRADE
NSW1,2026-08-19 22:25:00,8694.03,72.28,TRADE
NSW1,2026-08-19 22:30:00,8603.41,65.5,TRADE
NSW1,2026-08-19 22:35:00,8617.26,69.99,TRADE
NSW1,2026-08-19 22:40:00,8572.75,65.51,TRADE
NSW1,2026-08-19 22:45:00,8550.58,65.5,TRADE
NSW1,2026-08-19 22:50:00,8449.9,64.95,TRADE
NSW1,2026-08-19 22:55:00,8445.27,60.36,TRADE
NSW1,2026-08-19 23:00:00,8437.45,60.79,TRADE
NSW1,2026-08-19 23:05:00,8398.42,79.03,TRADE
NSW1,2026-08-19 23:10:00,8273.5,75.88,TRADE
NSW1,2026-08-19 23:15:00,8273.54,69.99,TRADE
NSW1,2026-08-19 23:20:00,8278.55,69.99,TRADE
NSW1,2026-08-19 23:25:00,8221.06,66.29,TRADE
NSW1,2026-08-19 23:30:00,8171.83,65.51,TRADE
NSW1,2026-08-19 23:35:00,8141.73,69.99,TRADE
NSW1,2026-08-19 23:40:00,8113.77,68.32,TRADE
NSW1,2026-08-19 23:45:00,8048.9,65.51,TRADE
NSW1,2026-08-19 23:50:00,8029.7,61.48,TRADE
NSW1,2026-08-19 23:55:00,7882.68,60.18,TRADE
NSW1,2026-08-20 00:00:00,7919.35,47.99,TRADE
NSW1,2026-08-20 00:05:00,8011.35,65.05,TRADE
NSW1,2026-08-20 00:10:00,8048.34,69.99,TRADE
NSW1,2026-08-20 00:15:00,8055.23,68.02,TRADE
NSW1,2026-08-20 00:20:00,7968.04,65.51,TRADE
NSW1,2026-08-20 00:25:00,7961.4,65.51,TRADE
NSW1,2026-08-20 00:30:00,7956.92,67.77,TRADE
NSW1,2026-08-20 00:35:00,7919.49,67.39,TRADE
NSW1,2026-08-20 00:40:00,7975.27,69.99,TRADE
NSW1,2026-08-20 00:45:00,7916.66,68.27,TRADE
NSW1,2026-08-20 00:50:00,7936.44,65.51,TRADE
NSW1,2026-08-20 00:55:00,7909.44,68.88,TRADE
NSW1,2026-08-20 01:00:00,7883.39,65.51,TRADE
NSW1,2026-08-20 01:05:00,7867.65,65.51,TRADE
NSW1,2026-08-20 01:10:00,7820.4,65.51,TRADE
NSW1,2026-08-20 01:15:00,7676.08,50.14,TRADE
NSW1,2026-08-20 01:20:00,7612.92,64.89,TRADE
NSW1,2026-08-20 01:25:00,7592.21,61.57,TRADE
NSW1,2026-08-20 01:30:00,7496.98,49.55,TRADE
NSW1,2026-08-20 01:35:00,7522.3,65.34,TRADE
NSW1,2026-08-20 01:40:00,7460.13,65.51,TRADE
NSW1,2026-08-20 01:45:00,7368.69,49.92,TRADE
NSW1,2026-08-20 01:50:00,7428.49,64.81,TRADE
NSW1,2026-08-20 01:55:00,7422.44,65.51,TRADE
NSW1,2026-08-20 02:00:00,7339.64,62.43,TRADE
NSW1,2026-08-20 02:05:00,7315.98,63.59,TRADE
NSW1,2026-08-20 02:10:00,7276.91,60.21,TRADE
NSW1,2026-08-20 02:15:00,7300.99,64.95,TRADE
NSW1,2026-08-20 02:20:00,7231.39,63.18,TRADE
NSW1,2026-08-20 02:25:00,7232.94,65.51,TRADE
NSW1,2026-08-20 02:30:00,7189.52,50.14,TRADE
NSW1,2026-08-20 02:35:00,7174.02,65.51,TRADE
NSW1,2026-08-20 02:40:00,7159.33,66.05,TRADE
NSW1,2026-08-20 02:45:00,7120.17,69.99,TRADE
NSW1,2026-08-20 02:50:00,7058.73,52.06,TRADE
NSW1,2026-08-20 02:55:00,7028.0,65.04,TRADE
NSW1,2026-08-20 03:00:00,7024.99,65.16,TRADE
NSW1,2026-08-20 03:05:00,6965.43,66.8,TRADE
NSW1,2026-08-20 03:10:00,7013.1,66.17,TRADE
NSW1,2026-08-20 03:15:00,6987.36,58.24,TRADE
NSW1,2026-08-20 03:20:00,6946.18,65.51,TRADE
NSW1,2026-08-20 03:25:00,6919.42,66.35,TRADE
NSW1,2026-08-20 03:30:00,6959.04,65.51,TRADE
NSW1,2026-08-20 03:35:00,6971.74,65.51,TRADE
NSW1,2026-08-20 03:40:00,6964.83,65.51,TRADE
NSW1,2026-08-20 03:45:00,6944.41,61.55,TRADE
NSW1,2026-08-20 03:50:00,6940.79,58.31,TRADE
NSW1,2026-08-20 03:55:00,6925.35,69.99,TRADE
NSW1,2026-08-20 04:00:00,6922.14,65.51,TRADE
NSW1,2026-08-20 04:05:00,6908.45,61.21,TRADE
NSW1,2026-08-20 04:10:00,7008.45,65.51,TRADE
NSW1,2026-08-20 04:15:00,7058.55,63.61,TRADE
NSW1,2026-08-20 04:20:00,7045.7,62.32,TRADE
NSW1,2026-08-20 04:25:00,7048.45,63.17,TRADE
NSW1,2026-08-20 04:30:00,7051.89,64.95,TRADE
NSW1,2026-08-20 04:35:00,7120.83,60.73,TRADE
NSW1,2026-08-20 04:40:00,7070.98,59.57,TRADE
NSW1,2026-08-20 04:45:00,7088.71,57.39,TRADE
NSW1,2026-08-20 04:50:00,7179.68,59.58,TRADE
NSW1,2026-08-20 04:55:00,7232.96,59.17,TRADE
NSW1,2026-08-20 05:00:00,7288.52,60.66,TRADE
NSW1,2026-08-20 05:05:00,7274.67,57.39,TRADE
NSW1,2026-08-20 05:10:00,7314.92,59.72,TRADE
NSW1,2026-08-20 05:15:00,7395.11,64.26,TRADE
NSW1,2026-08-20 05:20:00,7478.0,65.51,TRADE
NSW1,2026-08-20 05:25:00,7589.98,70.48,TRADE
NSW1,2026-08-20 05:30:00,7606.91,70.6,TRADE
NSW1,2026-08-20 05:35:00,7639.22,69.99,TRADE
NSW1,2026-08-20 05:40:00,7749.76,79.99,TRADE
NSW1,2026-08-20 05:45:00,7804.3,71.4,TRADE
NSW1,2026-08-20 05:50:00,7895.55,80.39,TRADE
NSW1,2026-08-20 05:55:00,8002.54,79.13,TRADE
NSW1,2026-08-20 06:00:00,8023.61,83.99,TRADE
NSW1,2026-08-20 06:05:00,8055.11,71.4,TRADE
NSW1,2026-08-20 06:10:00,8262.61,77.13,TRADE
NSW1,2026-08-20 06:15:00,8360.59,71.4,TRADE
NSW1,2026-08-20 06:20:00,8572.13,80.0,TRADE
NSW1,2026-08-20 06:25:00,8640.45,83.36,TRADE
NSW1,2026-08-20 06:30:00,8716.14,84.19,TRADE
NSW1,2026-08-20 06:35:00,8756.11,85.11,TRADE
NSW1,2026-08-20 06:40:00,8833.01,82.93,TRADE
NSW1,2026-08-20 06:45:00,8894.29,88.69,TRADE
NSW1,2026-08-20 06:50:00,8923.84,83.36,TRADE
NSW1,2026-08-20 06:55:00,9028.05,71.47,TRADE
NSW1,2026-08-20 07:00:00,9071.29,83.36,TRADE
NSW1,2026-08-20 07:05:00,9111.0,88.33,TRADE
NSW1,2026-08-20 07:10:00,9115.08,86.1,TRADE
NSW1,2026-08-20 07:15:00,9159.74,52.71,TRADE
NSW1,2026-08-20 07:20:00,9291.12,60.91,TRADE
NSW1,2026-08-20 07:25:00,9273.18,61.49,TRADE
NSW1,2026-08-20 07:30:00,9134.24,66.52,TRADE
NSW1,2026-08-20 07:35:00,9196.22,77.91,TRADE
NSW1,2026-08-20 07:40:00,9210.14,66.52,TRADE
NSW1,2026-08-20 07:45:00,9203.02,71.4,TRADE
NSW1,2026-08-20 07:50:00,9046.62,65.88,TRADE
NSW1,2026-08-20 07:55:00,9070.21,69.99,TRADE
NSW1,2026-08-20 08:00:00,8989.02,69.99,TRADE
NSW1,2026-08-20 08:05:00,8826.25,64.89,TRADE
NSW1,2026-08-20 08:10:00,8872.47,71.4,TRADE
NSW1,2026-08-20 08:15:00,8756.55,66.53,TRADE
NSW1,2026-08-20 08:20:00,8678.77,46.65,TRADE
NSW1,2026-08-20 08:25:00,8673.05,66.53,TRADE
NSW1,2026-08-20 08:30:00,8550.33,64.89,TRADE
NSW1,2026-08-20 08:35:00,8452.27,28.01,TRADE
NSW1,2026-08-20 08:40:00,8407.08,31.79,TRADE
NSW1,2026-08-20 08:45:00,8260.45,28.01,TRADE
NSW1,2026-08-20 08:50:00,8278.5,28.01,TRADE
NSW1,2026-08-20 08:55:00,8147.31,52.21,TRADE
NSW1,2026-08-20 09:00:00,8069.57,23.99,TRADE
NSW1,2026-08-20 09:05:00,8040.0,23.99,TRADE
NSW1,2026-08-20 09:10:00,7943.02,23.95,TRADE
NSW1,2026-08-20 09:15:00,7882.39,52.21,TRADE
NSW1,2026-08-20 09:20:00,7874.9,42.08,TRADE
NSW1,2026-08-20 09:25:00,7827.6,23.95,TRADE
NSW1,2026-08-20 09:30:00,7789.18,23.99,TRADE
NSW1,2026-08-20 09:35:00,7770.01,52.21,TRADE
NSW1,2026-08-20 09:40:00,7725.94,23.99,TRADE
NSW1,2026-08-20 09:45:00,7667.48,46.65,TRADE
NSW1,2026-08-20 09:50:00,7696.19,61.02,TRADE
NSW1,2026-08-20 09:55:00,7617.62,42.08,TRADE
NSW1,2026-08-20 10:00:00,7570.51,46.65,TRADE
NSW1,2026-08-20 10:05:00,7456.83,74.85,TRADE
NSW1,2026-08-20 10:10:00,7300.95,66.52,TRADE
NSW1,2026-08-20 10:15:00,7173.52,42.2,TRADE
NSW1,2026-08-20 10:20:00,7205.35,40.92,TRADE
NSW1,2026-08-20 10:25:00,7090.24,42.2,TRADE
NSW1,2026-08-20 10:30:00,7063.56,41.76,TRADE
NSW1,2026-08-20 10:35:00,7057.23,56.9,TRADE
NSW1,2026-08-20 10:40:00,6944.7,38.21,TRADE
NSW1,2026-08-20 10:45:00,6906.81,39.25,TRADE
NSW1,2026-08-20 10:50:00,6812.58,52.55,TRADE
NSW1,2026-08-20 10:55:00,6810.65,25.14,TRADE
NSW1,2026-08-20 11:00:00,6872.12,23.95,TRADE
NSW1,2026-08-20 11:05:00,6775.34,28.95,TRADE
NSW1,2026-08-20 11:10:00,6940.85,69.99,TRADE
NSW1,2026-08-20 11:15:00,6835.66,46.65,TRADE
NSW1,2026-08-20 11:20:00,6673.09,22.12,TRADE
NSW1,2026-08-20 11:25:00,6795.6,17.84,TRADE
NSW1,2026-08-20 11:30:00,6784.06,17.83,TRADE
NSW1,2026-08-20 11:35:00,6819.89,24.23,TRADE
NSW1,2026-08-20 11:40:00,6782.66,27.52,TRADE
NSW1,2026-08-20 11:45:00,6780.95,25.99,TRADE
NSW1,2026-08-20 11:50:00,6716.1,26.5,TRADE
NSW1,2026-08-20 11:55:00,6789.85,18.65,TRADE
NSW1,2026-08-20 12:00:00,6823.83,13.3,TRADE
NSW1,2026-08-20 12:05:00,6931.89,41.43,TRADE
NSW1,2026-08-20 12:10:00,6851.5,73.15,TRADE
NSW1,2026-08-20 12:15:00,6717.55,69.99,TRADE
NSW1,2026-08-20 12:20:00,6779.91,66.53,TRADE
NSW1,2026-08-20 12:25:00,6857.41,23.95,TRADE
NSW1,2026-08-20 12:30:00,6857.62,23.95,TRADE
NSW1,2026-08-20 12:35:00,6793.97,19.26,TRADE
NSW1,2026-08-20 12:40:00,6800.41,20.04,TRADE
NSW1,2026-08-20 12:45:00,6784.15,51.18,TRADE
NSW1,2026-08-20 12:50:00,6687.59,66.53,TRADE
NSW1,2026-08-20 12:55:00,6626.08,23.95,TRADE
NSW1,2026-08-20 13:00:00,6718.49,27.88,TRADE
NSW1,2026-08-20 13:05:00,6782.88,23.3,TRADE
NSW1,2026-08-20 13:10:00,6831.15,23.95,TRADE
NSW1,2026-08-20 13:15:00,6870.43,34.96,TRADE
NSW1,2026-08-20 13:20:00,6819.51,65.89,TRADE
NSW1,2026-08-20 13:25:00,6865.0,13.3,TRADE
NSW1,2026-08-20 13:30:00,6956.99,28.95,TRADE
NSW1,2026-08-20 13:35:00,6973.18,69.99,TRADE
NSW1,2026-08-20 13:40:00,6901.76,42.8,TRADE
NSW1,2026-08-20 13:45:00,6849.7,29.4,TRADE
NSW1,2026-08-20 13:50:00,6985.78,27.88,TRADE
NSW1,2026-08-20 13:55:00,7005.0,52.21,TRADE
NSW1,2026-08-20 14:00:00,6970.51,19.74,TRADE
NSW1,2026-08-20 14:05:00,7090.23,20.36,TRADE
NSW1,2026-08-20 14:10:00,7015.9,28.76,TRADE
NSW1,2026-08-20 14:15:00,7086.23,42.8,TRADE
NSW1,2026-08-20 14:20:00,7128.28,28.86,TRADE
NSW1,2026-08-20 14:25:00,7148.95,25.13,TRADE
NSW1,2026-08-20 14:30:00,7144.61,52.21,TRADE
NSW1,2026-08-20 14:35:00,7130.33,52.21,TRADE
NSW1,2026-08-20 14:40:00,7130.22,52.21,TRADE
NSW1,2026-08-20 14:45:00,7186.23,42.08,TRADE
NSW1,2026-08-20 14:50:00,7288.32,42.08,TRADE
NSW1,2026-08-20 14:55:00,7175.15,38.26,TRADE
NSW1,2026-08-20 15:00:00,7068.5,47.68,TRADE
NSW1,2026-08-20 15:05:00,7107.26,42.08,TRADE
NSW1,2026-08-20 15:10:00,7238.86,42.08,TRADE
NSW1,2026-08-20 15:15:00,7318.0,61.02,TRADE
NSW1,2026-08-20 15:20:00,7266.31,52.21,TRADE
NSW1,2026-08-20 15:25:00,7429.9,41.88,TRADE
NSW1,2026-08-20 15:30:00,7486.97,47.39,TRADE
NSW1,2026-08-20 15:35:00,7542.54,52.21,TRADE
NSW1,2026-08-20 15:40:00,7595.23,60.11,TRADE
NSW1,2026-08-20 15:45:00,7639.15,47.69,TRADE
NSW1,2026-08-20 15:50:00,7614.51,28.6,TRADE
NSW1,2026-08-20 15:55:00,7844.58,42.54,TRADE
NSW1,2026-08-20 16:00:00,7915.22,50.19,TRADE
NSW1,2026-08-20 16:05:00,8037.84,42.47,TRADE
NSW1,2026-08-20 16:10:00,8082.2,52.21,TRADE
NSW1,2026-08-20 16:15:00,8161.09,56.22,TRADE
NSW1,2026-08-20 16:20:00,8299.17,86.67,TRADE
NSW1,2026-08-20 16:25:00,8356.35,83.13,TRADE
NSW1,2026-08-20 16:30:00,8348.66,79.07,TRADE
NSW1,2026-08-20 16:35:00,8452.51,65.51,TRADE
NSW1,2026-08-20 16:40:00,8603.7,81.01,TRADE
NSW1,2026-08-20 16:45:00,8595.45,85.65,TRADE
NSW1,2026-08-20 16:50:00,8595.88,83.9,TRADE
NSW1,2026-08-20 16:55:00,8745.57,90.0,TRADE
NSW1,2026-08-20 17:00:00,8742.73,84.09,TRADE
NSW1,2026-08-20 17:05:00,8822.66,74.27,TRADE
NSW1,2026-08-20 17:10:00,8954.23,83.36,TRADE
NSW1,2026-08-20 17:15:00,8952.01,83.36,TRADE
NSW1,2026-08-20 17:20:00,9007.36,83.36,TRADE
NSW1,2026-08-20 17:25:00,9078.33,83.36,TRADE
NSW1,2026-08-20 17:30:00,9193.87,83.36,TRADE
NSW1,2026-08-20 17:35:00,9239.25,83.36,TRADE
NSW1,2026-08-20 17:40:00,9425.82,83.36,TRADE
NSW1,2026-08-20 17:45:00,9498.66,83.36,TRADE
NSW1,2026-08-20 17:50:00,9547.34,83.36,TRADE
NSW1,2026-08-20 17:55:00,9640.1,97.55,TRADE
NSW1,2026-08-20 18:00:00,9634.63,89.62,TRADE
NSW1,2026-08-20 18:05:00,9668.99,83.36,TRADE
NSW1,2026-08-20 18:10:00,9582.42,81.81,TRADE
NSW1,2026-08-20 18:15:00,9615.3,78.59,TRADE
NSW1,2026-08-20 18:20:00,9602.32,83.36,TRADE
NSW1,2026-08-20 18:25:00,9669.65,83.36,TRADE
NSW1,2026-08-20 18:30:00,9764.84,83.36,TRADE
NSW1,2026-08-20 18:35:00,9762.48,80.77,TRADE
NSW1,2026-08-20 18:40:00,9611.97,77.03,TRADE
NSW1,2026-08-20 18:45:00,9704.63,83.36,TRADE
NSW1,2026-08-20 18:50:00,9680.88,83.36,TRADE
NSW1,2026-08-20 18:55:00,9654.84,83.36,TRADE
NSW1,2026-08-20 19:00:00,9597.46,83.36,TRADE
NSW1,2026-08-20 19:05:00,9521.12,83.36,TRADE
NSW1,2026-08-20 19:10:00,9457.25,83.36,TRADE
NSW1,2026-08-20 19:15:00,9473.86,81.44,TRADE
NSW1,2026-08-20 19:20:00,9500.18,83.36,TRADE
NSW1,2026-08-20 19:25:00,9444.79,77.25,TRADE
NSW1,2026-08-20 19:30:00,9506.17,78.82,TRADE
NSW1,2026-08-20 19:35:00,9385.18,73.62,TRADE
NSW1,2026-08-20 19:40:00,9400.21,88.28,TRADE
NSW1,2026-08-20 19:45:00,9313.72,84.58,TRADE
NSW1,2026-08-20 19:50:00,9304.49,90.45,TRADE
NSW1,2026-08-20 19:55:00,9286.46,93.36,TRADE
NSW1,2026-08-20 20:00:00,9229.92,89.67,TRADE
NSW1,2026-08-20 20:05:00,9259.29,79.56,TRADE
NSW1,2026-08-20 20:10:00,9223.65,82.01,TRADE
NSW1,2026-08-20 20:15:00,9322.7,96.07,TRADE
NSW1,2026-08-20 20:20:00,9209.3,93.13,TRADE
NSW1,2026-08-20 20:25:00,9173.71,96.92,TRADE
NSW1,2026-08-20 20:30:00,9225.39,97.2,TRADE
NSW1,2026-08-20 20:35:00,9219.0,97.55,TRADE
NSW1,2026-08-20 20:40:00,9161.35,94.27,TRADE
NSW1,2026-08-20 20:45:00,9114.06,80.93,TRADE
NSW1,2026-08-20 20:50:00,9104.93,79.7,TRADE
NSW1,2026-08-20 20:55:00,9132.92,95.65,TRADE
NSW1,2026-08-20 21:00:00,9038.08,95.76,TRADE
NSW1,2026-08-20 21:05:00,8987.08,96.88,TRADE
NSW1,2026-08-20 21:10:00,9023.8,97.63,TRADE
NSW1,2026-08-20 21:15:00,8916.66,97.55,TRADE
NSW1,2026-08-20 21:20:00,8868.69,97.55,TRADE
NSW1,2026-08-20 21:25:00,8795.29,92.2,TRADE
NSW1,2026-08-20 21:30:00,8763.74,85.95,TRADE
NSW1,2026-08-20 21:35:00,8703.23,93.08,TRADE
NSW1,2026-08-20 21:40:00,8656.09,93.76,TRADE
NSW1,2026-08-20 21:45:00,8611.47,85.68,TRADE
NSW1,2026-08-20 21:50:00,8588.75,84.79,TRADE
NSW1,2026-08-20 21:55:00,8515.79,83.51,TRADE
NSW1,2026-08-20 22:00:00,8455.08,83.36,TRADE
NSW1,2026-08-20 22:05:00,8469.93,92.74,TRADE
NSW1,2026-08-20 22:10:00,8414.36,83.36,TRADE
NSW1,2026-08-20 22:15:00,8524.63,83.36,TRADE
NSW1,2026-08-20 22:20:00,8526.39,83.36,TRADE
NSW1,2026-08-20 22:25:00,8468.39,87.87,TRADE
NSW1,2026-08-20 22:30:00,8378.49,80.52,TRADE
NSW1,2026-08-20 22:35:00,8307.47,79.16,TRADE
NSW1,2026-08-20 22:40:00,8333.43,70.76,TRADE
NSW1,2026-08-20 22:45:00,8272.21,71.05,TRADE
NSW1,2026-08-20 22:50:00,8258.81,68.19,TRADE
NSW1,2026-08-20 22:55:00,8189.84,63.22,TRADE
NSW1,2026-08-20 23:00:00,8199.81,67.75,TRADE
NSW1,2026-08-20 23:05:00,8183.23,72.56,TRADE
NSW1,2026-08-20 23:10:00,8156.3,71.49,TRADE
NSW1,2026-08-20 23:15:00,8041.14,69.86,TRADE
NSW1,2026-08-20 23:20:00,8007.98,69.46,TRADE
NSW1,2026-08-20 23:25:00,7940.68,64.95,TRADE
NSW1,2026-08-20 23:30:00,7944.66,61.02,TRADE
NSW1,2026-08-20 23:35:00,7928.96,64.95,TRADE
NSW1,2026-08-20 23:40:00,7888.51,64.95,TRADE
NSW1,2026-08-20 23:45:00,7835.98,59.26,TRADE
NSW1,2026-08-20 23:50:00,7786.57,48.63,TRADE
NSW1,2026-08-20 23:55:00,7758.06,58.63,TRADE
NSW1,2026-08-21 00:00:00,7744.98,59.76,TRADE
NSW1,2026-08-21 00:05:00,7763.51,69.18,TRADE
NSW1,2026-08-21 00:10:00,7790.73,69.35,TRADE
NSW1,2026-08-21 00:15:00,7807.04,68.97,TRADE
NSW1,2026-08-21 00:20:00,7745.39,68.55,TRADE
NSW1,2026-08-21 00:25:00,7788.43,69.48,TRADE
NSW1,2026-08-21 00:30:00,7768.85,66.15,TRADE
NSW1,2026-08-21 00:35:00,7710.92,66.9,TRADE
NSW1,2026-08-21 00:40:00,7719.26,69.94,TRADE
NSW1,2026-08-21 00:45:00,7692.22,70.0,TRADE
NSW1,2026-08-21 00:50:00,7556.25,61.02,TRADE
NSW1,2026-08-21 00:55:00,7525.47,46.65,TRADE
NSW1,2026-08-21 01:00:00,7490.03,60.39,TRADE
NSW1,2026-08-21 01:05:00,7451.16,46.65,TRADE
NSW1,2026-08-21 01:10:00,7490.54,57.44,TRADE
NSW1,2026-08-21 01:15:00,7393.15,56.01,TRADE
NSW1,2026-08-21 01:20:00,7348.18,54.91,TRADE
NSW1,2026-08-21 01:25:00,7331.98,61.02,TRADE
NSW1,2026-08-21 01:30:00,7257.46,46.65,TRADE
NSW1,2026-08-21 01:35:00,7253.15,46.65,TRADE
NSW1,2026-08-21 01:40:00,7268.9,48.6,TRADE
NSW1,2026-08-21 01:45:00,7263.7,61.02,TRADE
NSW1,2026-08-21 01:50:00,7269.39,56.05,TRADE
NSW1,2026-08-21 01:55:00,7226.63,46.65,TRADE
NSW1,2026-08-21 02:00:00,7229.56,49.25,TRADE
NSW1,2026-08-21 02:05:00,7180.23,60.18,TRADE
NSW1,2026-08-21 02:10:00,7116.57,59.78,TRADE
NSW1,2026-08-21 02:15:00,7126.12,61.02,TRADE
NSW1,2026-08-21 02:20:00,7074.82,53.43,TRADE
NSW1,2026-08-21 02:25:00,7066.27,61.02,TRADE
NSW1,2026-08-21 02:30:00,7004.48,59.69,TRADE
NSW1,2026-08-21 02:35:00,6960.09,46.65,TRADE
NSW1,2026-08-21 02:40:00,6974.37,48.3,TRADE
NSW1,2026-08-21 02:45:00,6949.84,57.89,TRADE
NSW1,2026-08-21 02:50:00,6868.6,46.65,TRADE
NSW1,2026-08-21 02:55:00,6860.6,56.79,TRADE
NSW1,2026-08-21 03:00:00,6870.83,56.43,TRADE
NSW1,2026-08-21 03:05:00,6895.3,58.6,TRADE
NSW1,2026-08-21 03:10:00,6869.94,59.01,TRADE
NSW1,2026-08-21 03:15:00,6826.21,58.62,TRADE
NSW1,2026-08-21 03:20:00,6818.04,56.78,TRADE
NSW1,2026-08-21 03:25:00,6799.98,57.31,TRADE
NSW1,2026-08-21 03:30:00,6750.84,56.78,TRADE
NSW1,2026-08-21 03:35:00,6708.69,46.65,TRADE
NSW1,2026-08-21 03:40:00,6723.42,47.06,TRADE
NSW1,2026-08-21 03:45:00,6787.61,46.65,TRADE
NSW1,2026-08-21 03:50:00,6723.96,61.02,TRADE
NSW1,2026-08-21 03:55:00,6719.14,57.83,TRADE
NSW1,2026-08-21 04:00:00,6757.93,56.0,TRADE
NSW1,2026-08-21 04:05:00,6763.51,56.69,TRADE
NSW1,2026-08-21 04:10:00,6760.29,57.39,TRADE
NSW1,2026-08-21 04:15:00,6807.8,57.4,TRADE
NSW1,2026-08-21 04:20:00,6760.51,57.39,TRADE
NSW1,2026-08-21 04:25:00,6659.8,57.01,TRADE
NSW1,2026-08-21 04:30:00,6768.67,64.43,TRADE
NSW1,2026-08-21 04:35:00,6803.16,58.9,TRADE
NSW1,2026-08-21 04:40:00,6804.45,57.68,TRADE
NSW1,2026-08-21 04:45:00,6848.22,58.42,TRADE
NSW1,2026-08-21 04:50:00,6816.03,57.39,TRADE
NSW1,2026-08-21 04:55:00,6935.51,64.95,TRADE
NSW1,2026-08-21 05:00:00,6935.33,65.51,TRADE
NSW1,2026-08-21 05:05:00,6930.21,57.24,TRADE
NSW1,2026-08-21 05:10:00,7006.15,57.39,TRADE
NSW1,2026-08-21 05:15:00,7064.9,57.45,TRADE
NSW1,2026-08-21 05:20:00,7109.41,57.39,TRADE
NSW1,2026-08-21 05:25:00,7091.65,57.39,TRADE
NSW1,2026-08-21 05:30:00,7266.4,65.51,TRADE
NSW1,2026-08-21 05:35:00,7297.05,65.5,TRADE
NSW1,2026-08-21 05:40:00,7356.49,65.51,TRADE
NSW1,2026-08-21 05:45:00,7459.6,71.4,TRADE
NSW1,2026-08-21 05:50:00,7438.38,65.51,TRADE
NSW1,2026-08-21 05:55:00,7497.8,67.0,TRADE
NSW1,2026-08-21 06:00:00,7603.26,84.79,TRADE
NSW1,2026-08-21 06:05:00,7660.52,80.39,TRADE
NSW1,2026-08-21 06:10:00,7872.63,82.39,TRADE
NSW1,2026-08-21 06:15:00,7906.01,73.72,TRADE
NSW1,2026-08-21 06:20:00,8056.52,75.53,TRADE
NSW1,2026-08-21 06:25:00,8188.42,77.37,TRADE
NSW1,2026-08-21 06:30:00,8203.21,77.29,TRADE
NSW1,2026-08-21 06:35:00,8306.84,84.79,TRADE
NSW1,2026-08-21 06:40:00,8372.74,82.07,TRADE
NSW1,2026-08-21 06:45:00,8422.82,95.2,TRADE
NSW1,2026-08-21 06:50:00,8589.7,95.2,TRADE
NSW1,2026-08-21 06:55:00,8662.73,88.33,TRADE
NSW1,2026-08-21 07:00:00,8621.53,88.88,TRADE
NSW1,2026-08-21 07:05:00,8749.64,84.79,TRADE
NSW1,2026-08-21 07:10:00,8800.82,65.5,TRADE
NSW1,2026-08-21 07:15:00,8888.9,65.5,TRADE
NSW1,2026-08-21 07:20:00,8925.96,65.5,TRADE
NSW1,2026-08-21 07:25:00,8958.02,65.5,TRADE
NSW1,2026-08-21 07:30:00,8826.17,53.84,TRADE
NSW1,2026-08-21 07:35:00,8818.99,64.89,TRADE
NSW1,2026-08-21 07:40:00,8808.54,64.89,TRADE
NSW1,2026-08-21 07:45:00,8791.89,64.89,TRADE
NSW1,2026-08-21 07:50:00,8794.13,49.54,TRADE
NSW1,2026-08-21 07:55:00,8853.7,64.89,TRADE
NSW1,2026-08-21 08:00:00,8703.42,42.8,TRADE
NSW1,2026-08-21 08:05:00,8692.27,42.8,TRADE
NSW1,2026-08-21 08:10:00,8722.6,52.07,TRADE
NSW1,2026-08-21 08:15:00,8710.15,64.89,TRADE
NSW1,2026-08-21 08:20:00,8566.6,57.53,TRADE
NSW1,2026-08-21 08:25:00,8437.15,42.8,TRADE
NSW1,2026-08-21 08:30:00,8384.69,52.5,TRADE
NSW1,2026-08-21 08:35:00,8248.69,69.99,TRADE
NSW1,2026-08-21 08:40:00,8235.35,76.66,TRADE
NSW1,2026-08-21 08:45:00,8194.96,64.95,TRADE
NSW1,2026-08-21 08:50:00,7993.2,72.8,TRADE
NSW1,2026-08-21 08:55:00,8028.6,72.98,TRADE
NSW1,2026-08-21 09:00:00,7982.22,54.14,TRADE
NSW1,2026-08-21 09:05:00,7733.63,46.65,TRADE
NSW1,2026-08-21 09:10:00,7781.04,31.31,TRADE
NSW1,2026-08-21 09:15:00,7772.8,28.05,TRADE
NSW1,2026-08-21 09:20:00,7568.21,28.05,TRADE
NSW1,2026-08-21 09:25:00,7478.48,42.8,TRADE
NSW1,2026-08-21 09:30:00,7335.06,28.05,TRADE
NSW1,2026-08-21 09:35:00,7315.55,25.81,TRADE
NSW1,2026-08-21 09:40:00,7379.29,42.8,TRADE
NSW1,2026-08-21 09:45:00,7184.47,40.74,TRADE
NSW1,2026-08-21 09:50:00,7245.19,42.8,TRADE
NSW1,2026-08-21 09:55:00,7203.86,29.65,TRADE
NSW1,2026-08-21 10:00:00,7078.85,34.88,TRADE
NSW1,2026-08-21 10:05:00,7032.41,41.22,TRADE
NSW1,2026-08-21 10:10:00,7057.56,35.18,TRADE
NSW1,2026-08-21 10:15:00,6905.93,35.18,TRADE
NSW1,2026-08-21 10:20:00,6886.06,41.88,TRADE
NSW1,2026-08-21 10:25:00,6898.28,41.88,TRADE
NSW1,2026-08-21 10:30:00,6798.18,35.47,TRADE
NSW1,2026-08-21 10:35:00,6813.38,41.22,TRADE
NSW1,2026-08-21 10:40:00,6666.89,41.21,TRADE
NSW1,2026-08-21 10:45:00,6666.15,34.65,TRADE
NSW1,2026-08-21 10:50:00,6674.67,35.15,TRADE
NSW1,2026-08-21 10:55:00,6653.9,34.37,TRADE
NSW1,2026-08-21 11:00:00,6675.98,28.52,TRADE
NSW1,2026-08-21 11:05:00,6640.1,28.95,TRADE
NSW1,2026-08-21 11:10:00,6810.35,33.46,TRADE
NSW1,2026-08-21 11:15:00,6841.33,39.33,TRADE
NSW1,2026-08-21 11:20:00,6798.83,34.37,TRADE
NSW1,2026-08-21 11:25:00,6715.36,33.15,TRADE
NSW1,2026-08-21 11:30:00,6663.11,23.99,TRADE
NSW1,2026-08-21 11:35:00,6687.37,24.13,TRADE
NSW1,2026-08-21 11:40:00,6770.41,27.87,TRADE
NSW1,2026-08-21 11:45:00,6707.99,32.81,TRADE
NSW1,2026-08-21 11:50:00,6654.94,33.17,TRADE
NSW1,2026-08-21 11:55:00,6613.26,46.59,TRADE
NSW1,2026-08-21 12:00:00,6649.34,65.43,TRADE
NSW1,2026-08-21 12:05:00,6615.99,99.01,TRADE
NSW1,2026-08-21 12:10:00,6607.97,68.02,TRADE
NSW1,2026-08-21 12:15:00,6557.48,68.02,TRADE
NSW1,2026-08-21 12:20:00,6553.14,66.53,TRADE
NSW1,2026-08-21 12:25:00,6583.92,73.15,TRADE
NSW1,2026-08-21 12:30:00,6489.35,73.15,TRADE
NSW1,2026-08-21 12:35:00,6397.31,73.15,TRADE
NSW1,2026-08-21 12:40:00,6391.58,66.53,TRADE
NSW1,2026-08-21 12:45:00,6482.96,73.15,TRADE
NSW1,2026-08-21 12:50:00,6538.6,66.53,TRADE
NSW1,2026-08-21 12:55:00,6613.87,99.01,TRADE
NSW1,2026-08-21 13:00:00,6609.25,69.99,TRADE
NSW1,2026-08-21 13:05:00,6599.69,68.02,TRADE
NSW1,2026-08-21 13:10:00,6666.31,68.02,TRADE
NSW1,2026-08-21 13:15:00,6703.57,66.53,TRADE
NSW1,2026-08-21 13:20:00,6672.84,66.53,TRADE
NSW1,2026-08-21 13:25:00,6721.04,69.99,TRADE
NSW1,2026-08-21 13:30:00,6598.85,66.53,TRADE
NSW1,2026-08-21 13:35:00,6526.92,69.95,TRADE
NSW1,2026-08-21 13:40:00,6496.62,66.53,TRADE
NSW1,2026-08-21 13:45:00,6510.09,66.53,TRADE
NSW1,2026-08-21 13:50:00,6565.93,66.53,TRADE
NSW1,2026-08-21 13:55:00,6586.2,52.3,TRADE
NSW1,2026-08-21 14:00:00,6578.07,27.88,TRADE
NSW1,2026-08-21 14:05:00,6766.37,47.77,TRADE
NSW1,2026-08-21 14:10:00,6724.65,52.21,TRADE
NSW1,2026-08-21 14:15:00,6705.53,34.55,TRADE
NSW1,2026-08-21 14:20:00,6814.48,35.11,TRADE
NSW1,2026-08-21 14:25:00,6810.91,28.95,TRADE
NSW1,2026-08-21 14:30:00,6857.94,66.53,TRADE
NSW1,2026-08-21 14:35:00,6931.61,73.2,TRADE
NSW1,2026-08-21 14:40:00,6862.56,52.29,TRADE
NSW1,2026-08-21 14:45:00,6949.29,52.21,TRADE
NSW1,2026-08-21 14:50:00,7113.0,20.96,TRADE
NSW1,2026-08-21 14:55:00,7223.37,52.21,TRADE
NSW1,2026-08-21 15:00:00,7169.81,53.85,TRADE
NSW1,2026-08-21 15:05:00,7080.58,52.3,TRADE
NSW1,2026-08-21 15:10:00,7095.9,52.21,TRADE
NSW1,2026-08-21 15:15:00,7175.49,37.98,TRADE
NSW1,2026-08-21 15:20:00,7263.53,36.71,TRADE
NSW1,2026-08-21 15:25:00,7355.99,37.06,TRADE
NSW1,2026-08-21 15:30:00,7384.64,36.35,TRADE
NSW1,2026-08-21 15:35:00,7483.07,50.48,TRADE
NSW1,2026-08-21 15:40:00,7524.07,66.53,TRADE
NSW1,2026-08-21 15:45:00,7473.15,53.38,TRADE
NSW1,2026-08-21 15:50:00,7612.18,61.39,TRADE
NSW1,2026-08-21 15:55:00,7731.45,47.66,TRADE
NSW1,2026-08-21 16:00:00,7708.3,42.8,TRADE
NSW1,2026-08-21 16:05:00,7795.45,42.49,TRADE
NSW1,2026-08-21 16:10:00,7870.7,60.31,TRADE
NSW1,2026-08-21 16:15:00,7999.01,66.73,TRADE
NSW1,2026-08-21 16:20:00,8083.82,70.94,TRADE
NSW1,2026-08-21 16:25:00,8179.01,69.29,TRADE
NSW1,2026-08-21 16:30:00,8242.99,72.34,TRADE
NSW1,2026-08-21 16:35:00,8347.67,73.44,TRADE
NSW1,2026-08-21 16:40:00,8496.51,75.66,TRADE
NSW1,2026-08-21 16:45:00,8532.3,82.9,TRADE
NSW1,2026-08-21 16:50:00,8556.96,76.15,TRADE
NSW1,2026-08-21 16:55:00,8746.66,90.96,TRADE
NSW1,2026-08-21 17:00:00,8731.91,90.16,TRADE
NSW1,2026-08-21 17:05:00,8687.09,72.18,TRADE
NSW1,2026-08-21 17:10:00,8703.44,73.02,TRADE
NSW1,2026-08-21 17:15:00,8804.8,87.47,TRADE
NSW1,2026-08-21 17:20:00,8875.99,91.29,TRADE
NSW1,2026-08-21 17:25:00,8897.62,83.99,TRADE
NSW1,2026-08-21 17:30:00,9038.16,83.99,TRADE
NSW1,2026-08-21 17:35:00,8993.79,86.75,TRADE
NSW1,2026-08-21 17:40:00,9167.28,85.15,TRADE
NSW1,2026-08-21 17:45:00,9240.12,89.16,TRADE
NSW1,2026-08-21 17:50:00,9156.12,82.9,TRADE
NSW1,2026-08-21 17:55:00,9241.51,82.9,TRADE
NSW1,2026-08-21 18:00:00,9351.55,82.9,TRADE
NSW1,2026-08-21 18:05:00,9362.2,87.18,TRADE
NSW1,2026-08-21 18:10:00,9177.56,76.98,TRADE
NSW1,2026-08-21 18:15:00,9243.6,82.9,TRADE
NSW1,2026-08-21 18:20:00,9254.79,82.9,TRADE
NSW1,2026-08-21 18:25:00,9305.8,82.9,TRADE
NSW1,2026-08-21 18:30:00,9233.24,82.9,TRADE
NSW1,2026-08-21 18:35:00,9180.39,76.28,TRADE
NSW1,2026-08-21 18:40:00,9298.14,73.28,TRADE
NSW1,2026-08-21 18:45:00,9240.29,75.55,TRADE
NSW1,2026-08-21 18:50:00,9257.04,77.83,TRADE
NSW1,2026-08-21 18:55:00,9229.5,79.77,TRADE
NSW1,2026-08-21 19:00:00,9112.67,76.04,TRADE
NSW1,2026-08-21 19:05:00,9169.15,71.38,TRADE
NSW1,2026-08-21 19:10:00,9108.8,75.09,TRADE
NSW1,2026-08-21 19:15:00,9068.73,73.27,TRADE
NSW1,2026-08-21 19:20:00,9136.58,75.75,TRADE
NSW1,2026-08-21 19:25:00,9032.68,66.9,TRADE
NSW1,2026-08-21 19:30:00,9019.7,73.81,TRADE
NSW1,2026-08-21 19:35:00,9011.56,69.98,TRADE
NSW1,2026-08-21 19:40:00,8992.89,66.52,TRADE
NSW1,2026-08-21 19:45:00,9048.86,66.12,TRADE
NSW1,2026-08-21 19:50:00,8982.69,65.51,TRADE
NSW1,2026-08-21 19:55:00,8953.05,65.51,TRADE
NSW1,2026-08-21 20:00:00,8978.35,65.51,TRADE
NSW1,2026-08-21 20:05:00,8859.13,65.51,TRADE
NSW1,2026-08-21 20:10:00,8996.97,65.51,TRADE
NSW1,2026-08-21 20:15:00,8947.83,65.51,TRADE
NSW1,2026-08-21 20:20:00,8879.04,65.51,TRADE
NSW1,2026-08-21 20:25:00,8870.52,64.95,TRADE
NSW1,2026-08-21 20:30:00,8940.94,65.51,TRADE
NSW1,2026-08-21 20:35:00,8935.67,65.51,TRADE
NSW1,2026-08-21 20:40:00,8840.94,64.95,TRADE
NSW1,2026-08-21 20:45:00,8838.74,64.95,TRADE
NSW1,2026-08-21 20:50:00,8784.98,64.95,TRADE
NSW1,2026-08-21 20:55:00,8777.7,64.95,TRADE
NSW1,2026-08-21 21:00:00,8753.41,64.95,TRADE
NSW1,2026-08-21 21:05:00,8795.18,83.34,TRADE
NSW1,2026-08-21 21:10:00,8713.53,83.99,TRADE
NSW1,2026-08-21 21:15:00,8610.01,66.52,TRADE
NSW1,2026-08-21 21:20:00,8606.84,77.42,TRADE
NSW1,2026-08-21 21:25:00,8672.38,82.9,TRADE
NSW1,2026-08-21 21:30:00,8657.32,66.52,TRADE
NSW1,2026-08-21 21:35:00,8601.22,65.51,TRADE
NSW1,2026-08-21 21:40:00,8534.15,66.52,TRADE
NSW1,2026-08-21 21:45:00,8552.54,65.51,TRADE
NSW1,2026-08-21 21:50:00,8466.16,64.95,TRADE
NSW1,2026-08-21 21:55:00,8488.6,65.51,TRADE
NSW1,2026-08-21 22:00:00,8441.5,64.05,TRADE
NSW1,2026-08-21 22:05:00,8334.05,64.8,TRADE
NSW1,2026-08-21 22:10:00,8407.56,65.51,TRADE
NSW1,2026-08-21 22:15:00,8411.51,86.97,TRADE
NSW1,2026-08-21 22:20:00,8434.23,84.79,TRADE
NSW1,2026-08-21 22:25:00,8353.12,79.7,TRADE
NSW1,2026-08-21 22:30:00,8363.48,65.51,TRADE
NSW1,2026-08-21 22:35:00,8309.83,90.0,TRADE
NSW1,2026-08-21 22:40:00,8263.81,84.79,TRADE
NSW1,2026-08-21 22:45:00,8270.64,84.79,TRADE
NSW1,2026-08-21 22:50:00,8255.59,83.99,TRADE
NSW1,2026-08-21 22:55:00,8275.76,83.99,TRADE
NSW1,2026-08-21 23:00:00,8219.93,71.4,TRADE
NSW1,2026-08-21 23:05:00,8154.92,90.49,TRADE
NSW1,2026-08-21 23:10:00,8077.7,90.0,TRADE
NSW1,2026-08-21 23:15:00,8018.86,84.79,TRADE
NSW1,2026-08-21 23:20:00,7959.58,71.4,TRADE
NSW1,2026-08-21 23:25:00,8047.64,84.79,TRADE
NSW1,2026-08-21 23:30:00,7959.23,83.99,TRADE
NSW1,2026-08-21 23:35:00,7890.17,71.23,TRADE
NSW1,2026-08-21 23:40:00,7952.28,83.99,TRADE
NSW1,2026-08-21 23:45:00,7920.42,83.34,TRADE
NSW1,2026-08-21 23:50:00,7813.28,61.28,TRADE
NSW1,2026-08-21 23:55:00,7774.85,65.51,TRADE
NSW1,2026-08-22 00:00:00,7858.8,65.51,TRADE
NSW1,2026-08-22 00:05:00,7816.94,74.25,TRADE
NSW1,2026-08-22 00:10:00,7798.33,80.76,TRADE
NSW1,2026-08-22 00:15:00,7827.5,80.76,TRADE
NSW1,2026-08-22 00:20:00,7804.19,70.6,TRADE
NSW1,2026-08-22 00:25:00,7783.3,68.61,TRADE
NSW1,2026-08-22 00:30:00,7719.38,60.31,TRADE
NSW1,2026-08-22 00:35:00,7729.3,65.51,TRADE
NSW1,2026-08-22 00:40:00,7708.85,60.31,TRADE
NSW1,2026-08-22 00:45:00,7616.37,44.89,TRADE
NSW1,2026-08-22 00:50:00,7578.33,44.89,TRADE
NSW1,2026-08-22 00:55:00,7601.53,59.66,TRADE
NSW1,2026-08-22 01:00:00,7521.09,42.8,TRADE
NSW1,2026-08-22 01:05:00,7433.41,46.88,TRADE
NSW1,2026-08-22 01:10:00,7460.26,65.02,TRADE
NSW1,2026-08-22 01:15:00,7490.43,67.99,TRADE
NSW1,2026-08-22 01:20:00,7438.83,58.94,TRADE
NSW1,2026-08-22 01:25:00,7403.39,58.54,TRADE
NSW1,2026-08-22 01:30:00,7313.97,44.89,TRADE
NSW1,2026-08-22 01:35:00,7277.06,58.18,TRADE
NSW1,2026-08-22 01:40:00,7241.0,58.56,TRADE
NSW1,2026-08-22 01:45:00,7223.79,45.52,TRADE
NSW1,2026-08-22 01:50:00,7222.56,58.98,TRADE
NSW1,2026-08-22 01:55:00,7178.81,66.94,TRADE
NSW1,2026-08-22 02:00:00,7107.61,42.54,TRADE
NSW1,2026-08-22 02:05:00,7131.17,64.95,TRADE
NSW1,2026-08-22 02:10:00,7164.52,65.51,TRADE
NSW1,2026-08-22 02:15:00,7036.1,65.51,TRADE
NSW1,2026-08-22 02:20:00,7086.22,65.51,TRADE
NSW1,2026-08-22 02:25:00,6979.42,64.95,TRADE
NSW1,2026-08-22 02:30:00,6939.55,59.03,TRADE
NSW1,2026-08-22 02:35:00,6896.09,64.95,TRADE
NSW1,2026-08-22 02:40:00,6893.44,66.9,TRADE
NSW1,2026-08-22 02:45:00,6851.94,65.51,TRADE
NSW1,2026-08-22 02:50:00,6822.66,64.95,TRADE
NSW1,2026-08-22 02:55:00,6774.63,64.95,TRADE
NSW1,2026-08-22 03:00:00,6820.24,64.95,TRADE
NSW1,2026-08-22 03:05:00,6767.95,64.95,TRADE
NSW1,2026-08-22 03:10:00,6720.47,65.51,TRADE
NSW1,2026-08-22 03:15:00,6731.45,65.51,TRADE
NSW1,2026-08-22 03:20:00,6658.58,64.95,TRADE
NSW1,2026-08-22 03:25:00,6659.48,64.95,TRADE
NSW1,2026-08-22 03:30:00,6656.26,64.95,TRADE
NSW1,2026-08-22 03:35:00,6683.66,66.52,TRADE
NSW1,2026-08-22 03:40:00,6639.28,67.83,TRADE
NSW1,2026-08-22 03:45:00,6577.34,65.91,TRADE
NSW1,2026-08-22 03:50:00,6613.06,69.99,TRADE
NSW1,2026-08-22 03:55:00,6609.04,75.74,TRADE
NSW1,2026-08-22 04:00:00,6628.1,76.68,TRADE
NSW1,2026-08-22 04:05:00,6648.22,83.05,TRADE
NSW1,2026-08-22 04:10:00,6582.74,77.14,TRADE
NSW1,2026-08-22 04:15:00,6674.89,77.75,TRADE
NSW1,2026-08-22 04:20:00,6601.92,83.55,TRADE
NSW1,2026-08-22 04:25:00,6611.44,83.99,TRADE
NSW1,2026-08-22 04:30:00,6554.82,70.01,TRADE
NSW1,2026-08-22 04:35:00,6635.09,71.4,TRADE
NSW1,2026-08-22 04:40:00,6679.17,71.4,TRADE
NSW1,2026-08-22 04:45:00,6648.44,83.21,TRADE
NSW1,2026-08-22 04:50:00,6689.22,71.4,TRADE
NSW1,2026-08-22 04:55:00,6724.91,82.66,TRADE
NSW1,2026-08-22 05:00:00,6646.7,84.79,TRADE
NSW1,2026-08-22 05:05:00,6649.72,77.4,TRADE
NSW1,2026-08-22 05:10:00,6794.66,90.49,TRADE
NSW1,2026-08-22 05:15:00,6868.1,90.0,TRADE
NSW1,2026-08-22 05:20:00,6834.76,71.4,TRADE
NSW1,2026-08-22 05:25:00,6850.83,71.4,TRADE
NSW1,2026-08-22 05:30:00,6867.65,71.4,TRADE
NSW1,2026-08-22 05:35:00,6862.9,83.29,TRADE
NSW1,2026-08-22 05:40:00,6828.72,82.9,TRADE
NSW1,2026-08-22 05:45:00,6956.07,84.79,TRADE
NSW1,2026-08-22 05:50:00,6985.18,84.79,TRADE
NSW1,2026-08-22 05:55:00,7005.12,71.4,TRADE
NSW1,2026-08-22 06:00:00,7032.86,90.0,TRADE
NSW1,2026-08-22 06:05:00,7111.65,85.13,TRADE
NSW1,2026-08-22 06:10:00,7259.22,82.9,TRADE
NSW1,2026-08-22 06:15:00,7345.18,71.4,TRADE
NSW1,2026-08-22 06:20:00,7412.96,71.4,TRADE
NSW1,2026-08-22 06:25:00,7342.18,90.0,TRADE
NSW1,2026-08-22 06:30:00,7444.49,90.0,TRADE
NSW1,2026-08-22 06:35:00,7559.17,86.06,TRADE
NSW1,2026-08-22 06:40:00,7582.07,88.79,TRADE
NSW1,2026-08-22 06:45:00,7639.25,90.0,TRADE
NSW1,2026-08-22 06:50:00,7596.58,88.75,TRADE
NSW1,2026-08-22 06:55:00,7600.29,84.01,TRADE
NSW1,2026-08-22 07:00:00,7655.37,85.07,TRADE
NSW1,2026-08-22 07:05:00,7615.83,71.4,TRADE
NSW1,2026-08-22 07:10:00,7603.83,85.39,TRADE
NSW1,2026-08-22 07:15:00,7648.31,67.53,TRADE
NSW1,2026-08-22 07:20:00,7665.28,66.46,TRADE
NSW1,2026-08-22 07:25:00,7593.29,65.51,TRADE
NSW1,2026-08-22 07:30:00,7569.1,64.96,TRADE
NSW1,2026-08-22 07:35:00,7541.6,65.51,TRADE
NSW1,2026-08-22 07:40:00,7426.75,65.51,TRADE
NSW1,2026-08-22 07:45:00,7443.83,59.67,TRADE
NSW1,2026-08-22 07:50:00,7320.25,65.03,TRADE
NSW1,2026-08-22 07:55:00,7361.43,59.51,TRADE
NSW1,2026-08-22 08:00:00,7343.87,61.6,TRADE
NSW1,2026-08-22 08:05:00,7272.64,57.39,TRADE
NSW1,2026-08-22 08:10:00,7272.42,57.39,TRADE
NSW1,2026-08-22 08:15:00,7233.28,55.08,TRADE
NSW1,2026-08-22 08:20:00,7160.56,54.02,TRADE
NSW1,2026-08-22 08:25:00,7120.84,37.64,TRADE
NSW1,2026-08-22 08:30:00,7038.2,50.82,TRADE
NSW1,2026-08-22 08:35:00,6912.49,42.88,TRADE
NSW1,2026-08-22 08:40:00,6944.05,29.35,TRADE
NSW1,2026-08-22 08:45:00,6967.71,41.88,TRADE
NSW1,2026-08-22 08:50:00,6796.27,52.21,TRADE
NSW1,2026-08-22 08:55:00,6688.93,52.21,TRADE
NSW1,2026-08-22 09:00:00,6602.53,38.73,TRADE
NSW1,2026-08-22 09:05:00,6516.41,5.55,TRADE
NSW1,2026-08-22 09:10:00,6614.6,23.57,TRADE
NSW1,2026-08-22 09:15:00,6563.04,44.27,TRADE
NSW1,2026-08-22 09:20:00,6352.16,37.83,TRADE
NSW1,2026-08-22 09:25:00,6350.29,15.3,TRADE
NSW1,2026-08-22 09:30:00,6337.23,4.15,TRADE
NSW1,2026-08-22 09:35:00,6218.59,19.6,TRADE
NSW1,2026-08-22 09:40:00,6215.67,41.59,TRADE
NSW1,2026-08-22 09:45:00,6205.73,42.08,TRADE
NSW1,2026-08-22 09:50:00,6189.03,41.16,TRADE
NSW1,2026-08-22 09:55:00,6151.14,29.39,TRADE
NSW1,2026-08-22 10:00:00,5940.09,0.0,TRADE
NSW1,2026-08-22 10:05:00,5924.17,11.4,TRADE
NSW1,2026-08-22 10:10:00,6039.98,42.08,TRADE
NSW1,2026-08-22 10:15:00,5827.44,38.55,TRADE
NSW1,2026-08-22 10:20:00,5699.93,22.91,TRADE
NSW1,2026-08-22 10:25:00,5599.68,4.5,TRADE
NSW1,2026-08-22 10:30:00,5596.32,24.27,TRADE
NSW1,2026-08-22 10:35:00,5486.14,11.07,TRADE
NSW1,2026-08-22 10:40:00,5518.47,5.77,TRADE
NSW1,2026-08-22 10:45:00,5485.59,5.41,TRADE
NSW1,2026-08-22 10:50:00,5464.64,5.48,TRADE
NSW1,2026-08-22 10:55:00,5324.71,5.39,TRADE
NSW1,2026-08-22 11:00:00,5295.73,5.39,TRADE
NSW1,2026-08-22 11:05:00,5256.48,7.55,TRADE
NSW1,2026-08-22 11:10:00,5446.43,18.13,TRADE
NSW1,2026-08-22 11:15:00,5337.7,16.2,TRADE
NSW1,2026-08-22 11:20:00,5254.21,5.67,TRADE
NSW1,2026-08-22 11:25:00,5182.53,5.88,TRADE
NSW1,2026-08-22 11:30:00,5216.43,11.21,TRADE
NSW1,2026-08-22 11:35:00,5124.51,15.74,TRADE
NSW1,2026-08-22 11:40:00,5084.4,31.8,TRADE
NSW1,2026-08-22 11:45:00,5031.11,32.63,TRADE
NSW1,2026-08-22 11:50:00,4872.23,15.75,TRADE
NSW1,2026-08-22 11:55:00,4949.29,27.88,TRADE
NSW1,2026-08-22 12:00:00,4835.35,29.86,TRADE
NSW1,2026-08-22 12:05:00,4796.27,5.38,TRADE
NSW1,2026-08-22 12:10:00,4955.29,4.6,TRADE
NSW1,2026-08-22 12:15:00,4961.22,29.88,TRADE
NSW1,2026-08-22 12:20:00,4820.32,5.35,TRADE
NSW1,2026-08-22 12:25:00,4801.65,17.57,TRADE
NSW1,2026-08-22 12:30:00,4733.86,29.83,TRADE
NSW1,2026-08-22 12:35:00,4630.73,4.77,TRADE
NSW1,2026-08-22 12:40:00,4787.22,27.57,TRADE
NSW1,2026-08-22 12:45:00,4642.64,1.51,TRADE
NSW1,2026-08-22 12:50:00,4710.48,0.0,TRADE
NSW1,2026-08-22 12:55:00,4704.23,-0.05,TRADE
NSW1,2026-08-22 13:00:00,4792.17,-6.52,TRADE
NSW1,2026-08-22 13:05:00,4704.98,-0.11,TRADE
NSW1,2026-08-22 13:10:00,4802.53,-0.11,TRADE
NSW1,2026-08-22 13:15:00,4759.58,-3.6,TRADE
NSW1,2026-08-22 13:20:00,4673.71,-0.11,TRADE
NSW1,2026-08-22 13:25:00,4659.98,-0.11,TRADE
NSW1,2026-08-22 13:30:00,4628.03,-3.73,TRADE
NSW1,2026-08-22 13:35:00,4646.32,-7.82,TRADE
NSW1,2026-08-22 13:40:00,4691.52,-7.41,TRADE
NSW1,2026-08-22 13:45:00,4793.05,8.63,TRADE
NSW1,2026-08-22 13:50:00,4716.53,-7.49,TRADE
NSW1,2026-08-22 13:55:00,4858.72,-0.11,TRADE
NSW1,2026-08-22 14:00:00,4847.27,-0.11,TRADE
NSW1,2026-08-22 14:05:00,4856.55,-2.01,TRADE
NSW1,2026-08-22 14:10:00,4901.69,-2.01,TRADE
NSW1,2026-08-22 14:15:00,4904.26,-5.01,TRADE
NSW1,2026-08-22 14:20:00,4996.23,-2.01,TRADE
NSW1,2026-08-22 14:25:00,5073.15,-2.0,TRADE
NSW1,2026-08-22 14:30:00,5153.42,-0.11,TRADE
NSW1,2026-08-22 14:35:00,5205.3,-2.0,TRADE
NSW1,2026-08-22 14:40:00,5294.4,-0.11,TRADE
NSW1,2026-08-22 14:45:00,5323.79,-0.1,TRADE
NSW1,2026-08-22 14:50:00,5401.13,-0.11,TRADE
NSW1,2026-08-22 14:55:00,5391.76,-0.05,TRADE
NSW1,2026-08-22 15:00:00,5495.97,-0.05,TRADE
NSW1,2026-08-22 15:05:00,5515.7,0.01,TRADE
NSW1,2026-08-22 15:10:00,5480.13,-0.05,TRADE
NSW1,2026-08-22 15:15:00,5642.96,11.26,TRADE
NSW1,2026-08-22 15:20:00,5728.96,10.95,TRADE
NSW1,2026-08-22 15:25:00,5704.7,0.01,TRADE
NSW1,2026-08-22 15:30:00,5834.81,26.68,TRADE
NSW1,2026-08-22 15:35:00,6052.48,23.95,TRADE
NSW1,2026-08-22 15:40:00,6158.28,21.23,TRADE
NSW1,2026-08-22 15:45:00,6125.51,23.95,TRADE
NSW1,2026-08-22 15:50:00,6333.01,49.2,TRADE
NSW1,2026-08-22 15:55:00,6445.74,29.71,TRADE
NSW1,2026-08-22 16:00:00,6589.93,53.57,TRADE
NSW1,2026-08-22 16:05:00,6709.37,35.97,TRADE
NSW1,2026-08-22 16:10:00,6758.22,24.97,TRADE
NSW1,2026-08-22 16:15:00,6858.26,51.54,TRADE
NSW1,2026-08-22 16:20:00,7023.5,76.2,TRADE
NSW1,2026-08-22 16:25:00,7127.08,79.19,TRADE
NSW1,2026-08-22 16:30:00,7261.27,84.51,TRADE
NSW1,2026-08-22 16:35:00,7284.33,79.87,TRADE
NSW1,2026-08-22 16:40:00,7544.75,87.83,TRADE
NSW1,2026-08-22 16:45:00,7593.72,93.03,TRADE
NSW1,2026-08-22 16:50:00,7690.99,95.2,TRADE
NSW1,2026-08-22 16:55:00,7828.57,97.15,TRADE
NSW1,2026-08-22 17:00:00,7880.63,99.06,TRADE
NSW1,2026-08-22 17:05:00,7993.46,93.93,TRADE
NSW1,2026-08-22 17:10:00,8020.75,95.2,TRADE
NSW1,2026-08-22 17:15:00,8188.41,103.99,TRADE
NSW1,2026-08-22 17:20:00,8131.43,104.99,TRADE
NSW1,2026-08-22 17:25:00,8326.25,119.02,TRADE
NSW1,2026-08-22 17:30:00,8410.58,119.02,TRADE
NSW1,2026-08-22 17:35:00,8481.42,105.19,TRADE
NSW1,2026-08-22 17:40:00,8576.9,105.19,TRADE
NSW1,2026-08-22 17:45:00,8626.31,113.4,TRADE
NSW1,2026-08-22 17:50:00,8615.4,113.4,TRADE
NSW1,2026-08-22 17:55:00,8686.31,119.02,TRADE
NSW1,2026-08-22 18:00:00,8767.83,119.02,TRADE
NSW1,2026-08-22 18:05:00,8852.16,113.4,TRADE
NSW1,2026-08-22 18:10:00,8779.11,113.4,TRADE
NSW1,2026-08-22 18:15:00,8850.59,113.4,TRADE
NSW1,2026-08-22 18:20:00,8852.5,113.4,TRADE
NSW1,2026-08-22 18:25:00,8889.82,111.48,TRADE
NSW1,2026-08-22 18:30:00,8850.6,113.4,TRADE
NSW1,2026-08-22 18:35:00,8869.29,113.4,TRADE
NSW1,2026-08-22 18:40:00,8907.42,106.85,TRADE
NSW1,2026-08-22 18:45:00,8863.52,106.03,TRADE
NSW1,2026-08-22 18:50:00,8772.13,102.27,TRADE
NSW1,2026-08-22 18:55:00,8875.98,106.85,TRADE
NSW1,2026-08-22 19:00:00,8833.8,105.19,TRADE
NSW1,2026-08-22 19:05:00,8845.66,113.4,TRADE
NSW1,2026-08-22 19:10:00,8716.14,113.4,TRADE
NSW1,2026-08-22 19:15:00,8743.06,113.4,TRADE
NSW1,2026-08-22 19:20:00,8732.99,101.65,TRADE
NSW1,2026-08-22 19:25:00,8788.47,103.1,TRADE
NSW1,2026-08-22 19:30:00,8717.18,113.5,TRADE
NSW1,2026-08-22 19:35:00,8590.63,119.02,TRADE
NSW1,2026-08-22 19:40:00,8579.21,112.44,TRADE
NSW1,2026-08-22 19:45:00,8656.36,118.25,TRADE
NSW1,2026-08-22 19:50:00,8561.62,117.16,TRADE
NSW1,2026-08-22 19:55:00,8611.83,122.86,TRADE
NSW1,2026-08-22 20:00:00,8598.86,122.86,TRADE
NSW1,2026-08-22 20:05:00,8499.69,124.8,TRADE
NSW1,2026-08-22 20:10:00,8542.57,123.99,TRADE
NSW1,2026-08-22 20:15:00,8585.85,142.9,TRADE
NSW1,2026-08-22 20:20:00,8395.73,113.4,TRADE
NSW1,2026-08-22 20:25:00,8571.97,120.85,TRADE
NSW1,2026-08-22 20:30:00,8538.37,122.86,TRADE
NSW1,2026-08-22 20:35:00,8470.15,121.05,TRADE
NSW1,2026-08-22 20:40:00,8584.78,126.66,TRADE
NSW1,2026-08-22 20:45:00,8468.6,113.4,TRADE
NSW1,2026-08-22 20:50:00,8518.91,113.4,TRADE
NSW1,2026-08-22 20:55:00,8505.29,119.02,TRADE
NSW1,2026-08-22 21:00:00,8424.09,119.02,TRADE
NSW1,2026-08-22 21:05:00,8440.17,113.4,TRADE
NSW1,2026-08-22 21:10:00,8472.06,121.8,TRADE
NSW1,2026-08-22 21:15:00,8332.52,117.02,TRADE
NSW1,2026-08-22 21:20:00,8308.72,101.1,TRADE
NSW1,2026-08-22 21:25:00,8397.8,113.5,TRADE
NSW1,2026-08-22 21:30:00,8368.85,121.01,TRADE
NSW1,2026-08-22 21:35:00,8279.01,117.15,TRADE
NSW1,2026-08-22 21:40:00,8318.93,102.53,TRADE
NSW1,2026-08-22 21:45:00,8359.17,121.1,TRADE
NSW1,2026-08-22 21:50:00,8159.36,118.11,TRADE
NSW1,2026-08-22 21:55:00,8227.59,121.0,TRADE
NSW1,2026-08-22 22:00:00,8158.98,113.94,TRADE
NSW1,2026-08-22 22:05:00,8197.14,107.61,TRADE
NSW1,2026-08-22 22:10:00,8188.62,121.1,TRADE
NSW1,2026-08-22 22:15:00,8141.41,113.4,TRADE
NSW1,2026-08-22 22:20:00,8255.54,113.4,TRADE
NSW1,2026-08-22 22:25:00,8204.61,110.35,TRADE
NSW1,2026-08-22 22:30:00,8237.45,113.5,TRADE
NSW1,2026-08-22 22:35:00,8087.38,113.4,TRADE
NSW1,2026-08-22 22:40:00,8135.25,109.09,TRADE
NSW1,2026-08-22 22:45:00,8155.02,121.1,TRADE
NSW1,2026-08-22 22:50:00,8076.46,121.1,TRADE
NSW1,2026-08-22 22:55:00,7981.9,121.6,TRADE
NSW1,2026-08-22 23:00:00,7933.78,111.19,TRADE
NSW1,2026-08-22 23:05:00,7967.69,121.92,TRADE
NSW1,2026-08-22 23:10:00,7943.13,122.86,TRADE
NSW1,2026-08-22 23:15:00,7835.89,118.4,TRADE
NSW1,2026-08-22 23:20:00,7888.0,113.5,TRADE
NSW1,2026-08-22 23:25:00,7906.82,121.76,TRADE
NSW1,2026-08-22 23:30:00,7911.0,122.69,TRADE
NSW1,2026-08-22 23:35:00,7885.48,122.56,TRADE
NSW1,2026-08-22 23:40:00,7862.96,121.35,TRADE
NSW1,2026-08-22 23:45:00,7770.05,114.54,TRADE
NSW1,2026-08-22 23:50:00,7833.59,113.5,TRADE
NSW1,2026-08-22 23:55:00,7821.55,113.94,TRADE
NSW1,2026-08-23 00:00:00,7835.29,120.86,TRADE
NSW1,2026-08-23 00:05:00,7672.58,113.5,TRADE
NSW1,2026-08-23 00:10:00,7788.67,113.5,TRADE
NSW1,2026-08-23 00:15:00,7768.03,113.5,TRADE
NSW1,2026-08-23 00:20:00,7778.65,117.99,TRADE
NSW1,2026-08-23 00:25:00,7747.44,119.02,TRADE
NSW1,2026-08-23 00:30:00,7623.86,109.59,TRADE
NSW1,2026-08-23 00:35:00,7600.41,113.5,TRADE
NSW1,2026-08-23 00:40:00,7671.88,115.73,TRADE
NSW1,2026-08-23 00:45:00,7524.6,119.02,TRADE
NSW1,2026-08-23 00:50:00,7493.64,98.5,TRADE
NSW1,2026-08-23 00:55:00,7544.53,119.02,TRADE
NSW1,2026-08-23 01:00:00,7543.95,119.02,TRADE
NSW1,2026-08-23 01:05:00,7484.26,119.02,TRADE
NSW1,2026-08-23 01:10:00,7499.33,119.02,TRADE
NSW1,2026-08-23 01:15:00,7385.98,119.02,TRADE
NSW1,2026-08-23 01:20:00,7354.13,119.02,TRADE
NSW1,2026-08-23 01:25:00,7348.69,139.27,TRADE
NSW1,2026-08-23 01:30:00,7236.94,119.02,TRADE
NSW1,2026-08-23 01:35:00,7296.62,119.02,TRADE
NSW1,2026-08-23 01:40:00,7211.41,119.02,TRADE
NSW1,2026-08-23 01:45:00,7175.14,119.02,TRADE
NSW1,2026-08-23 01:50:00,7178.77,121.56,TRADE
NSW1,2026-08-23 01:55:00,7098.7,119.02,TRADE
NSW1,2026-08-23 02:00:00,7089.05,115.88,TRADE
NSW1,2026-08-23 02:05:00,7061.95,119.02,TRADE
NSW1,2026-08-23 02:10:00,7082.67,119.02,TRADE
NSW1,2026-08-23 02:15:00,7055.27,97.97,TRADE
NSW1,2026-08-23 02:20:00,7079.02,116.53,TRADE
NSW1,2026-08-23 02:25:00,7067.28,106.52,TRADE
NSW1,2026-08-23 02:30:00,7014.68,98.44,TRADE
NSW1,2026-08-23 02:35:00,7020.32,105.53,TRADE
NSW1,2026-08-23 02:40:00,7026.49,119.02,TRADE
NSW1,2026-08-23 02:45:00,6942.31,114.54,TRADE
NSW1,2026-08-23 02:50:00,6897.54,97.65,TRADE
NSW1,2026-08-23 02:55:00,6900.97,99.87,TRADE
NSW1,2026-08-23 03:00:00,6916.55,106.52,TRADE
NSW1,2026-08-23 03:05:00,6869.73,117.31,TRADE
NSW1,2026-08-23 03:10:00,6931.18,119.02,TRADE
NSW1,2026-08-23 03:15:00,6911.23,114.54,TRADE
NSW1,2026-08-23 03:20:00,6905.09,102.83,TRADE
NSW1,2026-08-23 03:25:00,6876.46,102.8,TRADE
NSW1,2026-08-23 03:30:00,6922.54,103.54,TRADE
NSW1,2026-08-23 03:35:00,6863.35,104.84,TRADE
NSW1,2026-08-23 03:40:00,6914.51,104.87,TRADE
NSW1,2026-08-23 03:45:00,6796.57,97.63,TRADE
NSW1,2026-08-23 03:50:00,6864.22,106.52,TRADE
NSW1,2026-08-23 03:55:00,6872.22,103.14,TRADE
NSW1,2026-08-23 04:00:00,6907.35,106.23,TRADE
NSW1,2026-08-23 04:05:00,6784.25,92.08,TRADE
NSW1,2026-08-23 04:10:00,6876.39,97.63,TRADE
NSW1,2026-08-23 04:15:00,6880.29,98.57,TRADE
NSW1,2026-08-23 04:20:00,6799.71,114.54,TRADE
NSW1,2026-08-23 04:25:00,6845.9,111.85,TRADE
NSW1,2026-08-23 04:30:00,6794.27,105.66,TRADE
NSW1,2026-08-23 04:35:00,6772.52,97.63,TRADE
NSW1,2026-08-23 04:40:00,6844.53,114.54,TRADE
NSW1,2026-08-23 04:45:00,6854.5,106.8,TRADE
NSW1,2026-08-23 04:50:00,6889.54,106.52,TRADE
NSW1,2026-08-23 04:55:00,6905.76,114.54,TRADE
NSW1,2026-08-23 05:00:00,6935.04,119.02,TRADE
NSW1,2026-08-23 05:05:00,6937.2,119.02,TRADE
NSW1,2026-08-23 05:10:00,6929.18,97.63,TRADE
NSW1,2026-08-23 05:15:00,7007.59,106.52,TRADE
NSW1,2026-08-23 05:20:00,6972.8,119.02,TRADE
NSW1,2026-08-23 05:25:00,7005.22,119.02,TRADE
NSW1,2026-08-23 05:30:00,6928.03,104.0,TRADE
NSW1,2026-08-23 05:35:00,7012.66,113.99,TRADE
NSW1,2026-08-23 05:40:00,7057.06,119.02,TRADE
NSW1,2026-08-23 05:45:00,6948.61,119.02,TRADE
NSW1,2026-08-23 05:50:00,7073.73,122.4,TRADE
NSW1,2026-08-23 05:55:00,7085.74,119.02,TRADE
NSW1,2026-08-23 06:00:00,7147.78,110.47,TRADE
NSW1,2026-08-23 06:05:00,7107.39,108.25,TRADE
NSW1,2026-08-23 06:10:00,7114.46,99.36,TRADE
NSW1,2026-08-23 06:15:00,7149.25,107.84,TRADE
NSW1,2026-08-23 06:20:00,7247.14,119.02,TRADE
NSW1,2026-08-23 06:25:00,7283.31,111.68,TRADE
NSW1,2026-08-23 06:30:00,7293.74,119.02,TRADE
NSW1,2026-08-23 06:35:00,7334.71,106.59,TRADE
NSW1,2026-08-23 06:40:00,7362.71,112.34,TRADE
NSW1,2026-08-23 06:45:00,7458.49,97.63,TRADE
NSW1,2026-08-23 06:50:00,7429.7,95.2,TRADE
NSW1,2026-08-23 06:55:00,7342.64,88.89,TRADE
NSW1,2026-08-23 07:00:00,7367.92,88.89,TRADE
NSW1,2026-08-23 07:05:00,7436.43,65.97,TRADE
NSW1,2026-08-23 07:10:00,7466.23,67.63,TRADE
NSW1,2026-08-23 07:15:00,7443.33,44.29,TRADE
NSW1,2026-08-23 07:20:00,7487.0,47.02,TRADE
NSW1,2026-08-23 07:25:00,7386.53,48.33,TRADE
NSW1,2026-08-23 07:30:00,7401.09,23.95,TRADE
NSW1,2026-08-23 07:35:00,7364.18,23.95,TRADE
NSW1,2026-08-23 07:40:00,7271.41,23.95,TRADE
NSW1,2026-08-23 07:45:00,7262.19,23.95,TRADE
NSW1,2026-08-23 07:50:00,7243.92,2.58,TRADE
NSW1,2026-08-23 07:55:00,7214.83,23.95,TRADE
NSW1,2026-08-23 08:00:00,7167.7,23.72,TRADE
NSW1,2026-08-23 08:05:00,7157.76,23.55,TRADE
NSW1,2026-08-23 08:10:00,7113.2,22.16,TRADE
NSW1,2026-08-23 08:15:00,7190.95,23.44,TRADE
NSW1,2026-08-23 08:20:00,7153.58,22.59,TRADE
NSW1,2026-08-23 08:25:00,7157.37,12.65,TRADE
NSW1,2026-08-23 08:30:00,7123.43,10.29,TRADE
NSW1,2026-08-23 08:35:00,7076.48,21.83,TRADE
NSW1,2026-08-23 08:40:00,7076.09,13.33,TRADE
NSW1,2026-08-23 08:45:00,7070.6,0.92,TRADE
NSW1,2026-08-23 08:50:00,7068.22,0.92,TRADE
NSW1,2026-08-23 08:55:00,6930.56,10.87,TRADE
NSW1,2026-08-23 09:00:00,6870.32,10.89,TRADE
NSW1,2026-08-23 09:05:00,6839.11,10.9,TRADE
NSW1,2026-08-23 09:10:00,6922.77,11.25,TRADE
NSW1,2026-08-23 09:15:00,6836.77,13.2,TRADE
NSW1,2026-08-23 09:20:00,6851.37,25.1,TRADE
NSW1,2026-08-23 09:25:00,6724.77,9.58,TRADE
NSW1,2026-08-23 09:30:00,6656.84,0.92,TRADE
NSW1,2026-08-23 09:35:00,6586.33,2.5,TRADE
NSW1,2026-08-23 09:40:00,6603.36,23.95,TRADE
NSW1,2026-08-23 09:45:00,6418.52,11.07,TRADE
NSW1,2026-08-23 09:50:00,6388.55,4.57,TRADE
NSW1,2026-08-23 09:55:00,6379.61,4.65,TRADE
NSW1,2026-08-23 10:00:00,6169.32,0.92,TRADE
NSW1,2026-08-23 10:05:00,6125.75,4.66,TRADE
NSW1,2026-08-23 10:10:00,6154.89,5.36,TRADE
NSW1,2026-08-23 10:15:00,6120.63,15.77,TRADE
NSW1,2026-08-23 10:20:00,6027.71,0.92,TRADE
NSW1,2026-08-23 10:25:00,5984.06,0.92,TRADE
NSW1,2026-08-23 10:30:00,5845.72,0.92,TRADE
NSW1,2026-08-23 10:35:00,5892.93,25.1,TRADE
NSW1,2026-08-23 10:40:00,5773.2,28.05,TRADE
NSW1,2026-08-23 10:45:00,5620.58,15.77,TRADE
NSW1,2026-08-23 10:50:00,5696.35,23.51,TRADE
NSW1,2026-08-23 10:55:00,5694.51,23.95,TRADE
NSW1,2026-08-23 11:00:00,5648.92,23.95,TRADE
NSW1,2026-08-23 11:05:00,5615.67,23.51,TRADE
NSW1,2026-08-23 11:10:00,5706.41,23.51,TRADE
NSW1,2026-08-23 11:15:00,5664.59,15.77,TRADE
NSW1,2026-08-23 11:20:00,5654.73,23.51,TRADE
NSW1,2026-08-23 11:25:00,5650.65,15.77,TRADE
NSW1,2026-08-23 11:30:00,5522.42,15.77,TRADE
NSW1,2026-08-23 11:35:00,5463.87,15.77,TRADE
NSW1,2026-08-23 11:40:00,5538.85,23.51,TRADE
NSW1,2026-08-23 11:45:00,5518.7,15.77,TRADE
NSW1,2026-08-23 11:50:00,5533.04,23.51,TRADE
NSW1,2026-08-23 11:55:00,5512.61,23.51,TRADE
NSW1,2026-08-23 12:00:00,5485.71,23.51,TRADE
NSW1,2026-08-23 12:05:00,5487.99,23.99,TRADE
NSW1,2026-08-23 12:10:00,5670.91,41.88,TRADE
NSW1,2026-08-23 12:15:00,5553.04,23.51,TRADE
NSW1,2026-08-23 12:20:00,5563.67,23.99,TRADE
NSW1,2026-08-23 12:25:00,5609.65,23.99,TRADE
NSW1,2026-08-23 12:30:00,5528.67,23.99,TRADE
NSW1,2026-08-23 12:35:00,5610.55,42.55,TRADE
NSW1,2026-08-23 12:40:00,5726.3,28.05,TRADE
NSW1,2026-08-23 12:45:00,5748.66,42.88,TRADE
NSW1,2026-08-23 12:50:00,5722.23,42.55,TRADE
NSW1,2026-08-23 12:55:00,5609.54,42.8,TRADE
NSW1,2026-08-23 13:00:00,5668.1,42.55,TRADE
NSW1,2026-08-23 13:05:00,5704.07,42.88,TRADE
NSW1,2026-08-23 13:10:00,5750.04,42.8,TRADE
NSW1,2026-08-23 13:15:00,5798.9,42.88,TRADE
NSW1,2026-08-23 13:20:00,5704.23,42.55,TRADE
NSW1,2026-08-23 13:25:00,5658.51,42.8,TRADE
NSW1,2026-08-23 13:30:00,5596.65,23.95,TRADE
NSW1,2026-08-23 13:35:00,5573.34,23.99,TRADE
NSW1,2026-08-23 13:40:00,5610.21,23.99,TRADE
NSW1,2026-08-23 13:45:00,5573.28,23.95,TRADE
NSW1,2026-08-23 13:50:00,5441.35,23.95,TRADE
NSW1,2026-08-23 13:55:00,5514.88,23.99,TRADE
NSW1,2026-08-23 14:00:00,5485.3,23.95,TRADE
NSW1,2026-08-23 14:05:00,5507.95,23.51,TRADE
NSW1,2026-08-23 14:10:00,5426.78,11.4,TRADE
NSW1,2026-08-23 14:15:00,5510.96,23.51,TRADE
NSW1,2026-08-23 14:20:00,5542.03,23.51,TRADE
NSW1,2026-08-23 14:25:00,5613.49,25.1,TRADE
NSW1,2026-08-23 14:30:00,5579.87,22.96,TRADE
NSW1,2026-08-23 14:35:00,5645.16,25.1,TRADE
NSW1,2026-08-23 14:40:00,5811.91,23.71,TRADE
NSW1,2026-08-23 14:45:00,5881.87,42.88,TRADE
NSW1,2026-08-23 14:50:00,5878.64,25.1,TRADE
NSW1,2026-08-23 14:55:00,5834.32,23.99,TRADE
NSW1,2026-08-23 15:00:00,6025.88,23.94,TRADE
NSW1,2026-08-23 15:05:00,6112.87,1.2,TRADE
NSW1,2026-08-23 15:10:00,6201.92,31.26,TRADE
NSW1,2026-08-23 15:15:00,6172.61,-2.07,TRADE
NSW1,2026-08-23 15:20:00,6392.48,12.55,TRADE
NSW1,2026-08-23 15:25:00,6448.34,11.4,TRADE
NSW1,2026-08-23 15:30:00,6513.32,23.74,TRADE
NSW1,2026-08-23 15:35:00,6562.68,0.0,TRADE
NSW1,2026-08-23 15:40:00,6631.26,23.11,TRADE
NSW1,2026-08-23 15:45:00,6694.25,12.36,TRADE
NSW1,2026-08-23 15:50:00,6870.41,27.71,TRADE
NSW1,2026-08-23 15:55:00,6947.9,23.55,TRADE
NSW1,2026-08-23 16:00:00,6958.56,42.88,TRADE
NSW1,2026-08-23 16:05:00,7167.31,28.95,TRADE
NSW1,2026-08-23 16:10:00,7270.65,52.29,TRADE
NSW1,2026-08-23 16:15:00,7317.44,28.95,TRADE
NSW1,2026-08-23 16:20:00,7394.5,56.92,TRADE
NSW1,2026-08-23 16:25:00,7412.41,42.88,TRADE
NSW1,2026-08-23 16:30:00,7499.12,65.51,TRADE
NSW1,2026-08-23 16:35:00,7725.77,60.04,TRADE
NSW1,2026-08-23 16:40:00,7821.01,60.73,TRADE
NSW1,2026-08-23 16:45:00,7884.34,65.51,TRADE
NSW1,2026-08-23 16:50:00,7973.71,68.88,TRADE
NSW1,2026-08-23 16:55:00,8076.15,83.01,TRADE
NSW1,2026-08-23 17:00:00,8095.23,82.9,TRADE
NSW1,2026-08-23 17:05:00,8178.21,69.99,TRADE
NSW1,2026-08-23 17:10:00,8282.56,69.99,TRADE
NSW1,2026-08-23 17:15:00,8361.5,74.58,TRADE
NSW1,2026-08-23 17:20:00,8415.67,82.9,TRADE
NSW1,2026-08-23 17:25:00,8552.93,84.67,TRADE
NSW1,2026-08-23 17:30:00,8600.54,90.01,TRADE
NSW1,2026-08-23 17:35:00,8653.48,82.9,TRADE
NSW1,2026-08-23 17:40:00,8768.54,82.9,TRADE
NSW1,2026-08-23 17:45:00,8843.06,82.9,TRADE
NSW1,2026-08-23 17:50:00,8929.9,82.9,TRADE
NSW1,2026-08-23 17:55:00,9071.46,84.67,TRADE
NSW1,2026-08-23 18:00:00,9137.92,88.62,TRADE
NSW1,2026-08-23 18:05:00,9038.89,84.67,TRADE
NSW1,2026-08-23 18:10:00,9037.4,83.1,TRADE
NSW1,2026-08-23 18:15:00,9157.7,83.34,TRADE
NSW1,2026-08-23 18:20:00,9197.24,84.38,TRADE
NSW1,2026-08-23 18:25:00,9147.12,89.61,TRADE
NSW1,2026-08-23 18:30:00,9196.82,82.9,TRADE
NSW1,2026-08-23 18:35:00,9238.51,82.9,TRADE
NSW1,2026-08-23 18:40:00,9175.37,84.67,TRADE
NSW1,2026-08-23 18:45:00,9202.32,85.59,TRADE
NSW1,2026-08-23 18:50:00,9146.09,82.9,TRADE
NSW1,2026-08-23 18:55:00,9196.2,82.9,TRADE
NSW1,2026-08-23 19:00:00,9156.94,84.2,TRADE
NSW1,2026-08-23 19:05:00,9088.12,82.9,TRADE
NSW1,2026-08-23 19:10:00,9089.78,82.9,TRADE
NSW1,2026-08-23 19:15:00,9109.34,79.21,TRADE
NSW1,2026-08-23 19:20:00,9061.34,80.05,TRADE
NSW1,2026-08-23 19:25:00,9003.99,82.9,TRADE
NSW1,2026-08-23 19:30:00,9000.05,82.8,TRADE
NSW1,2026-08-23 19:35:00,9033.63,82.38,TRADE
NSW1,2026-08-23 19:40:00,9049.82,81.32,TRADE
NSW1,2026-08-23 19:45:00,8915.82,82.9,TRADE
NSW1,2026-08-23 19:50:00,8957.86,82.9,TRADE
NSW1,2026-08-23 19:55:00,8857.66,82.9,TRADE
NSW1,2026-08-23 20:00:00,8850.65,81.63,TRADE
NSW1,2026-08-23 20:05:00,8885.54,85.8,TRADE
NSW1,2026-08-23 20:10:00,8797.06,74.85,TRADE
NSW1,2026-08-23 20:15:00,8864.97,78.45,TRADE
NSW1,2026-08-23 20:20:00,8874.62,90.49,TRADE
NSW1,2026-08-23 20:25:00,8813.06,85.24,TRADE
NSW1,2026-08-23 20:30:00,8772.2,82.9,TRADE
NSW1,2026-08-23 20:35:00,8796.3,82.1,TRADE
NSW1,2026-08-23 20:40:00,8796.98,77.89,TRADE
NSW1,2026-08-23 20:45:00,8756.08,86.61,TRADE
NSW1,2026-08-23 20:50:00,8682.4,84.67,TRADE
NSW1,2026-08-23 20:55:00,8593.89,81.68,TRADE
NSW1,2026-08-23 21:00:00,8568.72,71.4,TRADE
NSW1,2026-08-23 21:05:00,8649.66,84.67,TRADE
NSW1,2026-08-23 21:10:00,8618.49,80.52,TRADE
NSW1,2026-08-23 21:15:00,8575.01,77.23,TRADE
NSW1,2026-08-23 21:20:00,8550.12,75.94,TRADE
NSW1,2026-08-23 21:25:00,8559.91,78.64,TRADE
NSW1,2026-08-23 21:30:00,8475.99,71.38,TRADE
NSW1,2026-08-23 21:35:00,8448.52,79.59,TRADE
NSW1,2026-08-23 21:40:00,8381.41,79.08,TRADE
NSW1,2026-08-23 21:45:00,8327.03,76.89,TRADE
NSW1,2026-08-23 21:50:00,8317.83,70.95,TRADE
NSW1,2026-08-23 21:55:00,8275.25,70.88,TRADE
NSW1,2026-08-23 22:00:00,8235.05,66.77,TRADE
NSW1,2026-08-23 22:05:00,8101.08,69.99,TRADE
NSW1,2026-08-23 22:10:00,8217.31,82.23,TRADE
NSW1,2026-08-23 22:15:00,8214.06,72.02,TRADE
NSW1,2026-08-23 22:20:00,8260.88,72.05,TRADE
NSW1,2026-08-23 22:25:00,8145.75,65.5,TRADE
NSW1,2026-08-23 22:30:00,8095.1,60.75,TRADE
NSW1,2026-08-23 22:35:00,8105.59,64.95,TRADE
NSW1,2026-08-23 22:40:00,8067.08,61.37,TRADE
NSW1,2026-08-23 22:45:00,8072.94,61.65,TRADE
NSW1,2026-08-23 22:50:00,7941.99,60.88,TRADE
NSW1,2026-08-23 22:55:00,7900.52,60.13,TRADE
NSW1,2026-08-23 23:00:00,7926.7,60.9,TRADE
NSW1,2026-08-23 23:05:00,7929.13,62.13,TRADE
NSW1,2026-08-23 23:10:00,7839.53,62.11,TRADE
NSW1,2026-08-23 23:15:00,7821.69,62.55,TRADE
NSW1,2026-08-23 23:20:00,7700.31,61.73,TRADE
NSW1,2026-08-23 23:25:00,7652.02,64.89,TRADE
NSW1,2026-08-23 23:30:00,7718.28,64.89,TRADE
NSW1,2026-08-23 23:35:00,7721.03,62.19,TRADE
NSW1,2026-08-23 23:40:00,7575.18,60.58,TRADE
NSW1,2026-08-23 23:45:00,7610.99,60.61,TRADE
NSW1,2026-08-23 23:50:00,7606.95,60.24,TRADE
NSW1,2026-08-23 23:55:00,7525.95,43.23,TRADE
NSW1,2026-08-24 00:00:00,7566.56,43.22,TRADE
NSW1,2026-08-24 00:05:00,7492.07,61.11,TRADE
NSW1,2026-08-24 00:10:00,7506.02,64.95,TRADE
NSW1,2026-08-24 00:15:00,7470.08,62.72,TRADE
NSW1,2026-08-24 00:20:00,7518.71,63.17,TRADE
NSW1,2026-08-24 00:25:00,7457.85,61.92,TRADE
NSW1,2026-08-24 00:30:00,7436.48,61.98,TRADE
NSW1,2026-08-24 00:35:00,7371.52,61.56,TRADE
NSW1,2026-08-24 00:40:00,7400.8,62.02,TRADE
NSW1,2026-08-24 00:45:00,7410.01,57.39,TRADE
NSW1,2026-08-24 00:50:00,7424.21,62.04,TRADE
NSW1,2026-08-24 00:55:00,7302.29,48.16,TRADE
NSW1,2026-08-24 01:00:00,7315.57,48.45,TRADE
NSW1,2026-08-24 01:05:00,7309.91,61.68,TRADE
NSW1,2026-08-24 01:10:00,7302.19,57.39,TRADE
NSW1,2026-08-24 01:15:00,7305.29,57.39,TRADE
NSW1,2026-08-24 01:20:00,7289.28,49.47,TRADE
NSW1,2026-08-24 01:25:00,7265.12,57.39,TRADE
NSW1,2026-08-24 01:30:00,7159.38,60.93,TRADE
NSW1,2026-08-24 01:35:00,7229.05,62.51,TRADE
NSW1,2026-08-24 01:40:00,7193.84,57.39,TRADE
NSW1,2026-08-24 01:45:00,7053.91,48.2,TRADE
NSW1,2026-08-24 01:50:00,7062.59,48.85,TRADE
NSW1,2026-08-24 01:55:00,7057.18,57.81,TRADE
NSW1,2026-08-24 02:00:00,7002.33,47.6,TRADE
NSW1,2026-08-24 02:05:00,6992.81,64.95,TRADE
NSW1,2026-08-24 02:10:00,6908.81,57.39,TRADE
NSW1,2026-08-24 02:15:00,6892.92,48.55,TRADE
NSW1,2026-08-24 02:20:00,6862.98,48.56,TRADE
NSW1,2026-08-24 02:25:00,6916.12,61.38,TRADE
NSW1,2026-08-24 02:30:00,6876.87,57.39,TRADE
NSW1,2026-08-24 02:35:00,6786.98,42.88,TRADE
NSW1,2026-08-24 02:40:00,6884.47,45.46,TRADE
NSW1,2026-08-24 02:45:00,6834.99,61.09,TRADE
NSW1,2026-08-24 02:50:00,6759.77,57.39,TRADE
NSW1,2026-08-24 02:55:00,6795.84,45.17,TRADE
NSW1,2026-08-24 03:00:00,6734.75,42.88,TRADE
NSW1,2026-08-24 03:05:00,6690.6,57.39,TRADE
NSW1,2026-08-24 03:10:00,6718.56,61.39,TRADE
NSW1,2026-08-24 03:15:00,6764.28,57.89,TRADE
NSW1,2026-08-24 03:20:00,6820.82,62.6,TRADE
NSW1,2026-08-24 03:25:00,6692.86,45.44,TRADE
NSW1,2026-08-24 03:30:00,6761.07,57.39,TRADE
NSW1,2026-08-24 03:35:00,6727.76,60.99,TRADE
NSW1,2026-08-24 03:40:00,6737.44,61.38,TRADE
NSW1,2026-08-24 03:45:00,6749.94,62.16,TRADE
NSW1,2026-08-24 03:50:00,6646.85,57.39,TRADE
NSW1,2026-08-24 03:55:00,6660.08,57.39,TRADE
NSW1,2026-08-24 04:00:00,6703.38,58.42,TRADE
NSW1,2026-08-24 04:05:00,6736.68,61.73,TRADE
NSW1,2026-08-24 04:10:00,6765.11,62.12,TRADE
NSW1,2026-08-24 04:15:00,6698.17,61.66,TRADE
NSW1,2026-08-24 04:20:00,6792.23,63.29,TRADE
NSW1,2026-08-24 04:25:00,6779.67,63.25,TRADE
NSW1,2026-08-24 04:30:00,6848.04,64.33,TRADE
NSW1,2026-08-24 04:35:00,6835.07,64.04,TRADE
NSW1,2026-08-24 04:40:00,6797.99,63.17,TRADE
NSW1,2026-08-24 04:45:00,6782.89,64.95,TRADE
NSW1,2026-08-24 04:50:00,6810.1,65.51,TRADE
NSW1,2026-08-24 04:55:00,6927.93,67.35,TRADE
NSW1,2026-08-24 05:00:00,6944.92,65.37,TRADE
NSW1,2026-08-24 05:05:00,7036.83,46.65,TRADE
NSW1,2026-08-24 05:10:00,7092.41,57.39,TRADE
NSW1,2026-08-24 05:15:00,7193.56,64.95,TRADE
NSW1,2026-08-24 05:20:00,7218.9,64.95,TRADE
NSW1,2026-08-24 05:25:00,7324.47,65.51,TRADE
NSW1,2026-08-24 05:30:00,7364.1,68.58,TRADE
NSW1,2026-08-24 05:35:00,7457.1,60.61,TRADE
NSW1,2026-08-24 05:40:00,7478.85,59.8,TRADE
NSW1,2026-08-24 05:45:00,7553.62,57.39,TRADE
NSW1,2026-08-24 05:50:00,7598.04,70.03,TRADE
NSW1,2026-08-24 05:55:00,7638.46,64.05,TRADE
NSW1,2026-08-24 06:00:00,7703.27,64.95,TRADE
NSW1,2026-08-24 06:05:00,7797.66,65.51,TRADE
NSW1,2026-08-24 06:10:00,7969.55,71.4,TRADE
NSW1,2026-08-24 06:15:00,8074.86,71.4,TRADE
NSW1,2026-08-24 06:20:00,8217.2,71.4,TRADE
NSW1,2026-08-24 06:25:00,8271.92,71.4,TRADE
NSW1,2026-08-24 06:30:00,8387.71,71.4,TRADE
NSW1,2026-08-24 06:35:00,8474.2,69.99,TRADE
NSW1,2026-08-24 06:40:00,8608.62,71.38,TRADE
NSW1,2026-08-24 06:45:00,8653.75,71.4,TRADE
NSW1,2026-08-24 06:50:00,8738.11,71.4,TRADE
NSW1,2026-08-24 06:55:00,8783.04,71.4,TRADE
NSW1,2026-08-24 07:00:00,8805.3,71.4,TRADE
NSW1,2026-08-24 07:05:00,8854.91,76.99,TRADE
NSW1,2026-08-24 07:10:00,8825.53,71.38,TRADE
NSW1,2026-08-24 07:15:00,8869.64,71.38,TRADE
NSW1,2026-08-24 07:20:00,8862.23,53.98,TRADE
NSW1,2026-08-24 07:25:00,8762.51,58.22,TRADE
NSW1,2026-08-24 07:30:00,8710.25,51.69,TRADE
NSW1,2026-08-24 07:35:00,8659.06,43.29,TRADE
NSW1,2026-08-24 07:40:00,8601.53,44.16,TRADE
NSW1,2026-08-24 07:45:00,8558.07,28.05,TRADE
NSW1,2026-08-24 07:50:00,8511.08,28.05,TRADE
NSW1,2026-08-24 07:55:00,8380.73,28.05,TRADE
NSW1,2026-08-24 08:00:00,8336.79,28.05,TRADE
NSW1,2026-08-24 08:05:00,8262.97,23.95,TRADE
NSW1,2026-08-24 08:10:00,8163.52,17.86,TRADE
NSW1,2026-08-24 08:15:00,8153.87,23.99,TRADE
NSW1,2026-08-24 08:20:00,8027.52,24.96,TRADE
NSW1,2026-08-24 08:25:00,7967.04,13.3,TRADE
NSW1,2026-08-24 08:30:00,7866.83,13.3,TRADE
NSW1,2026-08-24 08:35:00,7723.13,24.41,TRADE
NSW1,2026-08-24 08:40:00,7608.75,23.95,TRADE
NSW1,2026-08-24 08:45:00,7475.87,25.1,TRADE
NSW1,2026-08-24 08:50:00,7370.83,23.99,TRADE
NSW1,2026-08-24 08:55:00,7262.42,23.95,TRADE
NSW1,2026-08-24 09:00:00,7176.86,16.04,TRADE
NSW1,2026-08-24 09:05:00,7105.7,23.26,TRADE
NSW1,2026-08-24 09:10:00,7047.7,25.1,TRADE
NSW1,2026-08-24 09:15:00,6987.28,25.1,TRADE
NSW1,2026-08-24 09:20:00,6894.7,22.54,TRADE
NSW1,2026-08-24 09:25:00,6854.47,23.99,TRADE
NSW1,2026-08-24 09:30:00,6723.42,13.3,TRADE
NSW1,2026-08-24 09:35:00,6732.8,26.77,TRADE
NSW1,2026-08-24 09:40:00,6523.3,25.1,TRADE
NSW1,2026-08-24 09:45:00,6500.67,28.05,TRADE
NSW1,2026-08-24 09:50:00,6460.52,25.1,TRADE
NSW1,2026-08-24 09:55:00,6443.61,23.95,TRADE
NSW1,2026-08-24 10:00:00,6251.48,15.66,TRADE
NSW1,2026-08-24 10:05:00,6212.45,26.88,TRADE
NSW1,2026-08-24 10:10:00,6188.62,26.37,TRADE
NSW1,2026-08-24 10:15:00,6098.79,26.89,TRADE
NSW1,2026-08-24 10:20:00,6005.88,23.95,TRADE
NSW1,2026-08-24 10:25:00,5950.05,23.99,TRADE
NSW1,2026-08-24 10:30:00,5848.69,13.3,TRADE
NSW1,2026-08-24 10:35:00,5874.63,24.84,TRADE
NSW1,2026-08-24 10:40:00,5755.67,13.3,TRADE
NSW1,2026-08-24 10:45:00,5636.64,24.26,TRADE
NSW1,2026-08-24 10:50:00,5579.57,23.99,TRADE
NSW1,2026-08-24 10:55:00,5579.68,13.3,TRADE
NSW1,2026-08-24 11:00:00,5589.23,23.99,TRADE
NSW1,2026-08-24 11:05:00,5386.66,19.54,TRADE
NSW1,2026-08-24 11:10:00,5509.96,29.62,TRADE
NSW1,2026-08-24 11:15:00,5456.17,25.56,TRADE
NSW1,2026-08-24 11:20:00,5390.82,23.95,TRADE
NSW1,2026-08-24 11:25:00,5446.1,23.99,TRADE
NSW1,2026-08-24 11:30:00,5418.25,23.95,TRADE
NSW1,2026-08-24 11:35:00,5330.57,20.28,TRADE
NSW1,2026-08-24 11:40:00,5347.9,23.95,TRADE
NSW1,2026-08-24 11:45:00,5222.05,13.2,TRADE
NSW1,2026-08-24 11:50:00,5268.83,23.95,TRADE
NSW1,2026-08-24 11:55:00,5194.15,20.03,TRADE
NSW1,2026-08-24 12:00:00,5176.6,23.95,TRADE
NSW1,2026-08-24 12:05:00,5081.32,23.68,TRADE
NSW1,2026-08-24 12:10:00,5107.44,23.95,TRADE
NSW1,2026-08-24 12:15:00,4994.68,23.99,TRADE
NSW1,2026-08-24 12:20:00,5031.06,13.64,TRADE
NSW1,2026-08-24 12:25:00,5129.58,25.26,TRADE
NSW1,2026-08-24 12:30:00,5010.71,23.99,TRADE
NSW1,2026-08-24 12:35:00,4969.2,18.08,TRADE
NSW1,2026-08-24 12:40:00,4999.97,23.99,TRADE
NSW1,2026-08-24 12:45:00,4985.14,25.16,TRADE
NSW1,2026-08-24 12:50:00,5021.22,19.98,TRADE
NSW1,2026-08-24 12:55:00,4990.75,14.11,TRADE
NSW1,2026-08-24 13:00:00,5027.61,19.72,TRADE
NSW1,2026-08-24 13:05:00,5004.57,13.59,TRADE
NSW1,2026-08-24 13:10:00,5117.94,22.71,TRADE
NSW1,2026-08-24 13:15:00,5073.2,25.1,TRADE
NSW1,2026-08-24 13:20:00,4991.43,11.94,TRADE
NSW1,2026-08-24 13:25:00,5115.61,13.2,TRADE
NSW1,2026-08-24 13:30:00,5097.89,22.26,TRADE
NSW1,2026-08-24 13:35:00,5090.55,12.75,TRADE
NSW1,2026-08-24 13:40:00,5184.82,23.86,TRADE
NSW1,2026-08-24 13:45:00,5106.87,23.54,TRADE
NSW1,2026-08-24 13:50:00,5191.86,17.57,TRADE
NSW1,2026-08-24 13:55:00,5253.4,13.37,TRADE
NSW1,2026-08-24 14:00:00,5326.25,6.77,TRADE
NSW1,2026-08-24 14:05:00,5426.77,25.17,TRADE
NSW1,2026-08-24 14:10:00,5378.17,25.84,TRADE
NSW1,2026-08-24 14:15:00,5419.27,6.98,TRADE
NSW1,2026-08-24 14:20:00,5485.09,6.77,TRADE
NSW1,2026-08-24 14:25:00,5646.93,6.88,TRADE
NSW1,2026-08-24 14:30:00,5692.18,25.93,TRADE
NSW1,2026-08-24 14:35:00,5667.0,26.27,TRADE
NSW1,2026-08-24 14:40:00,5797.58,26.14,TRADE
NSW1,2026-08-24 14:45:00,5756.93,25.56,TRADE
NSW1,2026-08-24 14:50:00,5869.1,6.6,TRADE
NSW1,2026-08-24 14:55:00,5938.22,33.31,TRADE
NSW1,2026-08-24 15:00:00,5920.74,26.87,TRADE
NSW1,2026-08-24 15:05:00,6027.48,27.91,TRADE
NSW1,2026-08-24 15:10:00,6131.3,0.0,TRADE
NSW1,2026-08-24 15:15:00,6227.12,0.0,TRADE
NSW1,2026-08-24 15:20:00,6286.11,0.01,TRADE
NSW1,2026-08-24 15:25:00,6414.15,0.0,TRADE
NSW1,2026-08-24 15:30:00,6486.03,0.0,TRADE
NSW1,2026-08-24 15:35:00,6573.5,-2.89,TRADE
NSW1,2026-08-24 15:40:00,6683.76,-4.73,TRADE
NSW1,2026-08-24 15:45:00,6795.85,-6.62,TRADE
NSW1,2026-08-24 15:50:00,6974.39,0.0,TRADE
NSW1,2026-08-24 15:55:00,7121.08,23.79,TRADE
NSW1,2026-08-24 16:00:00,7221.33,59.1,TRADE
NSW1,2026-08-24 16:05:00,7305.14,61.02,TRADE
NSW1,2026-08-24 16:10:00,7437.3,83.34,TRADE
NSW1,2026-08-24 16:15:00,7503.58,89.28,TRADE
NSW1,2026-08-24 16:20:00,7624.67,94.79,TRADE
NSW1,2026-08-24 16:25:00,7465.52,92.6,TRADE
NSW1,2026-08-24 16:30:00,7552.76,90.49,TRADE
NSW1,2026-08-24 16:35:00,7656.93,86.12,TRADE
NSW1,2026-08-24 16:40:00,7835.59,90.49,TRADE
NSW1,2026-08-24 16:45:00,7898.71,101.1,TRADE
NSW1,2026-08-24 16:50:00,7935.75,101.1,TRADE
NSW1,2026-08-24 16:55:00,8023.39,95.2,TRADE
NSW1,2026-08-24 17:00:00,8363.17,97.52,TRADE
NSW1,2026-08-24 17:05:00,8515.47,98.19,TRADE
NSW1,2026-08-24 17:10:00,8528.04,92.85,TRADE
NSW1,2026-08-24 17:15:00,8624.56,102.22,TRADE
NSW1,2026-08-24 17:20:00,8703.22,113.85,TRADE
NSW1,2026-08-24 17:25:00,8827.76,118.09,TRADE
NSW1,2026-08-24 17:30:00,8827.56,115.04,TRADE
NSW1,2026-08-24 17:35:00,8911.66,117.91,TRADE
NSW1,2026-08-24 17:40:00,8956.71,112.76,TRADE
NSW1,2026-08-24 17:45:00,9109.94,115.68,TRADE
NSW1,2026-08-24 17:50:00,9210.9,116.74,TRADE
NSW1,2026-08-24 17:55:00,9284.49,117.35,TRADE
NSW1,2026-08-24 18:00:00,9343.94,119.96,TRADE
NSW1,2026-08-24 18:05:00,9436.6,114.59,TRADE
NSW1,2026-08-24 18:10:00,9304.23,113.4,TRADE
NSW1,2026-08-24 18:15:00,9372.79,113.4,TRADE
NSW1,2026-08-24 18:20:00,9387.41,113.4,TRADE
NSW1,2026-08-24 18:25:00,9372.18,113.4,TRADE
NSW1,2026-08-24 18:30:00,9295.51,113.4,TRADE
NSW1,2026-08-24 18:35:00,9279.44,113.38,TRADE
NSW1,2026-08-24 18:40:00,9251.27,107.6,TRADE
NSW1,2026-08-24 18:45:00,9283.03,99.58,TRADE
NSW1,2026-08-24 18:50:00,9357.53,109.12,TRADE
NSW1,2026-08-24 18:55:00,9215.05,104.74,TRADE
NSW1,2026-08-24 19:00:00,9159.48,100.11,TRADE
NSW1,2026-08-24 19:05:00,9208.71,113.4,TRADE
NSW1,2026-08-24 19:10:00,9150.13,107.09,TRADE
NSW1,2026-08-24 19:15:00,9094.35,105.96,TRADE
NSW1,2026-08-24 19:20:00,9091.55,100.39,TRADE
NSW1,2026-08-24 19:25:00,9117.93,106.01,TRADE
NSW1,2026-08-24 19:30:00,9081.51,102.95,TRADE
NSW1,2026-08-24 19:35:00,9025.43,106.16,TRADE
NSW1,2026-08-24 19:40:00,9023.72,101.12,TRADE
NSW1,2026-08-24 19:45:00,8950.97,88.48,TRADE
NSW1,2026-08-24 19:50:00,8994.93,95.2,TRADE
NSW1,2026-08-24 19:55:00,8920.21,99.36,TRADE
NSW1,2026-08-24 20:00:00,8867.56,96.66,TRADE
NSW1,2026-08-24 20:05:00,8855.97,97.63,TRADE
NSW1,2026-08-24 20:10:00,8812.27,93.53,TRADE
NSW1,2026-08-24 20:15:00,8840.71,90.46,TRADE
NSW1,2026-08-24 20:20:00,8831.11,95.2,TRADE
NSW1,2026-08-24 20:25:00,8749.75,90.46,TRADE
NSW1,2026-08-24 20:30:00,8765.94,99.21,TRADE
NSW1,2026-08-24 20:35:00,8688.5,95.2,TRADE
NSW1,2026-08-24 20:40:00,8719.56,106.35,TRADE
NSW1,2026-08-24 20:45:00,8616.41,104.01,TRADE
NSW1,2026-08-24 20:50:00,8625.99,106.78,TRADE
NSW1,2026-08-24 20:55:00,8604.56,106.63,TRADE
NSW1,2026-08-24 21:00:00,8575.82,95.2,TRADE
NSW1,2026-08-24 21:05:00,8569.41,113.4,TRADE
NSW1,2026-08-24 21:10:00,8553.99,100.83,TRADE
NSW1,2026-08-24 21:15:00,8530.22,113.4,TRADE
NSW1,2026-08-24 21:20:00,8434.39,102.89,TRADE
NSW1,2026-08-24 21:25:00,8427.58,111.19,TRADE
NSW1,2026-08-24 21:30:00,8340.18,97.86,TRADE
NSW1,2026-08-24 21:35:00,8364.65,111.46,TRADE
NSW1,2026-08-24 21:40:00,8322.78,108.6,TRADE
NSW1,2026-08-24 21:45:00,8319.15,109.29,TRADE
NSW1,2026-08-24 21:50:00,8239.8,90.53,TRADE
NSW1,2026-08-24 21:55:00,8193.34,86.59,TRADE
NSW1,2026-08-24 22:00:00,8142.99,71.4,TRADE
NSW1,2026-08-24 22:05:00,8087.85,71.4,TRADE
NSW1,2026-08-24 22:10:00,8165.73,71.4,TRADE
NSW1,2026-08-24 22:15:00,8175.35,71.4,TRADE
NSW1,2026-08-24 22:20:00,8169.92,89.73,TRADE
NSW1,2026-08-24 22:25:00,8082.5,71.4,TRADE
NSW1,2026-08-24 22:30:00,8093.73,77.79,TRADE
NSW1,2026-08-24 22:35:00,8062.72,78.84,TRADE
NSW1,2026-08-24 22:40:00,8014.58,74.37,TRADE
NSW1,2026-08-24 22:45:00,7943.2,84.46,TRADE
NSW1,2026-08-24 22:50:00,7890.04,67.32,TRADE
NSW1,2026-08-24 22:55:00,7848.79,66.53,TRADE
NSW1,2026-08-24 23:00:00,7884.18,74.0,TRADE
NSW1,2026-08-24 23:05:00,7867.83,83.99,TRADE
NSW1,2026-08-24 23:10:00,7821.44,82.6,TRADE
NSW1,2026-08-24 23:15:00,7819.44,83.65,TRADE
NSW1,2026-08-24 23:20:00,7770.14,71.84,TRADE
NSW1,2026-08-24 23:25:00,7716.47,79.49,TRADE
NSW1,2026-08-24 23:30:00,7614.9,78.8,TRADE
NSW1,2026-08-24 23:35:00,7590.44,70.05,TRADE
NSW1,2026-08-24 23:40:00,7625.98,83.99,TRADE
NSW1,2026-08-24 23:45:00,7610.17,70.69,TRADE
NSW1,2026-08-24 23:50:00,7556.55,86.53,TRADE
NSW1,2026-08-24 23:55:00,7517.45,87.93,TRADE
NSW1,2026-08-25 00:00:00,7585.87,85.5,TRADE
NSW1,2026-08-25 00:05:00,7574.48,86.0,TRADE
NSW1,2026-08-25 00:10:00,7631.73,91.51,TRADE
NSW1,2026-08-25 00:15:00,7703.54,94.08,TRADE
NSW1,2026-08-25 00:20:00,7698.17,94.02,TRADE
NSW1,2026-08-25 00:25:00,7640.12,91.56,TRADE
NSW1,2026-08-25 00:30:00,7587.79,83.99,TRADE
NSW1,2026-08-25 00:35:00,7544.15,83.99,TRADE
NSW1,2026-08-25 00:40:00,7565.27,83.99,TRADE
NSW1,2026-08-25 00:45:00,7521.61,84.65,TRADE
NSW1,2026-08-25 00:50:00,7523.08,83.99,TRADE
NSW1,2026-08-25 00:55:00,7494.6,73.2,TRADE
NSW1,2026-08-25 01:00:00,7441.97,83.93,TRADE
NSW1,2026-08-25 01:05:00,7371.67,73.2,TRADE
NSW1,2026-08-25 01:10:00,7352.35,73.82,TRADE
NSW1,2026-08-25 01:15:00,7338.36,81.32,TRADE
NSW1,2026-08-25 01:20:00,7289.31,80.33,TRADE
NSW1,2026-08-25 01:25:00,7200.29,73.2,TRADE
NSW1,2026-08-25 01:30:00,7148.98,73.2,TRADE
NSW1,2026-08-25 01:35:00,7089.9,76.4,TRADE
NSW1,2026-08-25 01:40:00,7165.61,81.39,TRADE
NSW1,2026-08-25 01:45:00,7158.26,73.2,TRADE
NSW1,2026-08-25 01:50:00,7141.0,88.88,TRADE
NSW1,2026-08-25 01:55:00,7110.96,74.87,TRADE
NSW1,2026-08-25 02:00:00,7104.2,74.89,TRADE
NSW1,2026-08-25 02:05:00,7060.06,83.99,TRADE
NSW1,2026-08-25 02:10:00,7019.1,87.21,TRADE
NSW1,2026-08-25 02:15:00,6973.58,78.99,TRADE
NSW1,2026-08-25 02:20:00,6909.22,83.99,TRADE
NSW1,2026-08-25 02:25:00,6819.15,75.37,TRADE
NSW1,2026-08-25 02:30:00,6770.66,76.78,TRADE
NSW1,2026-08-25 02:35:00,6731.19,85.98,TRADE
NSW1,2026-08-25 02:40:00,6763.0,85.13,TRADE
NSW1,2026-08-25 02:45:00,6788.24,88.9,TRADE
NSW1,2026-08-25 02:50:00,6641.2,76.96,TRADE
NSW1,2026-08-25 02:55:00,6764.35,82.09,TRADE
NSW1,2026-08-25 03:00:00,6726.5,87.67,TRADE
NSW1,2026-08-25 03:05:00,6663.48,83.99,TRADE
NSW1,2026-08-25 03:10:00,6681.49,76.93,TRADE
NSW1,2026-08-25 03:15:00,6718.51,84.03,TRADE
NSW1,2026-08-25 03:20:00,6721.39,83.99,TRADE
NSW1,2026-08-25 03:25:00,6709.44,80.72,TRADE
NSW1,2026-08-25 03:30:00,6661.2,83.99,TRADE
NSW1,2026-08-25 03:35:00,6641.66,81.94,TRADE
NSW1,2026-08-25 03:40:00,6662.92,82.48,TRADE
NSW1,2026-08-25 03:45:00,6691.33,82.48,TRADE
NSW1,2026-08-25 03:50:00,6700.81,82.05,TRADE
NSW1,2026-08-25 03:55:00,6669.92,76.42,TRADE
NSW1,2026-08-25 04:00:00,6674.01,80.75,TRADE
NSW1,2026-08-25 04:05:00,6627.95,86.24,TRADE
NSW1,2026-08-25 04:10:00,6714.11,87.75,TRADE
NSW1,2026-08-25 04:15:00,6754.23,87.03,TRADE
NSW1,2026-08-25 04:20:00,6741.54,87.58,TRADE
NSW1,2026-08-25 04:25:00,6762.47,87.0,TRADE
NSW1,2026-08-25 04:30:00,6840.95,90.0,TRADE
NSW1,2026-08-25 04:35:00,6816.8,86.32,TRADE
NSW1,2026-08-25 04:40:00,6787.49,84.79,TRADE
NSW1,2026-08-25 04:45:00,6793.17,84.66,TRADE
NSW1,2026-08-25 04:50:00,6788.57,84.79,TRADE
NSW1,2026-08-25 04:55:00,6903.4,84.79,TRADE
NSW1,2026-08-25 05:00:00,6909.64,84.79,TRADE
NSW1,2026-08-25 05:05:00,6934.52,80.4,TRADE
NSW1,2026-08-25 05:10:00,7016.8,83.96,TRADE
NSW1,2026-08-25 05:15:00,7093.11,89.92,TRADE
NSW1,2026-08-25 05:20:00,7128.6,89.23,TRADE
NSW1,2026-08-25 05:25:00,7205.59,90.51,TRADE
NSW1,2026-08-25 05:30:00,7122.9,87.84,TRADE
NSW1,2026-08-25 05:35:00,7191.09,73.15,TRADE
NSW1,2026-08-25 05:40:00,7262.19,73.15,TRADE
NSW1,2026-08-25 05:45:00,7361.51,84.79,TRADE
NSW1,2026-08-25 05:50:00,7390.13,80.92,TRADE
NSW1,2026-08-25 05:55:00,7473.57,87.73,TRADE
NSW1,2026-08-25 06:00:00,7479.55,84.79,TRADE
NSW1,2026-08-25 06:05:00,7608.4,87.06,TRADE
NSW1,2026-08-25 06:10:00,7700.94,92.67,TRADE
NSW1,2026-08-25 06:15:00,7861.94,93.17,TRADE
NSW1,2026-08-25 06:20:00,7909.29,97.63,TRADE
NSW1,2026-08-25 06:25:00,7903.28,99.01,TRADE
NSW1,2026-08-25 06:30:00,7931.01,95.2,TRADE
NSW1,2026-08-25 06:35:00,8059.1,95.2,TRADE
NSW1,2026-08-25 06:40:00,8144.51,88.9,TRADE
NSW1,2026-08-25 06:45:00,8249.82,95.56,TRADE
NSW1,2026-08-25 06:50:00,8313.86,95.2,TRADE
NSW1,2026-08-25 06:55:00,8354.47,93.2,TRADE
NSW1,2026-08-25 07:00:00,8295.17,91.2,TRADE
NSW1,2026-08-25 07:05:00,8376.03,73.54,TRADE
NSW1,2026-08-25 07:10:00,8387.98,79.03,TRADE
NSW1,2026-08-25 07:15:00,8395.71,73.63,TRADE
NSW1,2026-08-25 07:20:00,8408.38,71.56,TRADE
NSW1,2026-08-25 07:25:00,8421.53,64.95,TRADE
NSW1,2026-08-25 07:30:00,8407.62,42.08,TRADE
NSW1,2026-08-25 07:35:00,8477.66,73.15,TRADE
NSW1,2026-08-25 07:40:00,8415.72,73.15,TRADE
NSW1,2026-08-25 07:45:00,8407.75,73.15,TRADE
NSW1,2026-08-25 07:50:00,8377.89,73.15,TRADE
NSW1,2026-08-25 07:55:00,8445.23,64.94,TRADE
NSW1,2026-08-25 08:00:00,8447.24,57.4,TRADE
NSW1,2026-08-25 08:05:00,8457.8,72.0,TRADE
NSW1,2026-08-25 08:10:00,8468.6,73.15,TRADE
NSW1,2026-08-25 08:15:00,8374.65,57.4,TRADE
NSW1,2026-08-25 08:20:00,8396.97,69.99,TRADE
NSW1,2026-08-25 08:25:00,8308.09,69.99,TRADE
NSW1,2026-08-25 08:30:00,8305.98,69.99,TRADE
NSW1,2026-08-25 08:35:00,8195.66,78.87,TRADE
NSW1,2026-08-25 08:40:00,8327.22,84.79,TRADE
NSW1,2026-08-25 08:45:00,8241.34,65.04,TRADE
NSW1,2026-08-25 08:50:00,8298.5,83.85,TRADE
NSW1,2026-08-25 08:55:00,8117.22,57.4,TRADE
NSW1,2026-08-25 09:00:00,8257.71,64.95,TRADE
NSW1,2026-08-25 09:05:00,8242.21,68.02,TRADE
NSW1,2026-08-25 09:10:00,8336.77,73.15,TRADE
NSW1,2026-08-25 09:15:00,8305.73,64.95,TRADE
NSW1,2026-08-25 09:20:00,8307.35,52.3,TRADE
NSW1,2026-08-25 09:25:00,8215.47,73.15,TRADE
NSW1,2026-08-25 09:30:00,8213.18,83.99,TRADE
NSW1,2026-08-25 09:35:00,8162.52,93.17,TRADE
NSW1,2026-08-25 09:40:00,8230.37,93.13,TRADE
NSW1,2026-08-25 09:45:00,8253.28,96.6,TRADE
NSW1,2026-08-25 09:50:00,8235.75,94.34,TRADE
NSW1,2026-08-25 09:55:00,8289.03,84.79,TRADE
NSW1,2026-08-25 10:00:00,8156.79,64.95,TRADE
NSW1,2026-08-25 10:05:00,8112.58,84.79,TRADE
NSW1,2026-08-25 10:10:00,8129.24,75.56,TRADE
NSW1,2026-08-25 10:15:00,8193.67,80.0,TRADE
NSW1,2026-08-25 10:20:00,8243.11,83.99,TRADE
NSW1,2026-08-25 10:25:00,8231.98,88.78,TRADE
NSW1,2026-08-25 10:30:00,8312.1,90.46,TRADE
NSW1,2026-08-25 10:35:00,8414.61,77.25,TRADE
NSW1,2026-08-25 10:40:00,8446.89,79.66,TRADE
NSW1,2026-08-25 10:45:00,8468.68,78.95,TRADE
NSW1,2026-08-25 10:50:00,8413.5,92.5,TRADE
NSW1,2026-08-25 10:55:00,8515.77,90.19,TRADE
NSW1,2026-08-25 11:00:00,8418.03,75.68,TRADE
NSW1,2026-08-25 11:05:00,8451.19,77.67,TRADE
NSW1,2026-08-25 11:10:00,8738.15,99.06,TRADE
NSW1,2026-08-25 11:15:00,8730.99,101.87,TRADE
NSW1,2026-08-25 11:20:00,8616.71,97.63,TRADE
NSW1,2026-08-25 11:25:00,8591.98,83.99,TRADE
NSW1,2026-08-25 11:30:00,8553.93,83.99,TRADE
NSW1,2026-08-25 11:35:00,8564.21,99.01,TRADE
NSW1,2026-08-25 11:40:00,8570.57,99.01,TRADE
NSW1,2026-08-25 11:45:00,8465.33,87.31,TRADE
NSW1,2026-08-25 11:50:00,8476.73,83.99,TRADE
NSW1,2026-08-25 11:55:00,8598.33,79.06,TRADE
NSW1,2026-08-25 12:00:00,8595.97,80.42,TRADE
NSW1,2026-08-25 12:05:00,8657.0,99.01,TRADE
NSW1,2026-08-25 12:10:00,8763.45,97.25,TRADE
NSW1,2026-08-25 12:15:00,8728.33,96.68,TRADE
NSW1,2026-08-25 12:20:00,8743.89,97.65,TRADE
NSW1,2026-08-25 12:25:00,8796.14,79.93,TRADE
NSW1,2026-08-25 12:30:00,8748.22,80.29,TRADE
NSW1,2026-08-25 12:35:00,8743.86,83.12,TRADE
NSW1,2026-08-25 12:40:00,8726.4,79.32,TRADE
NSW1,2026-08-25 12:45:00,8773.14,90.91,TRADE
NSW1,2026-08-25 12:50:00,8704.82,92.42,TRADE
NSW1,2026-08-25 12:55:00,8809.26,96.34,TRADE
NSW1,2026-08-25 13:00:00,8867.65,97.63,TRADE
NSW1,2026-08-25 13:05:00,8866.8,99.01,TRADE
NSW1,2026-08-25 13:10:00,9008.64,99.01,TRADE
NSW1,2026-08-25 13:15:00,8920.05,99.01,TRADE
NSW1,2026-08-25 13:20:00,8950.87,99.01,TRADE
NSW1,2026-08-25 13:25:00,8938.59,99.01,TRADE
NSW1,2026-08-25 13:30:00,8842.12,99.01,TRADE
NSW1,2026-08-25 13:35:00,8816.6,116.19,TRADE
NSW1,2026-08-25 13:40:00,8727.71,99.01,TRADE
NSW1,2026-08-25 13:45:00,8707.69,99.01,TRADE
NSW1,2026-08-25 13:50:00,8778.26,124.29,TRADE
NSW1,2026-08-25 13:55:00,8704.75,124.29,TRADE
NSW1,2026-08-25 14:00:00,8721.94,114.54,TRADE
NSW1,2026-08-25 14:05:00,8707.04,105.21,TRADE
NSW1,2026-08-25 14:10:00,8543.04,99.01,TRADE
NSW1,2026-08-25 14:15:00,8590.43,97.63,TRADE
NSW1,2026-08-25 14:20:00,8616.77,99.01,TRADE
NSW1,2026-08-25 14:25:00,8615.36,99.74,TRADE
NSW1,2026-08-25 14:30:00,8624.98,102.25,TRADE
NSW1,2026-08-25 14:35:00,8580.77,99.01,TRADE
NSW1,2026-08-25 14:40:00,8620.81,100.01,TRADE
NSW1,2026-08-25 14:45:00,8631.83,99.01,TRADE
NSW1,2026-08-25 14:50:00,8691.86,99.93,TRADE
NSW1,2026-08-25 14:55:00,8791.62,104.52,TRADE
NSW1,2026-08-25 15:00:00,8746.85,104.66,TRADE
NSW1,2026-08-25 15:05:00,8729.47,102.54,TRADE
NSW1,2026-08-25 15:10:00,8720.92,104.39,TRADE
NSW1,2026-08-25 15:15:00,8745.54,104.34,TRADE
NSW1,2026-08-25 15:20:00,8765.6,103.38,TRADE
NSW1,2026-08-25 15:25:00,8829.26,111.67,TRADE
NSW1,2026-08-25 15:30:00,8859.99,113.4,TRADE
NSW1,2026-08-25 15:35:00,8920.4,110.16,TRADE
NSW1,2026-08-25 15:40:00,9023.84,114.54,TRADE
NSW1,2026-08-25 15:45:00,8976.41,113.4,TRADE
NSW1,2026-08-25 15:50:00,9043.74,120.0,TRADE
NSW1,2026-08-25 15:55:00,9141.62,119.01,TRADE
NSW1,2026-08-25 16:00:00,9113.65,123.62,TRADE
NSW1,2026-08-25 16:05:00,9177.65,113.4,TRADE
NSW1,2026-08-25 16:10:00,9122.98,113.4,TRADE
NSW1,2026-08-25 16:15:00,9155.7,129.04,TRADE
NSW1,2026-08-25 16:20:00,9145.68,131.79,TRADE
NSW1,2026-08-25 16:25:00,9200.59,139.35,TRADE
NSW1,2026-08-25 16:30:00,9295.55,134.86,TRADE
NSW1,2026-08-25 16:35:00,9291.02,119.01,TRADE
NSW1,2026-08-25 16:40:00,9347.86,119.01,TRADE
NSW1,2026-08-25 16:45:00,9475.81,122.69,TRADE
NSW1,2026-08-25 16:50:00,9553.92,127.34,TRADE
NSW1,2026-08-25 16:55:00,9598.72,132.18,TRADE
NSW1,2026-08-25 17:00:00,9643.27,134.91,TRADE
NSW1,2026-08-25 17:05:00,9733.24,134.86,TRADE
NSW1,2026-08-25 17:10:00,9775.81,133.09,TRADE
NSW1,2026-08-25 17:15:00,9844.79,185.51,TRADE
NSW1,2026-08-25 17:20:00,9778.76,134.86,TRADE
NSW1,2026-08-25 17:25:00,9900.21,169.25,TRADE
NSW1,2026-08-25 17:30:00,9962.63,146.0,TRADE
NSW1,2026-08-25 17:35:00,10035.12,169.25,TRADE
NSW1,2026-08-25 17:40:00,10098.22,169.25,TRADE
NSW1,2026-08-25 17:45:00,10168.7,143.0,TRADE
NSW1,2026-08-25 17:50:00,10231.18,177.49,TRADE
NSW1,2026-08-25 17:55:00,10286.03,143.0,TRADE
NSW1,2026-08-25 18:00:00,10368.8,174.59,TRADE
NSW1,2026-08-25 18:05:00,10298.15,174.59,TRADE
NSW1,2026-08-25 18:10:00,10209.42,143.0,TRADE
NSW1,2026-08-25 18:15:00,10122.96,127.27,TRADE
NSW1,2026-08-25 18:20:00,10211.91,137.85,TRADE
NSW1,2026-08-25 18:25:00,10155.31,163.64,TRADE
NSW1,2026-08-25 18:30:00,10096.12,136.13,TRADE
NSW1,2026-08-25 18:35:00,10062.99,129.03,TRADE
NSW1,2026-08-25 18:40:00,10078.95,127.43,TRADE
NSW1,2026-08-25 18:45:00,10137.0,121.1,TRADE
NSW1,2026-08-25 18:50:00,10115.41,121.1,TRADE
NSW1,2026-08-25 18:55:00,10038.51,116.92,TRADE
NSW1,2026-08-25 19:00:00,9945.37,121.1,TRADE
NSW1,2026-08-25 19:05:00,9871.41,115.16,TRADE
NSW1,2026-08-25 19:10:00,9872.2,108.34,TRADE
NSW1,2026-08-25 19:15:00,9785.26,113.4,TRADE
NSW1,2026-08-25 19:20:00,9775.28,113.4,TRADE
NSW1,2026-08-25 19:25:00,9739.54,119.01,TRADE
NSW1,2026-08-25 19:30:00,9707.21,119.01,TRADE
NSW1,2026-08-25 19:35:00,9691.0,113.4,TRADE
NSW1,2026-08-25 19:40:00,9614.67,113.4,TRADE
NSW1,2026-08-25 19:45:00,9574.2,113.4,TRADE
NSW1,2026-08-25 19:50:00,9520.43,106.03,TRADE
NSW1,2026-08-25 19:55:00,9580.0,112.88,TRADE
NSW1,2026-08-25 20:00:00,9486.3,105.23,TRADE
NSW1,2026-08-25 20:05:00,9446.54,111.54,TRADE
NSW1,2026-08-25 20:10:00,9406.77,108.34,TRADE
NSW1,2026-08-25 20:15:00,9397.98,107.67,TRADE
NSW1,2026-08-25 20:20:00,9387.55,111.0,TRADE
NSW1,2026-08-25 20:25:00,9288.89,109.06,TRADE
NSW1,2026-08-25 20:30:00,9280.24,97.63,TRADE
NSW1,2026-08-25 20:35:00,9284.13,109.88,TRADE
NSW1,2026-08-25 20:40:00,9258.21,113.4,TRADE
NSW1,2026-08-25 20:45:00,9121.33,113.03,TRADE
NSW1,2026-08-25 20:50:00,9160.25,113.4,TRADE
NSW1,2026-08-25 20:55:00,9091.34,113.4,TRADE
NSW1,2026-08-25 21:00:00,9062.16,110.48,TRADE
NSW1,2026-08-25 21:05:00,9056.6,112.45,TRADE
NSW1,2026-08-25 21:10:00,8953.43,111.73,TRADE
NSW1,2026-08-25 21:15:00,9007.03,111.85,TRADE
NSW1,2026-08-25 21:20:00,8938.7,104.35,TRADE
NSW1,2026-08-25 21:25:00,8860.7,101.82,TRADE
NSW1,2026-08-25 21:30:00,8802.91,98.19,TRADE
NSW1,2026-08-25 21:35:00,8808.06,97.63,TRADE
NSW1,2026-08-25 21:40:00,8782.56,97.63,TRADE
NSW1,2026-08-25 21:45:00,8729.33,90.0,TRADE
NSW1,2026-08-25 21:50:00,8621.54,90.0,TRADE
NSW1,2026-08-25 21:55:00,8551.38,87.05,TRADE
NSW1,2026-08-25 22:00:00,8511.96,83.13,TRADE
NSW1,2026-08-25 22:05:00,8348.43,87.89,TRADE
NSW1,2026-08-25 22:10:00,8498.72,90.0,TRADE
NSW1,2026-08-25 22:15:00,8413.76,87.27,TRADE
NSW1,2026-08-25 22:20:00,8419.59,88.2,TRADE
NSW1,2026-08-25 22:25:00,8332.39,84.96,TRADE
NSW1,2026-08-25 22:30:00,8373.59,74.85,TRADE
NSW1,2026-08-25 22:35:00,8338.0,82.17,TRADE
NSW1,2026-08-25 22:40:00,8367.15,82.19,TRADE
NSW1,2026-08-25 22:45:00,8332.08,71.95,TRADE
NSW1,2026-08-25 22:50:00,8306.1,79.71,TRADE
NSW1,2026-08-25 22:55:00,8235.72,82.59,TRADE
NSW1,2026-08-25 23:00:00,8222.43,75.01,TRADE
NSW1,2026-08-25 23:05:00,8179.04,80.23,TRADE
NSW1,2026-08-25 23:10:00,8093.44,88.8,TRADE
NSW1,2026-08-25 23:15:00,8032.69,75.01,TRADE
NSW1,2026-08-25 23:20:00,8003.47,84.79,TRADE
NSW1,2026-08-25 23:25:00,8026.96,90.0,TRADE
NSW1,2026-08-25 23:30:00,8025.55,75.58,TRADE
NSW1,2026-08-25 23:35:00,7949.84,91.76,TRADE
NSW1,2026-08-25 23:40:00,7974.35,82.42,TRADE
NSW1,2026-08-25 23:45:00,7873.07,75.65,TRADE
NSW1,2026-08-25 23:50:00,7877.91,83.04,TRADE
NSW1,2026-08-25 23:55:00,7837.52,90.0,TRADE
NSW1,2026-08-26 00:00:00,7834.01,75.01,TRADE
NSW1,2026-08-26 00:05:00,7779.21,89.76,TRADE
NSW1,2026-08-26 00:10:00,7867.22,88.95,TRADE
NSW1,2026-08-26 00:15:00,7878.51,88.91,TRADE
NSW1,2026-08-26 00:20:00,7900.56,86.76,TRADE
NSW1,2026-08-26 00:25:00,7916.03,84.79,TRADE
NSW1,2026-08-26 00:30:00,7830.03,84.79,TRADE
NSW1,2026-08-26 00:35:00,7815.85,84.79,TRADE
NSW1,2026-08-26 00:40:00,7843.51,92.04,TRADE
NSW1,2026-08-26 00:45:00,7831.85,85.5,TRADE
NSW1,2026-08-26 00:50:00,7799.5,78.95,TRADE
NSW1,2026-08-26 00:55:00,7710.1,88.66,TRADE
NSW1,2026-08-26 01:00:00,7673.27,90.85,TRADE
NSW1,2026-08-26 01:05:00,7662.06,90.94,TRADE
NSW1,2026-08-26 01:10:00,7656.31,91.79,TRADE
NSW1,2026-08-26 01:15:00,7537.05,91.84,TRADE
NSW1,2026-08-26 01:20:00,7533.23,94.73,TRADE
NSW1,2026-08-26 01:25:00,7473.65,101.11,TRADE
NSW1,2026-08-26 01:30:00,7442.18,101.11,TRADE
NSW1,2026-08-26 01:35:00,7408.61,94.73,TRADE
NSW1,2026-08-26 01:40:00,7308.76,100.26,TRADE
NSW1,2026-08-26 01:45:00,7336.26,97.63,TRADE
NSW1,2026-08-26 01:50:00,7285.97,101.11,TRADE
NSW1,2026-08-26 01:55:00,7242.9,97.63,TRADE
NSW1,2026-08-26 02:00:00,7200.48,92.0,TRADE
NSW1,2026-08-26 02:05:00,7180.81,113.91,TRADE
NSW1,2026-08-26 02:10:00,7180.38,109.77,TRADE
NSW1,2026-08-26 02:15:00,7070.86,108.85,TRADE
NSW1,2026-08-26 02:20:00,7109.47,113.61,TRADE
NSW1,2026-08-26 02:25:00,7036.53,108.07,TRADE
NSW1,2026-08-26 02:30:00,6978.28,101.11,TRADE
NSW1,2026-08-26 02:35:00,7030.13,101.63,TRADE
NSW1,2026-08-26 02:40:00,6992.09,101.11,TRADE
NSW1,2026-08-26 02:45:00,6972.28,101.11,TRADE
NSW1,2026-08-26 02:50:00,6894.51,97.63,TRADE
NSW1,2026-08-26 02:55:00,6833.42,92.12,TRADE
NSW1,2026-08-26 03:00:00,6848.93,97.63,TRADE
NSW1,2026-08-26 03:05:00,6879.55,101.04,TRADE
NSW1,2026-08-26 03:10:00,6903.55,101.11,TRADE
NSW1,2026-08-26 03:15:00,6904.56,101.11,TRADE
NSW1,2026-08-26 03:20:00,6892.78,101.11,TRADE
NSW1,2026-08-26 03:25:00,6784.65,97.63,TRADE
NSW1,2026-08-26 03:30:00,6785.15,100.22,TRADE
NSW1,2026-08-26 03:35:00,6815.28,101.11,TRADE
NSW1,2026-08-26 03:40:00,6863.4,101.11,TRADE
NSW1,2026-08-26 03:45:00,6844.75,101.11,TRADE
NSW1,2026-08-26 03:50:00,6839.73,99.67,TRADE
NSW1,2026-08-26 03:55:00,6875.91,101.11,TRADE
NSW1,2026-08-26 04:00:00,6901.78,101.11,TRADE
NSW1,2026-08-26 04:05:00,6877.75,99.2,TRADE
NSW1,2026-08-26 04:10:00,6860.56,113.59,TRADE
NSW1,2026-08-26 04:15:00,6826.66,112.79,TRADE
NSW1,2026-08-26 04:20:00,6853.88,119.01,TRADE
NSW1,2026-08-26 04:25:00,6883.69,109.62,TRADE
NSW1,2026-08-26 04:30:00,6812.92,109.85,TRADE
NSW1,2026-08-26 04:35:00,6831.8,98.28,TRADE
NSW1,2026-08-26 04:40:00,6930.81,106.55,TRADE
NSW1,2026-08-26 04:45:00,6984.34,106.19,TRADE
NSW1,2026-08-26 04:50:00,6901.08,106.52,TRADE
NSW1,2026-08-26 04:55:00,7028.31,114.54,TRADE
NSW1,2026-08-26 05:00:00,7025.89,119.01,TRADE
NSW1,2026-08-26 05:05:00,7095.34,99.2,TRADE
NSW1,2026-08-26 05:10:00,7185.87,108.18,TRADE
NSW1,2026-08-26 05:15:00,7216.29,104.77,TRADE
NSW1,2026-08-26 05:20:00,7227.53,102.28,TRADE
NSW1,2026-08-26 05:25:00,7341.1,110.16,TRADE
NSW1,2026-08-26 05:30:00,7388.44,119.02,TRADE
NSW1,2026-08-26 05:35:00,7365.74,88.9,TRADE
NSW1,2026-08-26 05:40:00,7482.27,99.27,TRADE
NSW1,2026-08-26 05:45:00,7546.57,97.63,TRADE
NSW1,2026-08-26 05:50:00,7626.13,110.04,TRADE
NSW1,2026-08-26 05:55:00,7668.64,104.08,TRADE
NSW1,2026-08-26 06:00:00,7597.64,113.5,TRADE
NSW1,2026-08-26 06:05:00,7736.49,113.4,TRADE
NSW1,2026-08-26 06:10:00,7911.6,113.5,TRADE
NSW1,2026-08-26 06:15:00,8023.66,113.5,TRADE
NSW1,2026-08-26 06:20:00,8038.99,125.45,TRADE
NSW1,2026-08-26 06:25:00,8183.04,114.54,TRADE
NSW1,2026-08-26 06:30:00,8195.97,110.96,TRADE
NSW1,2026-08-26 06:35:00,8292.22,119.01,TRADE
NSW1,2026-08-26 06:40:00,8401.66,113.4,TRADE
NSW1,2026-08-26 06:45:00,8456.3,119.02,TRADE
NSW1,2026-08-26 06:50:00,8523.71,113.5,TRADE
NSW1,2026-08-26 06:55:00,8514.84,119.02,TRADE
NSW1,2026-08-26 07:00:00,8611.46,113.94,TRADE
NSW1,2026-08-26 07:05:00,8685.42,116.35,TRADE
NSW1,2026-08-26 07:10:00,8731.04,113.4,TRADE
NSW1,2026-08-26 07:15:00,8702.06,113.5,TRADE
NSW1,2026-08-26 07:20:00,8672.79,113.5,TRADE
NSW1,2026-08-26 07:25:00,8734.74,119.01,TRADE
NSW1,2026-08-26 07:30:00,8697.38,112.2,TRADE
NSW1,2026-08-26 07:35:00,8621.22,90.49,TRADE
NSW1,2026-08-26 07:40:00,8650.14,90.49,TRADE
NSW1,2026-08-26 07:45:00,8645.12,91.13,TRADE
NSW1,2026-08-26 07:50:00,8590.34,90.49,TRADE
NSW1,2026-08-26 07:55:00,8430.61,84.47,TRADE
NSW1,2026-08-26 08:00:00,8527.99,80.22,TRADE
NSW1,2026-08-26 08:05:00,8417.69,71.4,TRADE
NSW1,2026-08-26 08:10:00,8390.97,65.75,TRADE
NSW1,2026-08-26 08:15:00,8276.09,52.83,TRADE
NSW1,2026-08-26 08:20:00,8181.59,54.59,TRADE
NSW1,2026-08-26 08:25:00,8188.15,64.95,TRADE
NSW1,2026-08-26 08:30:00,8110.08,51.98,TRADE
NSW1,2026-08-26 08:35:00,8093.66,54.92,TRADE
NSW1,2026-08-26 08:40:00,7930.76,55.98,TRADE
NSW1,2026-08-26 08:45:00,7837.79,65.51,TRADE
NSW1,2026-08-26 08:50:00,7781.96,65.51,TRADE
NSW1,2026-08-26 08:55:00,7788.07,76.43,TRADE
NSW1,2026-08-26 09:00:00,7726.76,75.41,TRADE
NSW1,2026-08-26 09:05:00,7701.02,84.79,TRADE
NSW1,2026-08-26 09:10:00,7682.53,79.39,TRADE
NSW1,2026-08-26 09:15:00,7558.02,83.99,TRADE
NSW1,2026-08-26 09:20:00,7554.23,55.62,TRADE
NSW1,2026-08-26 09:25:00,7575.33,66.53,TRADE
NSW1,2026-08-26 09:30:00,7445.08,66.53,TRADE
NSW1,2026-08-26 09:35:00,7468.27,66.53,TRADE
NSW1,2026-08-26 09:40:00,7555.15,66.53,TRADE
NSW1,2026-08-26 09:45:00,7528.7,66.53,TRADE
NSW1,2026-08-26 09:50:00,7442.18,68.65,TRADE
NSW1,2026-08-26 09:55:00,7484.89,70.22,TRADE
NSW1,2026-08-26 10:00:00,7451.02,73.15,TRADE
NSW1,2026-08-26 10:05:00,7458.52,73.2,TRADE
NSW1,2026-08-26 10:10:00,7643.6,90.01,TRADE
NSW1,2026-08-26 10:15:00,7595.77,73.15,TRADE
NSW1,2026-08-26 10:20:00,7601.55,73.2,TRADE
NSW1,2026-08-26 10:25:00,7527.54,66.53,TRADE
NSW1,2026-08-26 10:30:00,7446.83,73.2,TRADE
NSW1,2026-08-26 10:35:00,7437.04,70.37,TRADE
NSW1,2026-08-26 10:40:00,7419.39,73.15,TRADE
NSW1,2026-08-26 10:45:00,7398.0,83.99,TRADE
NSW1,2026-08-26 10:50:00,7455.71,77.64,TRADE
NSW1,2026-08-26 10:55:00,7496.7,88.9,TRADE
NSW1,2026-08-26 11:00:00,7419.64,83.39,TRADE
NSW1,2026-08-26 11:05:00,7542.26,73.2,TRADE
NSW1,2026-08-26 11:10:00,7731.58,91.92,TRADE
NSW1,2026-08-26 11:15:00,7756.91,93.83,TRADE
NSW1,2026-08-26 11:20:00,7780.54,85.67,TRADE
NSW1,2026-08-26 11:25:00,7728.34,74.2,TRADE
NSW1,2026-08-26 11:30:00,7797.21,88.27,TRADE
NSW1,2026-08-26 11:35:00,7831.03,88.9,TRADE
NSW1,2026-08-26 11:40:00,7949.01,99.01,TRADE
NSW1,2026-08-26 11:45:00,7942.27,99.01,TRADE
NSW1,2026-08-26 11:50:00,8038.18,99.83,TRADE
NSW1,2026-08-26 11:55:00,8045.21,99.01,TRADE
NSW1,2026-08-26 12:00:00,8048.26,99.01,TRADE
NSW1,2026-08-26 12:05:00,8065.0,99.01,TRADE
NSW1,2026-08-26 12:10:00,8089.95,99.01,TRADE
NSW1,2026-08-26 12:15:00,8110.47,99.01,TRADE
NSW1,2026-08-26 12:20:00,8009.26,88.9,TRADE
NSW1,2026-08-26 12:25:00,7925.71,88.9,TRADE
NSW1,2026-08-26 12:30:00,7872.8,88.9,TRADE
NSW1,2026-08-26 12:35:00,7884.02,97.63,TRADE
NSW1,2026-08-26 12:40:00,7898.93,99.01,TRADE
NSW1,2026-08-26 12:45:00,7781.53,88.9,TRADE
NSW1,2026-08-26 12:50:00,7854.89,99.01,TRADE
NSW1,2026-08-26 12:55:00,7840.29,88.9,TRADE
NSW1,2026-08-26 13:00:00,7855.94,99.01,TRADE
NSW1,2026-08-26 13:05:00,7810.86,88.9,TRADE
NSW1,2026-08-26 13:10:00,7692.45,88.9,TRADE
NSW1,2026-08-26 13:15:00,7596.99,88.9,TRADE
NSW1,2026-08-26 13:20:00,7564.52,88.9,TRADE
NSW1,2026-08-26 13:25:00,7553.19,88.9,TRADE
NSW1,2026-08-26 13:30:00,7549.1,88.9,TRADE
NSW1,2026-08-26 13:35:00,7491.9,88.9,TRADE
NSW1,2026-08-26 13:40:00,7495.49,88.9,TRADE
NSW1,2026-08-26 13:45:00,7485.15,88.9,TRADE
NSW1,2026-08-26 13:50:00,7512.42,88.9,TRADE
NSW1,2026-08-26 13:55:00,7500.54,88.9,TRADE
NSW1,2026-08-26 14:00:00,7398.81,88.78,TRADE
NSW1,2026-08-26 14:05:00,7261.98,73.29,TRADE
NSW1,2026-08-26 14:10:00,7263.11,73.3,TRADE
NSW1,2026-08-26 14:15:00,7282.78,88.9,TRADE
NSW1,2026-08-26 14:20:00,7171.75,84.79,TRADE
NSW1,2026-08-26 14:25:00,7092.06,84.79,TRADE
NSW1,2026-08-26 14:30:00,7106.5,31.71,TRADE
NSW1,2026-08-26 14:35:00,7211.51,42.8,TRADE
NSW1,2026-08-26 14:40:00,7154.13,45.67,TRADE
NSW1,2026-08-26 14:45:00,7059.4,28.95,TRADE
NSW1,2026-08-26 14:50:00,7045.05,31.46,TRADE
NSW1,2026-08-26 14:55:00,7042.85,45.8,TRADE
NSW1,2026-08-26 15:00:00,7009.92,73.3,TRADE
NSW1,2026-08-26 15:05:00,7001.26,0.0,TRADE
NSW1,2026-08-26 15:10:00,7143.17,-0.95,TRADE
NSW1,2026-08-26 15:15:00,7145.43,-2.0,TRADE
NSW1,2026-08-26 15:20:00,7251.6,10.86,TRADE
NSW1,2026-08-26 15:25:00,7281.5,13.15,TRADE
NSW1,2026-08-26 15:30:00,7296.6,7.84,TRADE
NSW1,2026-08-26 15:35:00,7439.36,0.0,TRADE
NSW1,2026-08-26 15:40:00,7432.09,0.0,TRADE
NSW1,2026-08-26 15:45:00,7599.24,23.99,TRADE
NSW1,2026-08-26 15:50:00,7669.89,28.95,TRADE
NSW1,2026-08-26 15:55:00,7719.69,40.34,TRADE
NSW1,2026-08-26 16:00:00,7880.29,42.8,TRADE
NSW1,2026-08-26 16:05:00,7935.39,58.68,TRADE
NSW1,2026-08-26 16:10:00,8076.31,73.15,TRADE
NSW1,2026-08-26 16:15:00,8031.08,72.76,TRADE
NSW1,2026-08-26 16:20:00,8105.32,59.73,TRADE
NSW1,2026-08-26 16:25:00,8189.71,68.02,TRADE
NSW1,2026-08-26 16:30:00,8236.28,86.53,TRADE
NSW1,2026-08-26 16:35:00,8306.66,75.01,TRADE
NSW1,2026-08-26 16:40:00,8331.31,82.45,TRADE
NSW1,2026-08-26 16:45:00,8411.21,90.0,TRADE
NSW1,2026-08-26 16:50:00,8506.6,94.71,TRADE
NSW1,2026-08-26 16:55:00,8609.12,108.31,TRADE
NSW1,2026-08-26 17:00:00,8656.68,114.66,TRADE
NSW1,2026-08-26 17:05:00,8840.56,96.98,TRADE
NSW1,2026-08-26 17:10:00,8819.65,107.43,TRADE
NSW1,2026-08-26 17:15:00,9019.5,115.85,TRADE
NSW1,2026-08-26 17:20:00,9054.27,137.01,TRADE
NSW1,2026-08-26 17:25:00,9124.28,135.83,TRADE
NSW1,2026-08-26 17:30:00,9152.53,132.24,TRADE
NSW1,2026-08-26 17:35:00,9244.87,113.4,TRADE
NSW1,2026-08-26 17:40:00,9396.39,113.4,TRADE
NSW1,2026-08-26 17:45:00,9554.98,130.01,TRADE
NSW1,2026-08-26 17:50:00,9564.02,130.01,TRADE
NSW1,2026-08-26 17:55:00,9720.7,137.44,TRADE
NSW1,2026-08-26 18:00:00,9675.1,121.39,TRADE
NSW1,2026-08-26 18:05:00,9765.6,118.22,TRADE
NSW1,2026-08-26 18:10:00,9734.05,116.24,TRADE
NSW1,2026-08-26 18:15:00,9760.29,161.22,TRADE
NSW1,2026-08-26 18:20:00,9528.2,119.02,TRADE
NSW1,2026-08-26 18:25:00,9662.84,113.4,TRADE
NSW1,2026-08-26 18:30:00,9739.98,142.9,TRADE
NSW1,2026-08-26 18:35:00,9611.32,139.16,TRADE
NSW1,2026-08-26 18:40:00,9597.02,117.53,TRADE
NSW1,2026-08-26 18:45:00,9585.14,113.4,TRADE
NSW1,2026-08-26 18:50:00,9638.6,138.37,TRADE
NSW1,2026-08-26 18:55:00,9596.08,113.4,TRADE
NSW1,2026-08-26 19:00:00,9556.85,116.02,TRADE
NSW1,2026-08-26 19:05:00,9631.33,129.71,TRADE
NSW1,2026-08-26 19:10:00,9459.05,120.12,TRADE
NSW1,2026-08-26 19:15:00,9391.83,113.4,TRADE
NSW1,2026-08-26 19:20:00,9468.69,120.12,TRADE
NSW1,2026-08-26 19:25:00,9473.7,113.4,TRADE
NSW1,2026-08-26 19:30:00,9489.71,119.02,TRADE
NSW1,2026-08-26 19:35:00,9385.5,113.4,TRADE
NSW1,2026-08-26 19:40:00,9347.0,113.4,TRADE
NSW1,2026-08-26 19:45:00,9372.56,115.64,TRADE
NSW1,2026-08-26 19:50:00,9401.81,119.02,TRADE
NSW1,2026-08-26 19:55:00,9399.69,128.44,TRADE
NSW1,2026-08-26 20:00:00,9297.87,119.02,TRADE
NSW1,2026-08-26 20:05:00,9184.5,113.4,TRADE
NSW1,2026-08-26 20:10:00,9224.12,130.01,TRADE
NSW1,2026-08-26 20:15:00,9231.66,119.53,TRADE
NSW1,2026-08-26 20:20:00,9250.0,113.4,TRADE
NSW1,2026-08-26 20:25:00,9189.99,121.1,TRADE
NSW1,2026-08-26 20:30:00,9230.98,121.1,TRADE
NSW1,2026-08-26 20:35:00,9167.57,121.1,TRADE
NSW1,2026-08-26 20:40:00,9157.44,113.4,TRADE
NSW1,2026-08-26 20:45:00,9145.54,124.34,TRADE
NSW1,2026-08-26 20:50:00,9086.02,130.03,TRADE
NSW1,2026-08-26 20:55:00,8933.87,130.01,TRADE
NSW1,2026-08-26 21:00:00,8824.82,119.02,TRADE
NSW1,2026-08-26 21:05:00,8958.76,130.01,TRADE
NSW1,2026-08-26 21:10:00,8869.8,130.01,TRADE
NSW1,2026-08-26 21:15:00,8781.73,115.23,TRADE
NSW1,2026-08-26 21:20:00,8775.76,121.1,TRADE
NSW1,2026-08-26 21:25:00,8848.13,132.45,TRADE
NSW1,2026-08-26 21:30:00,8790.7,130.64,TRADE
NSW1,2026-08-26 21:35:00,8697.57,130.01,TRADE
NSW1,2026-08-26 21:40:00,8750.77,130.01,TRADE
NSW1,2026-08-26 21:45:00,8596.87,135.96,TRADE
NSW1,2026-08-26 21:50:00,8531.43,135.09,TRADE
NSW1,2026-08-26 21:55:00,8487.06,120.0,TRADE
NSW1,2026-08-26 22:00:00,8486.91,136.94,TRADE
NSW1,2026-08-26 22:05:00,8325.88,121.1,TRADE
NSW1,2026-08-26 22:10:00,8505.46,121.1,TRADE
NSW1,2026-08-26 22:15:00,8533.52,142.9,TRADE
NSW1,2026-08-26 22:20:00,8433.39,142.9,TRADE
NSW1,2026-08-26 22:25:00,8406.84,142.9,TRADE
NSW1,2026-08-26 22:30:00,8311.62,137.5,TRADE
NSW1,2026-08-26 22:35:00,8305.37,146.0,TRADE
NSW1,2026-08-26 22:40:00,8260.85,139.36,TRADE
NSW1,2026-08-26 22:45:00,8292.42,146.0,TRADE
NSW1,2026-08-26 22:50:00,8248.63,146.0,TRADE
NSW1,2026-08-26 22:55:00,8187.14,146.0,TRADE
NSW1,2026-08-26 23:00:00,8118.52,134.19,TRADE
NSW1,2026-08-26 23:05:00,8193.45,146.0,TRADE
NSW1,2026-08-26 23:10:00,8120.77,142.9,TRADE
NSW1,2026-08-26 23:15:00,8126.42,146.0,TRADE
NSW1,2026-08-26 23:20:00,8092.69,130.01,TRADE
NSW1,2026-08-26 23:25:00,8084.22,134.86,TRADE
NSW1,2026-08-26 23:30:00,7987.11,135.32,TRADE
NSW1,2026-08-26 23:35:00,7984.27,142.9,TRADE
NSW1,2026-08-26 23:40:00,7952.06,142.9,TRADE
NSW1,2026-08-26 23:45:00,7946.58,124.54,TRADE
NSW1,2026-08-26 23:50:00,7924.16,126.59,TRADE
NSW1,2026-08-26 23:55:00,7888.12,125.7,TRADE
NSW1,2026-08-27 00:00:00,7849.26,123.7,TRADE
NSW1,2026-08-27 00:05:00,7889.11,134.86,TRADE
NSW1,2026-08-27 00:10:00,7962.98,136.62,TRADE
NSW1,2026-08-27 00:15:00,8017.53,134.86,TRADE
NSW1,2026-08-27 00:20:00,7930.89,124.63,TRADE
NSW1,2026-08-27 00:25:00,7949.42,125.65,TRADE
NSW1,2026-08-27 00:30:00,7867.12,123.67,TRADE
NSW1,2026-08-27 00:35:00,7911.13,123.82,TRADE
NSW1,2026-08-27 00:40:00,7796.92,134.86,TRADE
NSW1,2026-08-27 00:45:00,7804.56,124.69,TRADE
NSW1,2026-08-27 00:50:00,7782.71,134.86,TRADE
NSW1,2026-08-27 00:55:00,7692.72,122.64,TRADE
NSW1,2026-08-27 01:00:00,7729.39,125.51,TRADE
NSW1,2026-08-27 01:05:00,7694.76,129.99,TRADE
NSW1,2026-08-27 01:10:00,7640.71,154.43,TRADE
NSW1,2026-08-27 01:15:00,7564.37,125.56,TRADE
NSW1,2026-08-27 01:20:00,7639.89,130.01,TRADE
NSW1,2026-08-27 01:25:00,7570.44,146.0,TRADE
NSW1,2026-08-27 01:30:00,7395.77,118.1,TRADE
NSW1,2026-08-27 01:35:00,7444.48,124.35,TRADE
NSW1,2026-08-27 01:40:00,7438.32,146.0,TRADE
NSW1,2026-08-27 01:45:00,7394.2,146.0,TRADE
NSW1,2026-08-27 01:50:00,7407.41,125.96,TRADE
NSW1,2026-08-27 01:55:00,7320.65,124.35,TRADE
NSW1,2026-08-27 02:00:00,7280.67,130.01,TRADE
NSW1,2026-08-27 02:05:00,7232.65,134.86,TRADE
NSW1,2026-08-27 02:10:00,7254.17,134.86,TRADE
NSW1,2026-08-27 02:15:00,7272.22,134.86,TRADE
NSW1,2026-08-27 02:20:00,7235.96,134.86,TRADE
NSW1,2026-08-27 02:25:00,7233.39,134.86,TRADE
NSW1,2026-08-27 02:30:00,7185.63,124.35,TRADE
NSW1,2026-08-27 02:35:00,7197.83,134.86,TRADE
NSW1,2026-08-27 02:40:00,7176.74,134.86,TRADE
NSW1,2026-08-27 02:45:00,7177.67,134.86,TRADE
NSW1,2026-08-27 02:50:00,7072.67,134.86,TRADE
NSW1,2026-08-27 02:55:00,7032.53,124.35,TRADE
NSW1,2026-08-27 03:00:00,7028.42,127.23,TRADE
NSW1,2026-08-27 03:05:00,7065.32,127.25,TRADE
NSW1,2026-08-27 03:10:00,7019.43,124.35,TRADE
NSW1,2026-08-27 03:15:00,7106.41,151.37,TRADE
NSW1,2026-08-27 03:20:00,7074.01,137.07,TRADE
NSW1,2026-08-27 03:25:00,7037.75,134.86,TRADE
NSW1,2026-08-27 03:30:00,7065.22,149.16,TRADE
NSW1,2026-08-27 03:35:00,7054.39,134.86,TRADE
NSW1,2026-08-27 03:40:00,7090.91,138.15,TRADE
NSW1,2026-08-27 03:45:00,7070.44,134.86,TRADE
NSW1,2026-08-27 03:50:00,7116.37,129.71,TRADE
NSW1,2026-08-27 03:55:00,7086.33,137.06,TRADE
NSW1,2026-08-27 04:00:00,7053.72,134.86,TRADE
NSW1,2026-08-27 04:05:00,7090.49,137.05,TRADE
NSW1,2026-08-27 04:10:00,7093.39,134.86,TRADE
NSW1,2026-08-27 04:15:00,7164.59,140.55,TRADE
NSW1,2026-08-27 04:20:00,7144.7,138.31,TRADE
NSW1,2026-08-27 04:25:00,7153.76,137.33,TRADE
NSW1,2026-08-27 04:30:00,7170.98,135.96,TRADE
NSW1,2026-08-27 04:35:00,7079.01,137.02,TRADE
NSW1,2026-08-27 04:40:00,7196.09,139.75,TRADE
NSW1,2026-08-27 04:45:00,7186.86,150.28,TRADE
NSW1,2026-08-27 04:50:00,7190.42,152.47,TRADE
NSW1,2026-08-27 04:55:00,7195.28,153.28,TRADE
NSW1,2026-08-27 05:00:00,7279.91,153.73,TRADE
NSW1,2026-08-27 05:05:00,7311.41,156.23,TRADE
NSW1,2026-08-27 05:10:00,7333.83,154.91,TRADE
NSW1,2026-08-27 05:15:00,7413.15,174.59,TRADE
NSW1,2026-08-27 05:20:00,7468.58,174.59,TRADE
NSW1,2026-08-27 05:25:00,7596.07,174.59,TRADE
NSW1,2026-08-27 05:30:00,7612.41,230.59,TRADE
NSW1,2026-08-27 05:35:00,7516.82,230.59,TRADE
NSW1,2026-08-27 05:40:00,7560.13,230.59,TRADE
NSW1,2026-08-27 05:45:00,7641.25,197.78,TRADE
NSW1,2026-08-27 05:50:00,7722.79,200.14,TRADE
NSW1,2026-08-27 05:55:00,7767.06,207.38,TRADE
NSW1,2026-08-27 06:00:00,7830.51,255.64,TRADE
NSW1,2026-08-27 06:05:00,7903.38,228.51,TRADE
NSW1,2026-08-27 06:10:00,8039.39,267.96,TRADE
NSW1,2026-08-27 06:15:00,8108.66,241.03,TRADE
NSW1,2026-08-27 06:20:00,8240.49,299.98,TRADE
NSW1,2026-08-27 06:25:00,8281.84,274.02,TRADE
NSW1,2026-08-27 06:30:00,8353.35,299.99,TRADE
NSW1,2026-08-27 06:35:00,8490.12,299.98,TRADE
NSW1,2026-08-27 06:40:00,8582.96,299.98,TRADE
NSW1,2026-08-27 06:45:00,8705.78,299.98,TRADE
NSW1,2026-08-27 06:50:00,8728.8,237.24,TRADE
NSW1,2026-08-27 06:55:00,8758.96,248.66,TRADE
NSW1,2026-08-27 07:00:00,8710.02,282.82,TRADE
NSW1,2026-08-27 07:05:00,8735.04,187.82,TRADE
NSW1,2026-08-27 07:10:00,8836.64,163.63,TRADE
NSW1,2026-08-27 07:15:00,8824.3,142.9,TRADE
NSW1,2026-08-27 07:20:00,8825.13,129.88,TRADE
NSW1,2026-08-27 07:25:00,8827.15,99.01,TRADE
NSW1,2026-08-27 07:30:00,8759.64,70.1,TRADE
NSW1,2026-08-27 07:35:00,8786.64,51.15,TRADE
NSW1,2026-08-27 07:40:00,8806.27,64.79,TRADE
NSW1,2026-08-27 07:45:00,8783.0,46.65,TRADE
NSW1,2026-08-27 07:50:00,8675.18,46.65,TRADE
NSW1,2026-08-27 07:55:00,8727.03,64.69,TRADE
NSW1,2026-08-27 08:00:00,8648.76,64.69,TRADE
NSW1,2026-08-27 08:05:00,8529.37,46.65,TRADE
NSW1,2026-08-27 08:10:00,8585.31,46.65,TRADE
NSW1,2026-08-27 08:15:00,8558.54,46.65,TRADE
NSW1,2026-08-27 08:20:00,8418.77,46.65,TRADE
NSW1,2026-08-27 08:25:00,8400.69,46.65,TRADE
NSW1,2026-08-27 08:30:00,8344.73,46.65,TRADE
NSW1,2026-08-27 08:35:00,8142.28,60.5,TRADE
NSW1,2026-08-27 08:40:00,8125.67,46.65,TRADE
NSW1,2026-08-27 08:45:00,8087.07,46.65,TRADE
NSW1,2026-08-27 08:50:00,8028.0,46.65,TRADE
NSW1,2026-08-27 08:55:00,7895.66,66.5,TRADE
NSW1,2026-08-27 09:00:00,7865.6,40.31,TRADE
NSW1,2026-08-27 09:05:00,7725.29,52.92,TRADE
NSW1,2026-08-27 09:10:00,7669.75,66.53,TRADE
NSW1,2026-08-27 09:15:00,7627.55,52.92,TRADE
NSW1,2026-08-27 09:20:00,7605.57,66.53,TRADE
NSW1,2026-08-27 09:25:00,7582.87,66.53,TRADE
NSW1,2026-08-27 09:30:00,7516.28,52.92,TRADE
NSW1,2026-08-27 09:35:00,7357.05,65.03,TRADE
NSW1,2026-08-27 09:40:00,7411.47,66.53,TRADE
NSW1,2026-08-27 09:45:00,7345.68,66.53,TRADE
NSW1,2026-08-27 09:50:00,7374.62,66.53,TRADE
NSW1,2026-08-27 09:55:00,7278.95,66.53,TRADE
NSW1,2026-08-27 10:00:00,7184.61,66.53,TRADE
NSW1,2026-08-27 10:05:00,7081.94,66.53,TRADE
NSW1,2026-08-27 10:10:00,7250.05,71.4,TRADE
NSW1,2026-08-27 10:15:00,7150.77,52.92,TRADE
NSW1,2026-08-27 10:20:00,7069.52,52.92,TRADE
NSW1,2026-08-27 10:25:00,7027.7,52.92,TRADE
NSW1,2026-08-27 10:30:00,6974.3,52.92,TRADE
NSW1,2026-08-27 10:35:00,6974.85,66.53,TRADE
NSW1,2026-08-27 10:40:00,6926.91,66.53,TRADE
NSW1,2026-08-27 10:45:00,6900.66,66.53,TRADE
NSW1,2026-08-27 10:50:00,6760.09,52.92,TRADE
NSW1,2026-08-27 10:55:00,6680.27,52.92,TRADE
NSW1,2026-08-27 11:00:00,6685.31,52.92,TRADE
NSW1,2026-08-27 11:05:00,6677.26,52.92,TRADE
NSW1,2026-08-27 11:10:00,6878.19,66.84,TRADE
NSW1,2026-08-27 11:15:00,6756.48,64.95,TRADE
NSW1,2026-08-27 11:20:00,6725.79,66.53,TRADE
NSW1,2026-08-27 11:25:00,6779.13,66.53,TRADE
NSW1,2026-08-27 11:30:00,6683.22,52.92,TRADE
NSW1,2026-08-27 11:35:00,6692.66,52.92,TRADE
NSW1,2026-08-27 11:40:00,6670.43,42.67,TRADE
NSW1,2026-08-27 11:45:00,6602.36,44.76,TRADE
NSW1,2026-08-27 11:50:00,6537.17,52.92,TRADE
NSW1,2026-08-27 11:55:00,6565.37,52.92,TRADE
NSW1,2026-08-27 12:00:00,6514.55,42.08,TRADE
NSW1,2026-08-27 12:05:00,6507.21,52.92,TRADE
NSW1,2026-08-27 12:10:00,6449.23,46.48,TRADE
NSW1,2026-08-27 12:15:00,6400.33,52.92,TRADE
NSW1,2026-08-27 12:20:00,6433.6,66.53,TRADE
NSW1,2026-08-27 12:25:00,6406.96,84.79,TRADE
NSW1,2026-08-27 12:30:00,6327.55,99.2,TRADE
NSW1,2026-08-27 12:35:00,6284.85,73.3,TRADE
NSW1,2026-08-27 12:40:00,6208.27,66.53,TRADE
NSW1,2026-08-27 12:45:00,6152.58,66.53,TRADE
NSW1,2026-08-27 12:50:00,6330.56,73.3,TRADE
NSW1,2026-08-27 12:55:00,6327.79,52.92,TRADE
NSW1,2026-08-27 13:00:00,6250.34,28.62,TRADE
NSW1,2026-08-27 13:05:00,6407.72,66.53,TRADE
NSW1,2026-08-27 13:10:00,6354.89,83.99,TRADE
NSW1,2026-08-27 13:15:00,6192.22,33.83,TRADE
NSW1,2026-08-27 13:20:00,6237.26,13.3,TRADE
NSW1,2026-08-27 13:25:00,6280.11,24.66,TRADE
NSW1,2026-08-27 13:30:00,6169.36,26.33,TRADE
NSW1,2026-08-27 13:35:00,5954.94,13.3,TRADE
NSW1,2026-08-27 13:40:00,5943.47,25.75,TRADE
NSW1,2026-08-27 13:45:00,5967.89,29.07,TRADE
NSW1,2026-08-27 13:50:00,5855.32,20.93,TRADE
NSW1,2026-08-27 13:55:00,6077.03,27.87,TRADE
NSW1,2026-08-27 14:00:00,5922.46,26.04,TRADE
NSW1,2026-08-27 14:05:00,5912.27,23.99,TRADE
NSW1,2026-08-27 14:10:00,5946.43,25.76,TRADE
NSW1,2026-08-27 14:15:00,5905.13,21.32,TRADE
NSW1,2026-08-27 14:20:00,5923.11,13.3,TRADE
NSW1,2026-08-27 14:25:00,5913.73,9.95,TRADE
NSW1,2026-08-27 14:30:00,5969.08,11.16,TRADE
NSW1,2026-08-27 14:35:00,5975.79,13.3,TRADE
NSW1,2026-08-27 14:40:00,6061.05,23.42,TRADE
NSW1,2026-08-27 14:45:00,6090.13,23.99,TRADE
NSW1,2026-08-27 14:50:00,6094.14,13.3,TRADE
NSW1,2026-08-27 14:55:00,6170.36,21.78,TRADE
NSW1,2026-08-27 15:00:00,6136.66,52.92,TRADE
NSW1,2026-08-27 15:05:00,6273.61,22.13,TRADE
NSW1,2026-08-27 15:10:00,6334.96,-1.2,TRADE
NSW1,2026-08-27 15:15:00,6502.15,0.0,TRADE
NSW1,2026-08-27 15:20:00,6555.32,0.0,TRADE
NSW1,2026-08-27 15:25:00,6620.44,23.21,TRADE
NSW1,2026-08-27 15:30:00,6733.63,23.99,TRADE
NSW1,2026-08-27 15:35:00,6777.91,10.98,TRADE
NSW1,2026-08-27 15:40:00,6887.15,10.98,TRADE
NSW1,2026-08-27 15:45:00,6890.34,27.46,TRADE
NSW1,2026-08-27 15:50:00,6966.51,28.95,TRADE
NSW1,2026-08-27 15:55:00,7150.53,28.95,TRADE
NSW1,2026-08-27 16:00:00,7196.76,41.67,TRADE
NSW1,2026-08-27 16:05:00,7310.78,25.89,TRADE
NSW1,2026-08-27 16:10:00,7477.23,42.08,TRADE
NSW1,2026-08-27 16:15:00,7538.37,50.72,TRADE
NSW1,2026-08-27 16:20:00,7571.09,61.02,TRADE
NSW1,2026-08-27 16:25:00,7732.34,88.82,TRADE
NSW1,2026-08-27 16:30:00,7935.21,110.16,TRADE
NSW1,2026-08-27 16:35:00,8049.87,82.89,TRADE
NSW1,2026-08-27 16:40:00,8128.9,90.0,TRADE
NSW1,2026-08-27 16:45:00,8276.95,127.54,TRADE
NSW1,2026-08-27 16:50:00,8416.31,142.9,TRADE
NSW1,2026-08-27 16:55:00,8452.86,142.9,TRADE
NSW1,2026-08-27 17:00:00,8534.12,146.48,TRADE
NSW1,2026-08-27 17:05:00,8574.93,148.72,TRADE
NSW1,2026-08-27 17:10:00,8545.36,115.74,TRADE
NSW1,2026-08-27 17:15:00,8743.1,130.01,TRADE
NSW1,2026-08-27 17:20:00,8909.46,169.25,TRADE
NSW1,2026-08-27 17:25:00,8863.23,173.13,TRADE
NSW1,2026-08-27 17:30:00,8877.19,156.96,TRADE
NSW1,2026-08-27 17:35:00,8993.79,142.9,TRADE
NSW1,2026-08-27 17:40:00,9234.31,143.99,TRADE
NSW1,2026-08-27 17:45:00,9343.65,169.25,TRADE
NSW1,2026-08-27 17:50:00,9376.45,169.25,TRADE
NSW1,2026-08-27 17:55:00,9400.87,164.01,TRADE
NSW1,2026-08-27 18:00:00,9438.95,170.49,TRADE
NSW1,2026-08-27 18:05:00,9499.66,142.9,TRADE
NSW1,2026-08-27 18:10:00,9581.27,142.9,TRADE
NSW1,2026-08-27 18:15:00,9497.94,164.01,TRADE
NSW1,2026-08-27 18:20:00,9412.55,142.9,TRADE
NSW1,2026-08-27 18:25:00,9567.47,152.29,TRADE
NSW1,2026-08-27 18:30:00,9456.6,142.9,TRADE
NSW1,2026-08-27 18:35:00,9535.55,138.93,TRADE
NSW1,2026-08-27 18:40:00,9510.16,142.9,TRADE
NSW1,2026-08-27 18:45:00,9570.45,134.86,TRADE
NSW1,2026-08-27 18:50:00,9669.12,135.91,TRADE
NSW1,2026-08-27 18:55:00,9671.54,125.63,TRADE
NSW1,2026-08-27 19:00:00,9604.97,142.9,TRADE
NSW1,2026-08-27 19:05:00,9420.38,127.63,TRADE
NSW1,2026-08-27 19:10:00,9602.82,122.86,TRADE
NSW1,2026-08-27 19:15:00,9581.29,122.86,TRADE
NSW1,2026-08-27 19:20:00,9475.05,131.65,TRADE
NSW1,2026-08-27 19:25:00,9480.58,129.88,TRADE
NSW1,2026-08-27 19:30:00,9497.28,122.86,TRADE
NSW1,2026-08-27 19:35:00,9502.72,122.86,TRADE
NSW1,2026-08-27 19:40:00,9495.62,121.1,TRADE
NSW1,2026-08-27 19:45:00,9495.22,120.02,TRADE
NSW1,2026-08-27 19:50:00,9452.31,128.76,TRADE
NSW1,2026-08-27 19:55:00,9410.22,129.99,TRADE
NSW1,2026-08-27 20:00:00,9407.2,119.01,TRADE
NSW1,2026-08-27 20:05:00,9432.34,121.13,TRADE
NSW1,2026-08-27 20:10:00,9456.5,121.1,TRADE
NSW1,2026-08-27 20:15:00,9315.79,121.1,TRADE
NSW1,2026-08-27 20:20:00,9283.13,130.01,TRADE
NSW1,2026-08-27 20:25:00,9186.96,130.01,TRADE
NSW1,2026-08-27 20:30:00,9202.81,122.86,TRADE
NSW1,2026-08-27 20:35:00,9260.94,121.1,TRADE
NSW1,2026-08-27 20:40:00,9279.16,122.13,TRADE
NSW1,2026-08-27 20:45:00,9184.17,121.1,TRADE
NSW1,2026-08-27 20:50:00,9184.67,122.86,TRADE
NSW1,2026-08-27 20:55:00,9280.58,137.83,TRADE
NSW1,2026-08-27 21:00:00,9082.56,118.94,TRADE
NSW1,2026-08-27 21:05:00,9082.3,118.5,TRADE
NSW1,2026-08-27 21:10:00,9148.83,116.34,TRADE
NSW1,2026-08-27 21:15:00,9090.36,121.1,TRADE
NSW1,2026-08-27 21:20:00,9023.37,136.73,TRADE
NSW1,2026-08-27 21:25:00,8998.89,136.39,TRADE
NSW1,2026-08-27 21:30:00,8934.51,134.86,TRADE
NSW1,2026-08-27 21:35:00,8909.8,136.81,TRADE
NSW1,2026-08-27 21:40:00,8877.28,132.55,TRADE
NSW1,2026-08-27 21:45:00,8919.51,158.15,TRADE
NSW1,2026-08-27 21:50:00,8733.35,154.65,TRADE
NSW1,2026-08-27 21:55:00,8802.38,169.25,TRADE
NSW1,2026-08-27 22:00:00,8741.5,149.34,TRADE
NSW1,2026-08-27 22:05:00,8670.46,199.74,TRADE
NSW1,2026-08-27 22:10:00,8700.05,174.59,TRADE
NSW1,2026-08-27 22:15:00,8713.12,197.19,TRADE
NSW1,2026-08-27 22:20:00,8605.97,202.4,TRADE
NSW1,2026-08-27 22:25:00,8550.64,202.15,TRADE
NSW1,2026-08-27 22:30:00,8487.13,163.8,TRADE
NSW1,2026-08-27 22:35:00,8496.9,174.59,TRADE
NSW1,2026-08-27 22:40:00,8467.07,164.01,TRADE
NSW1,2026-08-27 22:45:00,8413.95,163.35,TRADE
NSW1,2026-08-27 22:50:00,8339.05,159.46,TRADE
NSW1,2026-08-27 22:55:00,8351.31,161.88,TRADE
NSW1,2026-08-27 23:00:00,8324.71,146.89,TRADE
NSW1,2026-08-27 23:05:00,8293.75,157.99,TRADE
NSW1,2026-08-27 23:10:00,8214.03,145.99,TRADE
NSW1,2026-08-27 23:15:00,8232.91,147.94,TRADE
NSW1,2026-08-27 23:20:00,8216.43,145.99,TRADE
NSW1,2026-08-27 23:25:00,8185.24,128.29,TRADE
NSW1,2026-08-27 23:30:00,8222.73,161.37,TRADE
NSW1,2026-08-27 23:35:00,8042.9,149.4,TRADE
NSW1,2026-08-27 23:40:00,7996.01,155.33,TRADE
NSW1,2026-08-27 23:45:00,8052.26,128.91,TRADE
NSW1,2026-08-27 23:50:00,8048.59,143.44,TRADE
NSW1,2026-08-27 23:55:00,7959.24,134.86,TRADE
NSW1,2026-08-28 00:00:00,7973.91,134.86,TRADE
